Record ID,Date,Region,District,Service Type,Role Type,Tenure Band,Fleet Age,Route Cost Per Ton,Stops Per Route,Fleet Utilization Rate,Voluntary Turnover Rate,Safety Incident Rate,Avg Driver Tenure Years,Truck Count,Tons Collected,Revenue
WC-000001_202408,2024-08-01,Western,Pacific Northwest,Residential,Driver,2-5 Years,Mid-Life (3-5yr),43.61,330.0,0.9019,0.0173,1.76,3.6,17,443.0,24007.0
WC-000002_202408,2024-08-01,Western,Pacific Northwest,Commercial,Driver,1-2 Years,Aging (6-8yr),51.21,109.0,0.8658,0.0292,2.58,4.5,8,68.0,4559.0
WC-000003_202408,2024-08-01,Western,Pacific Northwest,Industrial,Operator,2-5 Years,New (0-2yr),49.6,29.0,0.9531,0.0163,1.76,3.6,2,10.0,500.0
WC-000004_202408,2024-08-01,Western,Pacific Northwest,E&P,Driver,1-2 Years,Mid-Life (3-5yr),37.17,16.0,0.9495,0.024,3.51,5.6,1,10.0,500.0
WC-000005_202408,2024-08-01,Western,Northern California,Residential,Driver,1-2 Years,New (0-2yr),45.04,281.0,0.8497,0.0166,1.68,5.4,9,147.0,8753.0
WC-000006_202408,2024-08-01,Western,Northern California,Commercial,Driver,1-2 Years,New (0-2yr),48.87,141.0,0.9212,0.0271,2.86,4.5,10,59.0,3886.0
WC-000007_202408,2024-08-01,Western,Northern California,Industrial,Driver,2-5 Years,End-of-Life (9+yr),50.46,27.0,0.8864,0.0192,1.53,5.3,4,10.0,500.0
WC-000008_202408,2024-08-01,Western,Northern California,E&P,Driver,1-2 Years,Aging (6-8yr),45.36,16.0,0.9037,0.0163,3.27,4.4,4,10.0,500.0
WC-000009_202408,2024-08-01,Western,Southern California,Residential,Operator,10+ Years,Mid-Life (3-5yr),46.95,274.0,0.8597,0.0296,2.64,4.3,18,296.0,17611.0
WC-000010_202408,2024-08-01,Western,Southern California,Commercial,Driver,1-2 Years,Mid-Life (3-5yr),43.21,147.0,0.8723,0.0195,2.58,4.9,10,72.0,4161.0
WC-000011_202408,2024-08-01,Western,Southern California,Industrial,Mechanic,10+ Years,Mid-Life (3-5yr),46.04,31.0,0.8924,0.0279,1.99,5.0,5,10.0,500.0
WC-000012_202408,2024-08-01,Western,Southern California,E&P,Mechanic,5-10 Years,New (0-2yr),42.55,12.0,0.872,0.0276,3.19,3.6,3,10.0,500.0
WC-000013_202408,2024-08-01,Western,Mountain West,Residential,Driver,1-2 Years,New (0-2yr),37.31,325.0,0.8538,0.0162,2.31,3.7,18,388.0,17256.0
WC-000014_202408,2024-08-01,Western,Mountain West,Commercial,Helper,< 1 Year,New (0-2yr),46.74,84.0,0.9173,0.023,2.71,5.5,9,57.0,3292.0
WC-000015_202408,2024-08-01,Western,Mountain West,Industrial,Helper,< 1 Year,Mid-Life (3-5yr),43.41,19.0,0.9447,0.0245,2.45,5.4,3,10.0,500.0
WC-000016_202408,2024-08-01,Western,Mountain West,E&P,Mechanic,10+ Years,End-of-Life (9+yr),44.51,9.0,0.9723,0.0284,2.08,3.6,4,10.0,500.0
WC-000017_202408,2024-08-01,Southern,Gulf Coast,Residential,Driver,5-10 Years,Mid-Life (3-5yr),48.87,331.0,0.894,0.0182,1.93,4.3,14,190.0,12398.0
WC-000018_202408,2024-08-01,Southern,Gulf Coast,Commercial,Mechanic,1-2 Years,Aging (6-8yr),37.84,149.0,0.9115,0.0212,2.66,5.3,13,101.0,4762.0
WC-000019_202408,2024-08-01,Southern,Gulf Coast,Industrial,Operator,1-2 Years,End-of-Life (9+yr),43.59,18.0,0.8381,0.0289,3.37,4.8,3,10.0,500.0
WC-000020_202408,2024-08-01,Southern,Gulf Coast,E&P,Operator,10+ Years,End-of-Life (9+yr),43.61,12.0,0.8689,0.0172,3.2,5.3,4,10.0,500.0
WC-000021_202408,2024-08-01,Southern,Southeast Texas,Residential,Driver,1-2 Years,End-of-Life (9+yr),51.18,294.0,0.8578,0.0222,1.6,3.9,13,299.0,17740.0
WC-000022_202408,2024-08-01,Southern,Southeast Texas,Commercial,Helper,< 1 Year,Mid-Life (3-5yr),52.67,152.0,0.8851,0.0232,3.59,5.1,10,87.0,5535.0
WC-000023_202408,2024-08-01,Southern,Southeast Texas,Industrial,Helper,10+ Years,Aging (6-8yr),41.05,25.0,0.9213,0.0161,3.29,6.5,3,10.0,500.0
WC-000024_202408,2024-08-01,Southern,Southeast Texas,E&P,Operator,1-2 Years,New (0-2yr),39.03,12.0,0.9349,0.0299,1.58,5.2,2,10.0,500.0
WC-000025_202408,2024-08-01,Southern,Florida Panhandle,Residential,Driver,5-10 Years,End-of-Life (9+yr),48.65,286.0,0.8285,0.0181,1.95,4.4,24,401.0,25575.0
WC-000026_202408,2024-08-01,Southern,Florida Panhandle,Commercial,Driver,5-10 Years,Aging (6-8yr),51.19,154.0,0.9226,0.0245,2.64,3.6,14,52.0,3062.0
WC-000027_202408,2024-08-01,Southern,Florida Panhandle,Industrial,Helper,10+ Years,Mid-Life (3-5yr),44.22,21.0,0.8956,0.0202,2.48,5.0,5,10.0,500.0
WC-000028_202408,2024-08-01,Southern,Florida Panhandle,E&P,Driver,1-2 Years,Mid-Life (3-5yr),40.3,11.0,0.8977,0.0225,2.77,3.7,1,10.0,500.0
WC-000029_202408,2024-08-01,Southern,Carolinas,Residential,Driver,< 1 Year,Mid-Life (3-5yr),38.82,333.0,0.9143,0.0155,3.43,4.6,20,275.0,13665.0
WC-000030_202408,2024-08-01,Southern,Carolinas,Commercial,Driver,10+ Years,New (0-2yr),45.67,131.0,0.8865,0.0239,2.36,4.6,11,45.0,2474.0
WC-000031_202408,2024-08-01,Southern,Carolinas,Industrial,Mechanic,5-10 Years,End-of-Life (9+yr),40.9,17.0,0.9057,0.0212,3.34,3.8,4,10.0,500.0
WC-000032_202408,2024-08-01,Southern,Carolinas,E&P,Helper,< 1 Year,New (0-2yr),41.08,14.0,0.9107,0.0166,2.7,4.3,4,10.0,500.0
WC-000033_202408,2024-08-01,Central,Great Plains,Residential,Driver,5-10 Years,New (0-2yr),48.89,298.0,0.8977,0.0204,3.34,6.0,12,207.0,13494.0
WC-000034_202408,2024-08-01,Central,Great Plains,Commercial,Driver,< 1 Year,New (0-2yr),39.47,132.0,0.8702,0.0258,3.41,5.1,10,84.0,4275.0
WC-000035_202408,2024-08-01,Central,Great Plains,Industrial,Driver,5-10 Years,New (0-2yr),41.51,28.0,0.9193,0.0235,3.49,6.0,6,10.0,500.0
WC-000036_202408,2024-08-01,Central,Great Plains,E&P,Driver,5-10 Years,End-of-Life (9+yr),46.54,13.0,0.9108,0.0151,2.47,5.1,3,10.0,500.0
WC-000037_202408,2024-08-01,Central,Upper Midwest,Residential,Driver,2-5 Years,New (0-2yr),48.02,321.0,0.8641,0.0237,3.06,4.8,16,369.0,23662.0
WC-000038_202408,2024-08-01,Central,Upper Midwest,Commercial,Driver,2-5 Years,End-of-Life (9+yr),42.92,145.0,0.8989,0.0156,3.21,4.2,5,17.0,973.0
WC-000039_202408,2024-08-01,Central,Upper Midwest,Industrial,Helper,1-2 Years,End-of-Life (9+yr),42.64,19.0,0.842,0.0155,2.3,5.2,4,10.0,500.0
WC-000040_202408,2024-08-01,Central,Upper Midwest,E&P,Helper,5-10 Years,Aging (6-8yr),55.69,18.0,0.9017,0.0231,2.02,4.2,1,10.0,500.0
WC-000041_202408,2024-08-01,Central,Missouri Valley,Residential,Operator,2-5 Years,New (0-2yr),44.28,319.0,0.9267,0.0278,1.83,6.1,12,177.0,9470.0
WC-000042_202408,2024-08-01,Central,Missouri Valley,Commercial,Helper,< 1 Year,Aging (6-8yr),50.72,90.0,0.9412,0.0221,3.07,6.0,6,37.0,2378.0
WC-000043_202408,2024-08-01,Central,Missouri Valley,Industrial,Operator,2-5 Years,Mid-Life (3-5yr),48.78,16.0,0.9027,0.0224,3.05,3.7,5,10.0,500.0
WC-000044_202408,2024-08-01,Central,Missouri Valley,E&P,Mechanic,< 1 Year,Mid-Life (3-5yr),45.12,13.0,0.8854,0.0204,2.81,4.5,3,10.0,500.0
WC-000045_202408,2024-08-01,Central,Ozarks,Residential,Helper,2-5 Years,New (0-2yr),49.83,255.0,0.9316,0.0225,2.97,4.7,24,313.0,18227.0
WC-000046_202408,2024-08-01,Central,Ozarks,Commercial,Mechanic,2-5 Years,End-of-Life (9+yr),51.83,127.0,0.922,0.0259,2.73,6.5,9,86.0,5988.0
WC-000047_202408,2024-08-01,Central,Ozarks,Industrial,Operator,1-2 Years,Mid-Life (3-5yr),49.06,37.0,0.9198,0.0199,3.12,3.6,2,10.0,500.0
WC-000048_202408,2024-08-01,Central,Ozarks,E&P,Mechanic,1-2 Years,Mid-Life (3-5yr),43.81,20.0,0.8296,0.0178,2.18,6.3,2,10.0,500.0
WC-000049_202408,2024-08-01,Eastern,Mid-Atlantic,Residential,Mechanic,10+ Years,End-of-Life (9+yr),47.08,282.0,0.9449,0.0157,1.74,4.8,11,183.0,10960.0
WC-000050_202408,2024-08-01,Eastern,Mid-Atlantic,Commercial,Mechanic,1-2 Years,Mid-Life (3-5yr),47.1,91.0,0.8612,0.0178,2.97,4.6,9,60.0,3383.0
WC-000051_202408,2024-08-01,Eastern,Mid-Atlantic,Industrial,Mechanic,< 1 Year,New (0-2yr),39.6,38.0,0.9168,0.027,2.81,5.3,3,10.0,500.0
WC-000052_202408,2024-08-01,Eastern,Mid-Atlantic,E&P,Mechanic,10+ Years,New (0-2yr),50.12,16.0,0.9008,0.0279,2.79,5.0,1,10.0,500.0
WC-000053_202408,2024-08-01,Eastern,New England,Residential,Driver,1-2 Years,Aging (6-8yr),49.23,284.0,0.9357,0.0173,3.14,6.0,10,60.0,3642.0
WC-000054_202408,2024-08-01,Eastern,New England,Commercial,Driver,2-5 Years,Mid-Life (3-5yr),50.88,94.0,0.9157,0.0268,2.03,5.7,10,58.0,3630.0
WC-000055_202408,2024-08-01,Eastern,New England,Industrial,Driver,5-10 Years,Mid-Life (3-5yr),43.24,26.0,0.8922,0.0174,3.07,5.7,3,10.0,500.0
WC-000056_202408,2024-08-01,Eastern,New England,E&P,Driver,10+ Years,End-of-Life (9+yr),40.61,16.0,0.9012,0.0221,2.5,4.1,2,10.0,500.0
WC-000057_202408,2024-08-01,Eastern,Great Lakes,Residential,Mechanic,10+ Years,Aging (6-8yr),41.83,272.0,0.8645,0.0246,2.05,5.4,8,138.0,7518.0
WC-000058_202408,2024-08-01,Eastern,Great Lakes,Commercial,Mechanic,5-10 Years,New (0-2yr),40.12,118.0,0.8458,0.0224,1.98,4.4,7,46.0,2351.0
WC-000059_202408,2024-08-01,Eastern,Great Lakes,Industrial,Driver,< 1 Year,New (0-2yr),49.54,38.0,0.9753,0.0245,3.05,5.5,5,10.0,588.0
WC-000060_202408,2024-08-01,Eastern,Great Lakes,E&P,Operator,2-5 Years,New (0-2yr),43.25,16.0,0.9253,0.0215,1.48,3.9,1,10.0,500.0
WC-000061_202408,2024-08-01,Eastern,Ohio Valley,Residential,Operator,2-5 Years,Mid-Life (3-5yr),50.57,291.0,0.9222,0.0228,2.56,3.5,8,103.0,6633.0
WC-000062_202408,2024-08-01,Eastern,Ohio Valley,Commercial,Operator,1-2 Years,Mid-Life (3-5yr),49.12,112.0,0.9155,0.0161,2.41,3.7,5,25.0,1443.0
WC-000063_202408,2024-08-01,Eastern,Ohio Valley,Industrial,Mechanic,2-5 Years,Aging (6-8yr),44.0,25.0,0.8659,0.0216,2.61,4.0,5,10.0,500.0
WC-000064_202408,2024-08-01,Eastern,Ohio Valley,E&P,Driver,2-5 Years,Aging (6-8yr),38.89,18.0,0.8657,0.0169,2.52,5.9,2,10.0,500.0
WC-000065_202408,2024-08-01,Canada,Ontario,Residential,Mechanic,5-10 Years,End-of-Life (9+yr),40.57,267.0,0.8759,0.0295,1.97,5.5,23,162.0,8418.0
WC-000066_202408,2024-08-01,Canada,Ontario,Commercial,Driver,5-10 Years,Aging (6-8yr),52.87,149.0,0.8682,0.0279,3.23,5.3,5,44.0,2831.0
WC-000067_202408,2024-08-01,Canada,Ontario,Industrial,Helper,2-5 Years,Mid-Life (3-5yr),46.4,29.0,0.8722,0.0233,2.86,5.2,5,10.0,544.0
WC-000068_202408,2024-08-01,Canada,Ontario,E&P,Driver,2-5 Years,New (0-2yr),40.3,11.0,0.894,0.021,2.62,5.8,4,10.0,500.0
WC-000069_202408,2024-08-01,Canada,Alberta,Residential,Helper,5-10 Years,New (0-2yr),44.01,259.0,0.9263,0.021,3.35,5.9,11,121.0,6682.0
WC-000070_202408,2024-08-01,Canada,Alberta,Commercial,Operator,1-2 Years,Aging (6-8yr),39.02,122.0,0.9039,0.0239,2.84,5.5,14,113.0,5189.0
WC-000071_202408,2024-08-01,Canada,Alberta,Industrial,Driver,< 1 Year,New (0-2yr),42.53,21.0,0.9448,0.022,2.67,3.9,3,10.0,500.0
WC-000072_202408,2024-08-01,Canada,Alberta,E&P,Driver,1-2 Years,Aging (6-8yr),47.06,12.0,0.9477,0.0243,1.99,6.1,3,10.0,500.0
WC-000073_202408,2024-08-01,Canada,British Columbia,Residential,Driver,5-10 Years,New (0-2yr),43.59,270.0,0.8846,0.0179,1.61,4.7,23,420.0,24451.0
WC-000074_202408,2024-08-01,Canada,British Columbia,Commercial,Driver,5-10 Years,Aging (6-8yr),44.16,91.0,0.952,0.0289,2.6,6.0,11,42.0,2156.0
WC-000075_202408,2024-08-01,Canada,British Columbia,Industrial,Operator,10+ Years,Aging (6-8yr),51.11,23.0,0.8908,0.0217,2.83,5.0,6,10.0,500.0
WC-000076_202408,2024-08-01,Canada,British Columbia,E&P,Driver,< 1 Year,Mid-Life (3-5yr),46.01,16.0,0.9232,0.017,2.82,6.3,3,10.0,500.0
WC-000077_202408,2024-08-01,Canada,Quebec,Residential,Mechanic,10+ Years,New (0-2yr),52.36,274.0,0.8876,0.0216,1.65,5.4,16,125.0,7690.0
WC-000078_202408,2024-08-01,Canada,Quebec,Commercial,Driver,10+ Years,Mid-Life (3-5yr),40.3,131.0,0.8626,0.0229,3.31,5.9,10,84.0,4400.0
WC-000079_202408,2024-08-01,Canada,Quebec,Industrial,Driver,2-5 Years,Aging (6-8yr),36.46,27.0,0.8517,0.019,3.04,3.8,5,10.0,500.0
WC-000080_202408,2024-08-01,Canada,Quebec,E&P,Operator,5-10 Years,Aging (6-8yr),44.75,13.0,0.9062,0.0283,3.4,6.0,4,10.0,500.0
WC-000081_202408,2024-08-01,MidSouth,Tennessee Valley,Residential,Helper,10+ Years,End-of-Life (9+yr),39.33,295.0,0.8549,0.0155,2.88,5.2,18,316.0,16217.0
WC-000082_202408,2024-08-01,MidSouth,Tennessee Valley,Commercial,Helper,2-5 Years,New (0-2yr),40.14,85.0,0.9508,0.0193,3.14,5.5,12,50.0,2682.0
WC-000083_202408,2024-08-01,MidSouth,Tennessee Valley,Industrial,Driver,5-10 Years,Mid-Life (3-5yr),46.46,18.0,0.8401,0.0166,2.74,3.8,7,10.0,515.0
WC-000084_202408,2024-08-01,MidSouth,Tennessee Valley,E&P,Driver,< 1 Year,Aging (6-8yr),45.42,11.0,0.9361,0.0263,2.84,4.1,1,10.0,500.0
WC-000085_202408,2024-08-01,MidSouth,Mississippi Delta,Residential,Operator,1-2 Years,New (0-2yr),46.68,259.0,0.8824,0.0164,2.73,6.2,9,149.0,8876.0
WC-000086_202408,2024-08-01,MidSouth,Mississippi Delta,Commercial,Helper,1-2 Years,End-of-Life (9+yr),39.68,137.0,0.9038,0.0151,2.89,3.6,8,80.0,4025.0
WC-000087_202408,2024-08-01,MidSouth,Mississippi Delta,Industrial,Mechanic,2-5 Years,Mid-Life (3-5yr),43.72,32.0,0.8786,0.0243,2.22,5.8,4,10.0,500.0
WC-000088_202408,2024-08-01,MidSouth,Mississippi Delta,E&P,Operator,< 1 Year,Aging (6-8yr),43.67,16.0,0.9296,0.0296,1.86,5.8,2,10.0,500.0
WC-000089_202408,2024-08-01,MidSouth,Arkansas,Residential,Driver,10+ Years,Mid-Life (3-5yr),37.98,326.0,0.8814,0.0237,2.42,4.1,12,180.0,9166.0
WC-000090_202408,2024-08-01,MidSouth,Arkansas,Commercial,Driver,5-10 Years,End-of-Life (9+yr),47.49,82.0,0.9396,0.0288,2.91,3.5,13,25.0,1507.0
WC-000091_202408,2024-08-01,MidSouth,Arkansas,Industrial,Helper,1-2 Years,Aging (6-8yr),38.76,38.0,0.873,0.023,2.31,4.5,3,10.0,500.0
WC-000092_202408,2024-08-01,MidSouth,Arkansas,E&P,Driver,< 1 Year,Aging (6-8yr),51.92,12.0,0.8483,0.0173,1.99,4.3,1,10.0,500.0
WC-000093_202408,2024-08-01,MidSouth,Oklahoma,Residential,Driver,1-2 Years,End-of-Life (9+yr),46.87,261.0,0.9372,0.0219,3.0,4.5,11,93.0,5758.0
WC-000094_202408,2024-08-01,MidSouth,Oklahoma,Commercial,Driver,5-10 Years,Aging (6-8yr),50.22,95.0,0.8962,0.0299,2.9,3.6,7,21.0,1222.0
WC-000095_202408,2024-08-01,MidSouth,Oklahoma,Industrial,Driver,10+ Years,New (0-2yr),39.43,22.0,0.865,0.0247,1.74,6.4,6,10.0,500.0
WC-000096_202408,2024-08-01,MidSouth,Oklahoma,E&P,Driver,< 1 Year,Mid-Life (3-5yr),44.52,9.0,0.9544,0.0272,2.36,6.4,2,10.0,500.0
WC-000097_202409,2024-09-01,Western,Pacific Northwest,Residential,Driver,5-10 Years,Aging (6-8yr),46.83,300.0,0.9389,0.0197,2.32,5.9,10,193.0,10761.0
WC-000098_202409,2024-09-01,Western,Pacific Northwest,Commercial,Driver,10+ Years,New (0-2yr),46.15,119.0,0.9303,0.027,3.15,4.2,13,91.0,5642.0
WC-000099_202409,2024-09-01,Western,Pacific Northwest,Industrial,Driver,2-5 Years,End-of-Life (9+yr),48.74,35.0,0.8931,0.0187,3.34,5.6,7,19.0,1089.0
WC-000100_202409,2024-09-01,Western,Pacific Northwest,E&P,Driver,< 1 Year,New (0-2yr),50.84,18.0,0.9503,0.0277,3.21,5.3,1,10.0,500.0
WC-000101_202409,2024-09-01,Western,Northern California,Residential,Mechanic,5-10 Years,Mid-Life (3-5yr),41.86,324.0,0.85,0.0283,2.99,4.4,23,367.0,19945.0
WC-000102_202409,2024-09-01,Western,Northern California,Commercial,Driver,5-10 Years,Aging (6-8yr),43.83,140.0,0.8438,0.0293,1.66,5.6,10,110.0,5794.0
WC-000103_202409,2024-09-01,Western,Northern California,Industrial,Driver,2-5 Years,Aging (6-8yr),41.94,39.0,0.8743,0.0211,2.87,3.4,2,10.0,500.0
WC-000104_202409,2024-09-01,Western,Northern California,E&P,Mechanic,2-5 Years,End-of-Life (9+yr),38.1,18.0,0.8894,0.0219,2.48,4.1,1,10.0,500.0
WC-000105_202409,2024-09-01,Western,Southern California,Residential,Mechanic,5-10 Years,New (0-2yr),44.36,341.0,0.9119,0.0189,3.0,4.4,15,226.0,12193.0
WC-000106_202409,2024-09-01,Western,Southern California,Commercial,Mechanic,10+ Years,Aging (6-8yr),48.06,124.0,0.9329,0.0284,2.87,5.0,7,22.0,1290.0
WC-000107_202409,2024-09-01,Western,Southern California,Industrial,Driver,1-2 Years,Mid-Life (3-5yr),50.29,21.0,0.8978,0.0271,1.66,4.8,4,10.0,500.0
WC-000108_202409,2024-09-01,Western,Southern California,E&P,Operator,5-10 Years,Mid-Life (3-5yr),38.65,14.0,0.9184,0.0174,2.67,3.6,3,10.0,500.0
WC-000109_202409,2024-09-01,Western,Mountain West,Residential,Operator,10+ Years,Aging (6-8yr),43.32,298.0,0.9208,0.0207,1.57,3.6,24,560.0,31670.0
WC-000110_202409,2024-09-01,Western,Mountain West,Commercial,Driver,5-10 Years,Mid-Life (3-5yr),52.56,119.0,0.8672,0.0186,3.0,4.6,6,32.0,2237.0
WC-000111_202409,2024-09-01,Western,Mountain West,Industrial,Driver,< 1 Year,Aging (6-8yr),54.32,28.0,0.9155,0.0181,2.41,3.6,5,10.0,749.0
WC-000112_202409,2024-09-01,Western,Mountain West,E&P,Helper,2-5 Years,End-of-Life (9+yr),38.99,20.0,0.8903,0.0281,2.39,4.9,3,10.0,500.0
WC-000113_202409,2024-09-01,Southern,Gulf Coast,Residential,Driver,< 1 Year,Mid-Life (3-5yr),53.45,336.0,0.9669,0.0159,3.42,5.0,9,156.0,10939.0
WC-000114_202409,2024-09-01,Southern,Gulf Coast,Commercial,Mechanic,< 1 Year,Mid-Life (3-5yr),50.91,150.0,0.865,0.0151,1.62,4.6,8,29.0,1788.0
WC-000115_202409,2024-09-01,Southern,Gulf Coast,Industrial,Operator,1-2 Years,Mid-Life (3-5yr),39.56,38.0,0.8657,0.0295,2.34,4.3,7,20.0,952.0
WC-000116_202409,2024-09-01,Southern,Gulf Coast,E&P,Operator,1-2 Years,Aging (6-8yr),40.62,16.0,0.9735,0.0242,2.24,5.4,3,10.0,500.0
WC-000117_202409,2024-09-01,Southern,Southeast Texas,Residential,Driver,10+ Years,Mid-Life (3-5yr),46.83,265.0,0.9461,0.0273,3.05,4.5,13,86.0,5376.0
WC-000118_202409,2024-09-01,Southern,Southeast Texas,Commercial,Driver,5-10 Years,Aging (6-8yr),46.78,117.0,0.9393,0.0236,3.44,6.3,9,69.0,4324.0
WC-000119_202409,2024-09-01,Southern,Southeast Texas,Industrial,Operator,2-5 Years,New (0-2yr),47.84,18.0,0.9081,0.0244,1.55,4.5,3,10.0,500.0
WC-000120_202409,2024-09-01,Southern,Southeast Texas,E&P,Operator,< 1 Year,Aging (6-8yr),48.77,17.0,0.9206,0.0157,2.2,6.3,3,10.0,500.0
WC-000121_202409,2024-09-01,Southern,Florida Panhandle,Residential,Operator,5-10 Years,Mid-Life (3-5yr),46.44,256.0,0.8622,0.0212,2.49,4.8,22,402.0,23624.0
WC-000122_202409,2024-09-01,Southern,Florida Panhandle,Commercial,Mechanic,2-5 Years,End-of-Life (9+yr),38.08,107.0,0.8806,0.0217,2.37,4.6,12,86.0,4067.0
WC-000123_202409,2024-09-01,Southern,Florida Panhandle,Industrial,Driver,1-2 Years,New (0-2yr),42.66,17.0,0.8799,0.0187,2.44,5.7,4,10.0,500.0
WC-000124_202409,2024-09-01,Southern,Florida Panhandle,E&P,Mechanic,1-2 Years,Mid-Life (3-5yr),43.86,11.0,0.8701,0.0287,2.08,5.0,2,10.0,500.0
WC-000125_202409,2024-09-01,Southern,Carolinas,Residential,Mechanic,2-5 Years,New (0-2yr),46.27,256.0,0.8672,0.0217,1.88,3.5,13,213.0,12031.0
WC-000126_202409,2024-09-01,Southern,Carolinas,Commercial,Driver,5-10 Years,Aging (6-8yr),46.26,145.0,0.9678,0.0209,3.26,5.9,9,40.0,2312.0
WC-000127_202409,2024-09-01,Southern,Carolinas,Industrial,Driver,< 1 Year,New (0-2yr),49.31,21.0,0.8515,0.0287,1.45,6.2,3,10.0,500.0
WC-000128_202409,2024-09-01,Southern,Carolinas,E&P,Driver,2-5 Years,Aging (6-8yr),42.49,11.0,0.8705,0.0289,1.87,4.9,4,10.0,500.0
WC-000129_202409,2024-09-01,Central,Great Plains,Residential,Driver,< 1 Year,Aging (6-8yr),49.66,303.0,0.8521,0.0187,2.08,5.4,11,137.0,8944.0
WC-000130_202409,2024-09-01,Central,Great Plains,Commercial,Driver,1-2 Years,New (0-2yr),48.51,85.0,0.8767,0.0289,2.18,5.2,8,23.0,1409.0
WC-000131_202409,2024-09-01,Central,Great Plains,Industrial,Driver,2-5 Years,Aging (6-8yr),47.72,25.0,0.8996,0.0197,2.84,6.0,4,10.0,500.0
WC-000132_202409,2024-09-01,Central,Great Plains,E&P,Mechanic,10+ Years,Aging (6-8yr),47.27,17.0,0.9333,0.0166,2.49,5.2,1,10.0,500.0
WC-000133_202409,2024-09-01,Central,Upper Midwest,Residential,Driver,< 1 Year,Aging (6-8yr),39.64,335.0,0.9264,0.0258,2.53,6.5,8,91.0,4678.0
WC-000134_202409,2024-09-01,Central,Upper Midwest,Commercial,Mechanic,1-2 Years,End-of-Life (9+yr),50.17,146.0,0.8275,0.0227,2.87,6.0,12,133.0,8841.0
WC-000135_202409,2024-09-01,Central,Upper Midwest,Industrial,Driver,1-2 Years,Mid-Life (3-5yr),51.18,21.0,0.8648,0.0179,1.56,4.8,7,10.0,500.0
WC-000136_202409,2024-09-01,Central,Upper Midwest,E&P,Driver,10+ Years,Mid-Life (3-5yr),43.89,17.0,0.929,0.0167,3.08,5.7,1,10.0,500.0
WC-000137_202409,2024-09-01,Central,Missouri Valley,Residential,Helper,1-2 Years,New (0-2yr),40.77,278.0,0.8813,0.0248,3.69,5.4,22,369.0,19046.0
WC-000138_202409,2024-09-01,Central,Missouri Valley,Commercial,Driver,2-5 Years,End-of-Life (9+yr),43.39,82.0,0.8693,0.0167,2.47,5.3,14,69.0,3749.0
WC-000139_202409,2024-09-01,Central,Missouri Valley,Industrial,Driver,5-10 Years,Aging (6-8yr),44.31,38.0,0.8837,0.0272,3.07,6.0,2,10.0,500.0
WC-000140_202409,2024-09-01,Central,Missouri Valley,E&P,Driver,5-10 Years,Mid-Life (3-5yr),39.35,17.0,0.8915,0.0251,1.78,6.4,1,10.0,500.0
WC-000141_202409,2024-09-01,Central,Ozarks,Residential,Driver,< 1 Year,Aging (6-8yr),42.8,333.0,0.8944,0.0265,2.47,5.4,18,228.0,12199.0
WC-000142_202409,2024-09-01,Central,Ozarks,Commercial,Driver,5-10 Years,New (0-2yr),37.97,143.0,0.8675,0.0263,2.34,5.5,12,61.0,2996.0
WC-000143_202409,2024-09-01,Central,Ozarks,Industrial,Operator,2-5 Years,Aging (6-8yr),37.42,35.0,0.862,0.027,3.0,5.5,4,10.0,500.0
WC-000144_202409,2024-09-01,Central,Ozarks,E&P,Mechanic,1-2 Years,Mid-Life (3-5yr),40.38,11.0,0.9155,0.0185,1.67,4.0,3,10.0,500.0
WC-000145_202409,2024-09-01,Eastern,Mid-Atlantic,Residential,Mechanic,2-5 Years,New (0-2yr),50.1,309.0,0.8563,0.0214,2.62,5.7,14,140.0,8618.0
WC-000146_202409,2024-09-01,Eastern,Mid-Atlantic,Commercial,Operator,5-10 Years,Aging (6-8yr),54.51,113.0,0.9115,0.0153,3.13,3.8,7,41.0,2801.0
WC-000147_202409,2024-09-01,Eastern,Mid-Atlantic,Industrial,Helper,5-10 Years,Mid-Life (3-5yr),48.16,27.0,0.851,0.0211,2.88,3.5,5,10.0,571.0
WC-000148_202409,2024-09-01,Eastern,Mid-Atlantic,E&P,Driver,2-5 Years,Aging (6-8yr),44.08,17.0,0.9083,0.0257,2.28,4.6,4,10.0,500.0
WC-000149_202409,2024-09-01,Eastern,New England,Residential,Operator,5-10 Years,Mid-Life (3-5yr),47.44,311.0,0.9099,0.0151,1.87,5.6,17,346.0,19884.0
WC-000150_202409,2024-09-01,Eastern,New England,Commercial,Helper,2-5 Years,Mid-Life (3-5yr),44.33,108.0,0.914,0.0179,2.56,6.1,10,63.0,3637.0
WC-000151_202409,2024-09-01,Eastern,New England,Industrial,Driver,2-5 Years,Mid-Life (3-5yr),40.96,37.0,0.9063,0.0193,2.75,5.9,5,13.0,700.0
WC-000152_202409,2024-09-01,Eastern,New England,E&P,Operator,10+ Years,End-of-Life (9+yr),44.99,14.0,0.9576,0.0214,2.68,3.7,2,10.0,500.0
WC-000153_202409,2024-09-01,Eastern,Great Lakes,Residential,Driver,5-10 Years,Mid-Life (3-5yr),47.08,259.0,0.9357,0.0243,2.58,5.5,18,271.0,15843.0
WC-000154_202409,2024-09-01,Eastern,Great Lakes,Commercial,Mechanic,10+ Years,New (0-2yr),43.62,143.0,0.8988,0.0292,2.53,6.3,11,48.0,2730.0
WC-000155_202409,2024-09-01,Eastern,Great Lakes,Industrial,Helper,2-5 Years,Mid-Life (3-5yr),45.5,36.0,0.8542,0.0155,2.89,5.3,5,10.0,593.0
WC-000156_202409,2024-09-01,Eastern,Great Lakes,E&P,Driver,< 1 Year,New (0-2yr),39.45,19.0,0.8978,0.0188,2.92,5.3,4,10.0,500.0
WC-000157_202409,2024-09-01,Eastern,Ohio Valley,Residential,Driver,10+ Years,New (0-2yr),41.5,295.0,0.8737,0.025,3.17,4.4,10,230.0,11834.0
WC-000158_202409,2024-09-01,Eastern,Ohio Valley,Commercial,Driver,1-2 Years,New (0-2yr),43.62,100.0,0.8749,0.0185,1.84,4.2,9,46.0,2341.0
WC-000159_202409,2024-09-01,Eastern,Ohio Valley,Industrial,Driver,5-10 Years,End-of-Life (9+yr),46.57,27.0,0.8806,0.0219,2.31,6.1,2,10.0,500.0
WC-000160_202409,2024-09-01,Eastern,Ohio Valley,E&P,Mechanic,10+ Years,New (0-2yr),42.56,14.0,0.9194,0.0275,2.2,6.0,4,10.0,500.0
WC-000161_202409,2024-09-01,Canada,Ontario,Residential,Mechanic,2-5 Years,New (0-2yr),46.49,312.0,0.8541,0.0192,2.06,4.0,12,124.0,6908.0
WC-000162_202409,2024-09-01,Canada,Ontario,Commercial,Driver,10+ Years,New (0-2yr),49.28,99.0,0.8235,0.028,3.08,5.3,14,67.0,4096.0
WC-000163_202409,2024-09-01,Canada,Ontario,Industrial,Driver,10+ Years,Mid-Life (3-5yr),50.36,27.0,0.885,0.0238,3.92,5.8,5,10.0,565.0
WC-000164_202409,2024-09-01,Canada,Ontario,E&P,Driver,< 1 Year,Aging (6-8yr),37.41,11.0,0.8706,0.0258,1.85,5.3,2,10.0,500.0
WC-000165_202409,2024-09-01,Canada,Alberta,Residential,Operator,5-10 Years,End-of-Life (9+yr),50.33,329.0,0.8825,0.02,1.47,6.5,11,133.0,9018.0
WC-000166_202409,2024-09-01,Canada,Alberta,Commercial,Driver,10+ Years,New (0-2yr),38.02,127.0,0.901,0.0297,2.07,4.4,12,44.0,2266.0
WC-000167_202409,2024-09-01,Canada,Alberta,Industrial,Operator,2-5 Years,Mid-Life (3-5yr),45.4,21.0,0.9047,0.025,3.1,5.6,5,10.0,500.0
WC-000168_202409,2024-09-01,Canada,Alberta,E&P,Driver,5-10 Years,Mid-Life (3-5yr),42.8,19.0,0.9147,0.028,3.21,4.0,4,10.0,500.0
WC-000169_202409,2024-09-01,Canada,British Columbia,Residential,Mechanic,10+ Years,Aging (6-8yr),47.27,332.0,0.8924,0.0255,2.16,5.2,18,324.0,18498.0
WC-000170_202409,2024-09-01,Canada,British Columbia,Commercial,Operator,2-5 Years,Aging (6-8yr),50.5,154.0,0.8833,0.0293,2.42,4.4,7,45.0,2989.0
WC-000171_202409,2024-09-01,Canada,British Columbia,Industrial,Helper,10+ Years,New (0-2yr),44.13,17.0,0.8911,0.0224,2.88,4.1,2,10.0,500.0
WC-000172_202409,2024-09-01,Canada,British Columbia,E&P,Driver,2-5 Years,Mid-Life (3-5yr),42.45,16.0,0.9558,0.0235,2.84,3.7,1,10.0,500.0
WC-000173_202409,2024-09-01,Canada,Quebec,Residential,Mechanic,1-2 Years,Mid-Life (3-5yr),39.04,289.0,0.9011,0.0248,1.65,4.8,16,339.0,17674.0
WC-000174_202409,2024-09-01,Canada,Quebec,Commercial,Driver,5-10 Years,Mid-Life (3-5yr),53.31,123.0,0.8863,0.0263,2.58,5.7,14,84.0,5633.0
WC-000175_202409,2024-09-01,Canada,Quebec,Industrial,Operator,10+ Years,Mid-Life (3-5yr),42.2,23.0,0.8429,0.0192,1.59,6.5,4,10.0,500.0
WC-000176_202409,2024-09-01,Canada,Quebec,E&P,Driver,10+ Years,New (0-2yr),44.42,20.0,0.8638,0.0243,2.09,4.4,3,10.0,500.0
WC-000177_202409,2024-09-01,MidSouth,Tennessee Valley,Residential,Driver,< 1 Year,Aging (6-8yr),41.1,338.0,0.9203,0.0171,1.97,6.1,23,341.0,18870.0
WC-000178_202409,2024-09-01,MidSouth,Tennessee Valley,Commercial,Driver,5-10 Years,End-of-Life (9+yr),45.48,128.0,0.8828,0.0286,2.17,5.1,9,38.0,2228.0
WC-000179_202409,2024-09-01,MidSouth,Tennessee Valley,Industrial,Mechanic,2-5 Years,Mid-Life (3-5yr),40.26,26.0,0.8754,0.021,2.5,3.9,5,10.0,500.0
WC-000180_202409,2024-09-01,MidSouth,Tennessee Valley,E&P,Mechanic,2-5 Years,New (0-2yr),38.92,11.0,0.9523,0.0285,2.2,4.2,4,10.0,500.0
WC-000181_202409,2024-09-01,MidSouth,Mississippi Delta,Residential,Operator,1-2 Years,Mid-Life (3-5yr),51.26,354.0,0.9802,0.0268,2.6,5.0,21,456.0,30715.0
WC-000182_202409,2024-09-01,MidSouth,Mississippi Delta,Commercial,Mechanic,1-2 Years,Aging (6-8yr),44.48,80.0,0.921,0.0157,3.43,6.5,5,10.0,500.0
WC-000183_202409,2024-09-01,MidSouth,Mississippi Delta,Industrial,Mechanic,10+ Years,New (0-2yr),40.92,26.0,0.9392,0.0198,2.73,5.5,2,10.0,500.0
WC-000184_202409,2024-09-01,MidSouth,Mississippi Delta,E&P,Driver,< 1 Year,Mid-Life (3-5yr),51.02,14.0,0.9452,0.025,2.78,5.0,2,10.0,500.0
WC-000185_202409,2024-09-01,MidSouth,Arkansas,Residential,Driver,5-10 Years,Mid-Life (3-5yr),41.42,286.0,0.901,0.0255,3.41,5.7,13,198.0,10015.0
WC-000186_202409,2024-09-01,MidSouth,Arkansas,Commercial,Driver,10+ Years,Mid-Life (3-5yr),40.94,140.0,0.9289,0.0249,1.81,4.7,13,103.0,5169.0
WC-000187_202409,2024-09-01,MidSouth,Arkansas,Industrial,Driver,5-10 Years,Aging (6-8yr),42.69,23.0,0.8524,0.0177,3.33,4.7,5,10.0,500.0
WC-000188_202409,2024-09-01,MidSouth,Arkansas,E&P,Driver,1-2 Years,Mid-Life (3-5yr),47.57,18.0,0.8915,0.0296,1.63,5.9,4,10.0,500.0
WC-000189_202409,2024-09-01,MidSouth,Oklahoma,Residential,Driver,2-5 Years,Aging (6-8yr),44.68,278.0,0.9263,0.0271,1.71,5.1,19,212.0,12707.0
WC-000190_202409,2024-09-01,MidSouth,Oklahoma,Commercial,Mechanic,5-10 Years,Mid-Life (3-5yr),46.27,145.0,0.9306,0.0276,2.19,6.1,8,27.0,1590.0
WC-000191_202409,2024-09-01,MidSouth,Oklahoma,Industrial,Driver,5-10 Years,New (0-2yr),41.28,40.0,0.9054,0.0217,3.08,3.4,2,10.0,500.0
WC-000192_202409,2024-09-01,MidSouth,Oklahoma,E&P,Driver,5-10 Years,Mid-Life (3-5yr),49.0,10.0,0.913,0.0155,2.78,5.4,3,10.0,500.0
WC-000193_202410,2024-10-01,Western,Pacific Northwest,Residential,Driver,10+ Years,Mid-Life (3-5yr),45.02,301.0,0.8872,0.018,2.01,6.0,19,292.0,16620.0
WC-000194_202410,2024-10-01,Western,Pacific Northwest,Commercial,Driver,2-5 Years,End-of-Life (9+yr),50.07,113.0,0.9588,0.0291,1.5,6.4,14,36.0,2379.0
WC-000195_202410,2024-10-01,Western,Pacific Northwest,Industrial,Mechanic,1-2 Years,Aging (6-8yr),50.26,24.0,0.9373,0.0233,3.51,5.5,6,10.0,599.0
WC-000196_202410,2024-10-01,Western,Pacific Northwest,E&P,Driver,2-5 Years,New (0-2yr),50.55,12.0,0.9266,0.0152,1.71,5.7,3,10.0,500.0
WC-000197_202410,2024-10-01,Western,Northern California,Residential,Mechanic,< 1 Year,Mid-Life (3-5yr),50.68,264.0,0.8334,0.0178,2.62,5.5,22,233.0,14004.0
WC-000198_202410,2024-10-01,Western,Northern California,Commercial,Driver,5-10 Years,End-of-Life (9+yr),40.11,124.0,0.9034,0.02,2.18,4.1,10,61.0,3148.0
WC-000199_202410,2024-10-01,Western,Northern California,Industrial,Mechanic,2-5 Years,New (0-2yr),48.92,15.0,0.8623,0.0274,2.15,5.9,5,10.0,500.0
WC-000200_202410,2024-10-01,Western,Northern California,E&P,Mechanic,2-5 Years,New (0-2yr),52.44,10.0,0.8699,0.0251,2.78,4.6,3,10.0,500.0
WC-000201_202410,2024-10-01,Western,Southern California,Residential,Driver,< 1 Year,Mid-Life (3-5yr),41.16,303.0,0.9549,0.0258,2.47,5.0,13,217.0,11952.0
WC-000202_202410,2024-10-01,Western,Southern California,Commercial,Helper,2-5 Years,Aging (6-8yr),40.4,86.0,0.9254,0.0233,2.46,5.1,14,44.0,2102.0
WC-000203_202410,2024-10-01,Western,Southern California,Industrial,Driver,5-10 Years,End-of-Life (9+yr),39.6,29.0,0.899,0.0212,2.91,3.8,5,10.0,500.0
WC-000204_202410,2024-10-01,Western,Southern California,E&P,Operator,5-10 Years,New (0-2yr),46.89,19.0,0.9429,0.0258,2.07,6.3,4,10.0,500.0
WC-000205_202410,2024-10-01,Western,Mountain West,Residential,Driver,< 1 Year,New (0-2yr),48.66,288.0,0.913,0.0281,1.73,4.1,12,70.0,4302.0
WC-000206_202410,2024-10-01,Western,Mountain West,Commercial,Operator,2-5 Years,End-of-Life (9+yr),52.79,142.0,0.9258,0.0199,2.98,4.1,6,63.0,3918.0
WC-000207_202410,2024-10-01,Western,Mountain West,Industrial,Helper,5-10 Years,Aging (6-8yr),49.93,16.0,0.9204,0.0184,1.95,4.5,7,10.0,500.0
WC-000208_202410,2024-10-01,Western,Mountain West,E&P,Helper,5-10 Years,End-of-Life (9+yr),43.69,20.0,0.8909,0.0162,1.87,5.7,2,10.0,500.0
WC-000209_202410,2024-10-01,Southern,Gulf Coast,Residential,Driver,2-5 Years,New (0-2yr),43.18,324.0,0.8434,0.0212,3.44,3.6,24,275.0,14884.0
WC-000210_202410,2024-10-01,Southern,Gulf Coast,Commercial,Operator,2-5 Years,Aging (6-8yr),39.67,107.0,0.8671,0.0168,2.07,3.8,5,35.0,1731.0
WC-000211_202410,2024-10-01,Southern,Gulf Coast,Industrial,Driver,2-5 Years,New (0-2yr),42.02,39.0,0.8839,0.0289,2.23,3.7,5,10.0,500.0
WC-000212_202410,2024-10-01,Southern,Gulf Coast,E&P,Operator,2-5 Years,End-of-Life (9+yr),50.84,8.0,0.8703,0.0157,2.32,5.9,1,10.0,500.0
WC-000213_202410,2024-10-01,Southern,Southeast Texas,Residential,Helper,2-5 Years,End-of-Life (9+yr),46.36,247.0,0.8935,0.0184,3.03,4.4,16,305.0,16420.0
WC-000214_202410,2024-10-01,Southern,Southeast Texas,Commercial,Operator,< 1 Year,Mid-Life (3-5yr),42.4,105.0,0.874,0.0267,1.77,5.4,5,39.0,1943.0
WC-000215_202410,2024-10-01,Southern,Southeast Texas,Industrial,Driver,1-2 Years,Mid-Life (3-5yr),41.33,24.0,0.9086,0.0232,1.89,5.7,3,10.0,500.0
WC-000216_202410,2024-10-01,Southern,Southeast Texas,E&P,Operator,10+ Years,End-of-Life (9+yr),44.63,10.0,0.9052,0.029,1.75,5.8,1,10.0,500.0
WC-000217_202410,2024-10-01,Southern,Florida Panhandle,Residential,Driver,5-10 Years,Aging (6-8yr),51.08,334.0,0.9288,0.0233,2.06,5.0,9,135.0,8180.0
WC-000218_202410,2024-10-01,Southern,Florida Panhandle,Commercial,Operator,2-5 Years,New (0-2yr),44.06,117.0,0.9384,0.0257,2.28,3.7,5,32.0,1768.0
WC-000219_202410,2024-10-01,Southern,Florida Panhandle,Industrial,Driver,2-5 Years,New (0-2yr),49.17,25.0,0.881,0.0162,3.69,5.7,4,10.0,500.0
WC-000220_202410,2024-10-01,Southern,Florida Panhandle,E&P,Mechanic,5-10 Years,End-of-Life (9+yr),43.68,13.0,0.8881,0.0201,3.25,5.3,2,10.0,500.0
WC-000221_202410,2024-10-01,Southern,Carolinas,Residential,Mechanic,1-2 Years,End-of-Life (9+yr),44.02,305.0,0.9158,0.0203,2.75,4.2,18,266.0,15564.0
WC-000222_202410,2024-10-01,Southern,Carolinas,Commercial,Operator,5-10 Years,Aging (6-8yr),46.37,95.0,0.8971,0.017,1.96,3.5,7,39.0,2121.0
WC-000223_202410,2024-10-01,Southern,Carolinas,Industrial,Driver,1-2 Years,Aging (6-8yr),49.94,24.0,0.9391,0.024,2.26,4.8,6,10.0,500.0
WC-000224_202410,2024-10-01,Southern,Carolinas,E&P,Driver,2-5 Years,Aging (6-8yr),42.57,19.0,0.9083,0.0216,3.46,5.4,1,10.0,500.0
WC-000225_202410,2024-10-01,Central,Great Plains,Residential,Driver,1-2 Years,New (0-2yr),55.73,302.0,0.8724,0.0247,2.82,5.2,21,434.0,28446.0
WC-000226_202410,2024-10-01,Central,Great Plains,Commercial,Driver,1-2 Years,New (0-2yr),39.97,106.0,0.8709,0.0259,3.36,5.9,12,85.0,4435.0
WC-000227_202410,2024-10-01,Central,Great Plains,Industrial,Driver,2-5 Years,End-of-Life (9+yr),46.32,18.0,0.8566,0.0272,2.42,6.3,6,10.0,500.0
WC-000228_202410,2024-10-01,Central,Great Plains,E&P,Driver,1-2 Years,New (0-2yr),43.76,13.0,0.9137,0.028,2.01,4.8,4,10.0,500.0
WC-000229_202410,2024-10-01,Central,Upper Midwest,Residential,Driver,5-10 Years,New (0-2yr),40.73,264.0,0.8595,0.0198,2.05,5.1,19,342.0,16466.0
WC-000230_202410,2024-10-01,Central,Upper Midwest,Commercial,Helper,1-2 Years,Aging (6-8yr),44.2,135.0,0.8891,0.0196,3.13,4.8,5,22.0,1140.0
WC-000231_202410,2024-10-01,Central,Upper Midwest,Industrial,Helper,5-10 Years,New (0-2yr),40.95,26.0,0.9076,0.0152,1.55,4.9,3,10.0,500.0
WC-000232_202410,2024-10-01,Central,Upper Midwest,E&P,Mechanic,10+ Years,Aging (6-8yr),52.13,12.0,0.9179,0.0264,3.19,4.0,1,10.0,500.0
WC-000233_202410,2024-10-01,Central,Missouri Valley,Residential,Mechanic,2-5 Years,New (0-2yr),42.51,270.0,0.8794,0.0261,2.24,5.2,17,185.0,10298.0
WC-000234_202410,2024-10-01,Central,Missouri Valley,Commercial,Mechanic,2-5 Years,Mid-Life (3-5yr),41.03,121.0,0.8776,0.0287,1.75,6.0,8,59.0,3226.0
WC-000235_202410,2024-10-01,Central,Missouri Valley,Industrial,Driver,5-10 Years,New (0-2yr),51.11,18.0,0.854,0.0256,3.32,4.2,2,10.0,500.0
WC-000236_202410,2024-10-01,Central,Missouri Valley,E&P,Driver,5-10 Years,New (0-2yr),51.47,13.0,0.8688,0.0158,2.41,4.3,3,10.0,500.0
WC-000237_202410,2024-10-01,Central,Ozarks,Residential,Driver,10+ Years,Mid-Life (3-5yr),39.64,307.0,0.9387,0.0298,2.01,5.0,22,469.0,24040.0
WC-000238_202410,2024-10-01,Central,Ozarks,Commercial,Helper,5-10 Years,Aging (6-8yr),46.11,110.0,0.8844,0.0261,2.13,3.6,10,84.0,5068.0
WC-000239_202410,2024-10-01,Central,Ozarks,Industrial,Operator,5-10 Years,New (0-2yr),38.85,32.0,0.9177,0.0182,3.15,6.3,2,10.0,500.0
WC-000240_202410,2024-10-01,Central,Ozarks,E&P,Driver,2-5 Years,End-of-Life (9+yr),48.98,17.0,0.9099,0.0204,3.2,4.2,3,10.0,500.0
WC-000241_202410,2024-10-01,Eastern,Mid-Atlantic,Residential,Driver,1-2 Years,Aging (6-8yr),38.41,282.0,0.9102,0.0186,3.77,6.4,11,201.0,8965.0
WC-000242_202410,2024-10-01,Eastern,Mid-Atlantic,Commercial,Driver,2-5 Years,End-of-Life (9+yr),53.13,81.0,0.9215,0.0228,3.02,5.1,10,39.0,2459.0
WC-000243_202410,2024-10-01,Eastern,Mid-Atlantic,Industrial,Driver,1-2 Years,Mid-Life (3-5yr),39.42,17.0,0.8602,0.0201,2.97,5.1,4,10.0,500.0
WC-000244_202410,2024-10-01,Eastern,Mid-Atlantic,E&P,Driver,5-10 Years,Aging (6-8yr),40.58,11.0,0.8952,0.0266,2.94,5.9,2,10.0,500.0
WC-000245_202410,2024-10-01,Eastern,New England,Residential,Driver,5-10 Years,Mid-Life (3-5yr),52.64,251.0,0.9313,0.023,2.44,4.6,20,381.0,23534.0
WC-000246_202410,2024-10-01,Eastern,New England,Commercial,Operator,< 1 Year,Mid-Life (3-5yr),48.44,108.0,0.9136,0.0194,2.29,4.2,10,38.0,2413.0
WC-000247_202410,2024-10-01,Eastern,New England,Industrial,Driver,1-2 Years,End-of-Life (9+yr),38.86,27.0,0.875,0.0192,2.61,6.5,6,10.0,500.0
WC-000248_202410,2024-10-01,Eastern,New England,E&P,Operator,2-5 Years,Mid-Life (3-5yr),41.65,18.0,0.8726,0.0208,3.11,6.4,2,10.0,500.0
WC-000249_202410,2024-10-01,Eastern,Great Lakes,Residential,Mechanic,< 1 Year,New (0-2yr),41.54,253.0,0.869,0.0253,3.04,5.1,17,206.0,11187.0
WC-000250_202410,2024-10-01,Eastern,Great Lakes,Commercial,Driver,1-2 Years,Aging (6-8yr),52.85,109.0,0.955,0.0202,3.27,6.4,9,62.0,4388.0
WC-000251_202410,2024-10-01,Eastern,Great Lakes,Industrial,Mechanic,5-10 Years,New (0-2yr),51.48,37.0,0.9504,0.0224,2.49,3.8,7,15.0,973.0
WC-000252_202410,2024-10-01,Eastern,Great Lakes,E&P,Driver,10+ Years,Mid-Life (3-5yr),45.97,17.0,0.9237,0.0279,1.86,4.7,3,10.0,500.0
WC-000253_202410,2024-10-01,Eastern,Ohio Valley,Residential,Operator,5-10 Years,Mid-Life (3-5yr),48.92,349.0,0.9193,0.0192,2.7,4.3,9,223.0,13163.0
WC-000254_202410,2024-10-01,Eastern,Ohio Valley,Commercial,Helper,5-10 Years,Mid-Life (3-5yr),46.21,145.0,0.8644,0.0237,1.79,5.6,5,53.0,3126.0
WC-000255_202410,2024-10-01,Eastern,Ohio Valley,Industrial,Driver,2-5 Years,Aging (6-8yr),40.77,27.0,0.9381,0.029,1.71,3.5,5,10.0,500.0
WC-000256_202410,2024-10-01,Eastern,Ohio Valley,E&P,Driver,< 1 Year,Mid-Life (3-5yr),43.63,14.0,0.8898,0.0166,2.27,4.8,2,10.0,500.0
WC-000257_202410,2024-10-01,Canada,Ontario,Residential,Driver,2-5 Years,Mid-Life (3-5yr),43.71,297.0,0.8722,0.0177,1.54,4.9,19,146.0,7912.0
WC-000258_202410,2024-10-01,Canada,Ontario,Commercial,Helper,< 1 Year,End-of-Life (9+yr),49.12,95.0,0.9213,0.0222,3.19,4.2,7,20.0,1148.0
WC-000259_202410,2024-10-01,Canada,Ontario,Industrial,Driver,5-10 Years,Mid-Life (3-5yr),44.58,20.0,0.852,0.0271,1.61,4.7,2,10.0,500.0
WC-000260_202410,2024-10-01,Canada,Ontario,E&P,Driver,5-10 Years,Aging (6-8yr),52.06,13.0,0.8666,0.0299,3.11,4.4,3,10.0,500.0
WC-000261_202410,2024-10-01,Canada,Alberta,Residential,Driver,< 1 Year,Aging (6-8yr),42.95,319.0,0.9406,0.0202,2.32,6.0,18,445.0,22720.0
WC-000262_202410,2024-10-01,Canada,Alberta,Commercial,Helper,10+ Years,Mid-Life (3-5yr),49.51,99.0,0.86,0.0253,3.28,5.4,14,47.0,2981.0
WC-000263_202410,2024-10-01,Canada,Alberta,Industrial,Mechanic,5-10 Years,Mid-Life (3-5yr),50.4,21.0,0.9084,0.0247,2.49,5.0,5,10.0,500.0
WC-000264_202410,2024-10-01,Canada,Alberta,E&P,Operator,< 1 Year,Mid-Life (3-5yr),40.05,14.0,0.8977,0.0291,2.7,6.1,2,10.0,500.0
WC-000265_202410,2024-10-01,Canada,British Columbia,Residential,Driver,2-5 Years,New (0-2yr),38.19,275.0,0.9011,0.0257,2.31,4.4,18,351.0,17097.0
WC-000266_202410,2024-10-01,Canada,British Columbia,Commercial,Operator,< 1 Year,New (0-2yr),38.27,148.0,0.8908,0.0165,2.94,4.5,11,40.0,1985.0
WC-000267_202410,2024-10-01,Canada,British Columbia,Industrial,Driver,10+ Years,Mid-Life (3-5yr),48.04,20.0,0.9367,0.0182,2.5,6.2,2,10.0,500.0
WC-000268_202410,2024-10-01,Canada,British Columbia,E&P,Driver,10+ Years,Aging (6-8yr),51.88,15.0,0.88,0.0225,1.56,5.6,2,10.0,500.0
WC-000269_202410,2024-10-01,Canada,Quebec,Residential,Driver,< 1 Year,Mid-Life (3-5yr),40.89,347.0,0.8591,0.0259,3.25,5.1,20,405.0,19833.0
WC-000270_202410,2024-10-01,Canada,Quebec,Commercial,Helper,10+ Years,Mid-Life (3-5yr),48.71,87.0,0.931,0.0239,1.87,4.8,8,47.0,2813.0
WC-000271_202410,2024-10-01,Canada,Quebec,Industrial,Driver,5-10 Years,New (0-2yr),50.22,17.0,0.9106,0.0238,3.31,5.7,4,10.0,500.0
WC-000272_202410,2024-10-01,Canada,Quebec,E&P,Helper,5-10 Years,End-of-Life (9+yr),41.76,12.0,0.8623,0.0178,2.27,4.3,2,10.0,500.0
WC-000273_202410,2024-10-01,MidSouth,Tennessee Valley,Residential,Driver,< 1 Year,Aging (6-8yr),51.83,272.0,0.8768,0.019,2.15,4.2,10,103.0,6321.0
WC-000274_202410,2024-10-01,MidSouth,Tennessee Valley,Commercial,Operator,< 1 Year,End-of-Life (9+yr),42.85,133.0,0.9198,0.0162,1.37,3.8,10,106.0,5359.0
WC-000275_202410,2024-10-01,MidSouth,Tennessee Valley,Industrial,Driver,1-2 Years,Mid-Life (3-5yr),48.58,33.0,0.8815,0.0252,2.09,5.8,7,10.0,500.0
WC-000276_202410,2024-10-01,MidSouth,Tennessee Valley,E&P,Mechanic,10+ Years,New (0-2yr),45.02,17.0,0.8955,0.0225,1.72,4.7,4,10.0,500.0
WC-000277_202410,2024-10-01,MidSouth,Mississippi Delta,Residential,Operator,2-5 Years,Aging (6-8yr),46.39,330.0,0.915,0.0163,3.35,4.2,15,331.0,18786.0
WC-000278_202410,2024-10-01,MidSouth,Mississippi Delta,Commercial,Driver,10+ Years,New (0-2yr),43.75,102.0,0.8524,0.0176,3.0,3.7,7,18.0,1008.0
WC-000279_202410,2024-10-01,MidSouth,Mississippi Delta,Industrial,Driver,5-10 Years,New (0-2yr),46.49,30.0,0.8809,0.0267,3.17,3.8,2,10.0,500.0
WC-000280_202410,2024-10-01,MidSouth,Mississippi Delta,E&P,Mechanic,1-2 Years,Aging (6-8yr),55.16,12.0,0.8966,0.0203,3.53,3.7,2,10.0,500.0
WC-000281_202410,2024-10-01,MidSouth,Arkansas,Residential,Driver,2-5 Years,Aging (6-8yr),43.18,294.0,0.8521,0.021,3.35,4.6,12,198.0,11266.0
WC-000282_202410,2024-10-01,MidSouth,Arkansas,Commercial,Mechanic,2-5 Years,Mid-Life (3-5yr),49.59,130.0,0.8968,0.0202,1.83,5.2,7,66.0,3917.0
WC-000283_202410,2024-10-01,MidSouth,Arkansas,Industrial,Operator,5-10 Years,Aging (6-8yr),52.25,22.0,0.8824,0.0164,1.85,4.9,2,10.0,500.0
WC-000284_202410,2024-10-01,MidSouth,Arkansas,E&P,Driver,2-5 Years,Mid-Life (3-5yr),45.47,15.0,0.9413,0.0294,2.56,4.7,2,10.0,500.0
WC-000285_202410,2024-10-01,MidSouth,Oklahoma,Residential,Mechanic,5-10 Years,Mid-Life (3-5yr),51.45,276.0,0.8479,0.0261,3.11,6.2,12,84.0,5309.0
WC-000286_202410,2024-10-01,MidSouth,Oklahoma,Commercial,Helper,1-2 Years,Mid-Life (3-5yr),49.13,152.0,0.8749,0.0225,2.12,4.9,11,53.0,3237.0
WC-000287_202410,2024-10-01,MidSouth,Oklahoma,Industrial,Driver,10+ Years,End-of-Life (9+yr),42.83,33.0,0.8901,0.03,2.62,3.7,6,10.0,500.0
WC-000288_202410,2024-10-01,MidSouth,Oklahoma,E&P,Mechanic,10+ Years,New (0-2yr),45.39,8.0,0.9235,0.0154,2.45,5.0,2,10.0,500.0
WC-000289_202411,2024-11-01,Western,Pacific Northwest,Residential,Mechanic,5-10 Years,Mid-Life (3-5yr),49.96,290.0,0.9233,0.028,2.35,4.3,15,181.0,11122.0
WC-000290_202411,2024-11-01,Western,Pacific Northwest,Commercial,Driver,2-5 Years,New (0-2yr),51.85,98.0,0.8913,0.0274,1.92,4.3,5,10.0,611.0
WC-000291_202411,2024-11-01,Western,Pacific Northwest,Industrial,Driver,10+ Years,New (0-2yr),49.89,38.0,0.9133,0.0253,1.64,5.9,6,14.0,923.0
WC-000292_202411,2024-11-01,Western,Pacific Northwest,E&P,Driver,10+ Years,Mid-Life (3-5yr),46.63,9.0,0.8763,0.0279,2.05,4.0,1,10.0,500.0
WC-000293_202411,2024-11-01,Western,Northern California,Residential,Mechanic,2-5 Years,Aging (6-8yr),38.96,291.0,0.8888,0.0237,1.43,5.8,12,188.0,8426.0
WC-000294_202411,2024-11-01,Western,Northern California,Commercial,Operator,< 1 Year,New (0-2yr),40.26,86.0,0.9242,0.0287,1.96,4.4,12,59.0,2943.0
WC-000295_202411,2024-11-01,Western,Northern California,Industrial,Mechanic,1-2 Years,New (0-2yr),40.09,16.0,0.9374,0.0284,2.41,5.2,2,10.0,500.0
WC-000296_202411,2024-11-01,Western,Northern California,E&P,Helper,2-5 Years,End-of-Life (9+yr),45.75,10.0,0.8971,0.0228,2.99,5.8,1,10.0,500.0
WC-000297_202411,2024-11-01,Western,Southern California,Residential,Driver,2-5 Years,New (0-2yr),39.51,318.0,0.8328,0.0223,2.22,5.5,12,177.0,8544.0
WC-000298_202411,2024-11-01,Western,Southern California,Commercial,Operator,5-10 Years,New (0-2yr),50.04,132.0,0.8655,0.0263,1.92,4.1,9,52.0,3156.0
WC-000299_202411,2024-11-01,Western,Southern California,Industrial,Driver,< 1 Year,New (0-2yr),50.12,35.0,0.9477,0.0211,1.91,4.3,2,10.0,500.0
WC-000300_202411,2024-11-01,Western,Southern California,E&P,Driver,10+ Years,Aging (6-8yr),41.77,14.0,0.8912,0.0181,1.84,3.6,2,10.0,500.0
WC-000301_202411,2024-11-01,Western,Mountain West,Residential,Driver,5-10 Years,End-of-Life (9+yr),36.87,265.0,0.9265,0.0257,1.95,6.2,22,217.0,10082.0
WC-000302_202411,2024-11-01,Western,Mountain West,Commercial,Driver,10+ Years,End-of-Life (9+yr),40.99,79.0,0.891,0.0275,2.77,6.4,12,25.0,1369.0
WC-000303_202411,2024-11-01,Western,Mountain West,Industrial,Operator,10+ Years,End-of-Life (9+yr),46.68,25.0,0.8869,0.0256,2.54,6.3,3,10.0,500.0
WC-000304_202411,2024-11-01,Western,Mountain West,E&P,Driver,5-10 Years,Aging (6-8yr),42.68,14.0,0.8754,0.0294,1.87,3.7,2,10.0,500.0
WC-000305_202411,2024-11-01,Southern,Gulf Coast,Residential,Helper,5-10 Years,Mid-Life (3-5yr),52.93,251.0,0.8815,0.0289,3.12,5.6,20,382.0,24750.0
WC-000306_202411,2024-11-01,Southern,Gulf Coast,Commercial,Driver,2-5 Years,End-of-Life (9+yr),43.59,131.0,0.8914,0.0237,2.69,5.4,5,37.0,1881.0
WC-000307_202411,2024-11-01,Southern,Gulf Coast,Industrial,Driver,1-2 Years,Mid-Life (3-5yr),44.35,40.0,0.9217,0.0205,1.84,6.0,4,10.0,500.0
WC-000308_202411,2024-11-01,Southern,Gulf Coast,E&P,Driver,2-5 Years,New (0-2yr),47.65,8.0,0.811,0.0162,2.64,6.1,3,10.0,500.0
WC-000309_202411,2024-11-01,Southern,Southeast Texas,Residential,Driver,5-10 Years,End-of-Life (9+yr),40.29,296.0,0.9513,0.0161,1.54,6.3,11,120.0,6277.0
WC-000310_202411,2024-11-01,Southern,Southeast Texas,Commercial,Driver,< 1 Year,New (0-2yr),47.12,118.0,0.8555,0.0159,2.51,3.8,6,53.0,2917.0
WC-000311_202411,2024-11-01,Southern,Southeast Texas,Industrial,Driver,5-10 Years,Aging (6-8yr),46.88,31.0,0.8788,0.0194,2.27,5.0,5,12.0,719.0
WC-000312_202411,2024-11-01,Southern,Southeast Texas,E&P,Driver,5-10 Years,New (0-2yr),48.62,13.0,0.9213,0.0174,1.54,6.4,1,10.0,500.0
WC-000313_202411,2024-11-01,Southern,Florida Panhandle,Residential,Mechanic,< 1 Year,Aging (6-8yr),50.82,312.0,0.8854,0.0152,1.76,5.5,11,122.0,7928.0
WC-000314_202411,2024-11-01,Southern,Florida Panhandle,Commercial,Operator,< 1 Year,Mid-Life (3-5yr),44.58,152.0,0.953,0.0173,3.33,4.4,7,39.0,2139.0
WC-000315_202411,2024-11-01,Southern,Florida Panhandle,Industrial,Driver,10+ Years,Mid-Life (3-5yr),53.45,28.0,0.8639,0.0218,1.42,4.3,3,10.0,500.0
WC-000316_202411,2024-11-01,Southern,Florida Panhandle,E&P,Operator,2-5 Years,Mid-Life (3-5yr),48.59,17.0,0.8762,0.0264,2.28,5.0,2,10.0,500.0
WC-000317_202411,2024-11-01,Southern,Carolinas,Residential,Driver,10+ Years,Aging (6-8yr),53.93,273.0,0.8545,0.0155,2.0,6.0,17,230.0,16179.0
WC-000318_202411,2024-11-01,Southern,Carolinas,Commercial,Mechanic,5-10 Years,Mid-Life (3-5yr),46.33,136.0,0.8773,0.0222,1.92,5.8,13,115.0,6373.0
WC-000319_202411,2024-11-01,Southern,Carolinas,Industrial,Mechanic,2-5 Years,Aging (6-8yr),44.3,35.0,0.8355,0.0294,3.54,4.4,4,10.0,500.0
WC-000320_202411,2024-11-01,Southern,Carolinas,E&P,Driver,2-5 Years,Mid-Life (3-5yr),49.77,13.0,0.9079,0.0202,1.69,6.1,4,10.0,500.0
WC-000321_202411,2024-11-01,Central,Great Plains,Residential,Operator,2-5 Years,Mid-Life (3-5yr),44.87,335.0,0.9049,0.0169,2.94,6.2,9,215.0,12578.0
WC-000322_202411,2024-11-01,Central,Great Plains,Commercial,Driver,1-2 Years,Mid-Life (3-5yr),40.04,87.0,0.8591,0.0232,3.83,5.0,14,49.0,2451.0
WC-000323_202411,2024-11-01,Central,Great Plains,Industrial,Helper,5-10 Years,End-of-Life (9+yr),44.06,32.0,0.8951,0.0272,3.29,3.9,4,10.0,500.0
WC-000324_202411,2024-11-01,Central,Great Plains,E&P,Mechanic,5-10 Years,End-of-Life (9+yr),53.56,19.0,0.9009,0.0197,3.01,4.9,3,10.0,500.0
WC-000325_202411,2024-11-01,Central,Upper Midwest,Residential,Driver,5-10 Years,Aging (6-8yr),52.66,316.0,0.888,0.0295,2.63,3.7,24,568.0,39391.0
WC-000326_202411,2024-11-01,Central,Upper Midwest,Commercial,Driver,2-5 Years,Aging (6-8yr),42.3,82.0,0.9556,0.0229,2.13,4.4,14,62.0,3139.0
WC-000327_202411,2024-11-01,Central,Upper Midwest,Industrial,Driver,2-5 Years,Mid-Life (3-5yr),50.75,29.0,0.8834,0.0186,1.59,4.5,4,10.0,500.0
WC-000328_202411,2024-11-01,Central,Upper Midwest,E&P,Driver,1-2 Years,End-of-Life (9+yr),39.33,9.0,0.9022,0.0178,3.02,5.5,4,10.0,500.0
WC-000329_202411,2024-11-01,Central,Missouri Valley,Residential,Driver,10+ Years,New (0-2yr),44.12,266.0,0.8899,0.0189,2.66,5.6,14,111.0,6506.0
WC-000330_202411,2024-11-01,Central,Missouri Valley,Commercial,Driver,5-10 Years,Mid-Life (3-5yr),48.55,83.0,0.899,0.0238,2.12,4.6,5,26.0,1501.0
WC-000331_202411,2024-11-01,Central,Missouri Valley,Industrial,Driver,< 1 Year,End-of-Life (9+yr),49.44,26.0,0.8924,0.0203,1.65,4.4,6,10.0,525.0
WC-000332_202411,2024-11-01,Central,Missouri Valley,E&P,Driver,10+ Years,Aging (6-8yr),39.99,12.0,0.898,0.0233,2.11,5.5,2,10.0,500.0
WC-000333_202411,2024-11-01,Central,Ozarks,Residential,Driver,< 1 Year,Mid-Life (3-5yr),48.71,330.0,0.9342,0.0275,3.01,4.4,9,148.0,8852.0
WC-000334_202411,2024-11-01,Central,Ozarks,Commercial,Mechanic,< 1 Year,New (0-2yr),48.64,142.0,0.9187,0.027,1.83,4.7,8,64.0,4157.0
WC-000335_202411,2024-11-01,Central,Ozarks,Industrial,Mechanic,5-10 Years,Mid-Life (3-5yr),50.83,15.0,0.8592,0.0241,3.6,4.4,2,10.0,500.0
WC-000336_202411,2024-11-01,Central,Ozarks,E&P,Driver,5-10 Years,End-of-Life (9+yr),43.88,10.0,0.9048,0.0223,1.54,4.2,4,10.0,500.0
WC-000337_202411,2024-11-01,Eastern,Mid-Atlantic,Residential,Helper,2-5 Years,End-of-Life (9+yr),45.52,297.0,0.9247,0.0219,1.91,5.0,13,298.0,17279.0
WC-000338_202411,2024-11-01,Eastern,Mid-Atlantic,Commercial,Operator,2-5 Years,New (0-2yr),46.8,112.0,0.8848,0.0292,2.46,5.6,5,43.0,2326.0
WC-000339_202411,2024-11-01,Eastern,Mid-Atlantic,Industrial,Mechanic,10+ Years,Aging (6-8yr),48.55,37.0,0.9216,0.0207,2.01,5.8,7,10.0,538.0
WC-000340_202411,2024-11-01,Eastern,Mid-Atlantic,E&P,Mechanic,5-10 Years,Mid-Life (3-5yr),42.66,20.0,0.9044,0.028,2.75,4.0,2,10.0,500.0
WC-000341_202411,2024-11-01,Eastern,New England,Residential,Operator,5-10 Years,New (0-2yr),40.27,301.0,0.9273,0.0297,1.75,4.6,18,353.0,18399.0
WC-000342_202411,2024-11-01,Eastern,New England,Commercial,Operator,5-10 Years,Mid-Life (3-5yr),45.46,123.0,0.8715,0.0244,3.0,5.1,6,56.0,3196.0
WC-000343_202411,2024-11-01,Eastern,New England,Industrial,Operator,5-10 Years,New (0-2yr),39.84,38.0,0.8725,0.0236,2.68,5.9,2,10.0,500.0
WC-000344_202411,2024-11-01,Eastern,New England,E&P,Helper,2-5 Years,New (0-2yr),42.89,20.0,0.9282,0.0249,2.07,3.6,1,10.0,500.0
WC-000345_202411,2024-11-01,Eastern,Great Lakes,Residential,Mechanic,1-2 Years,End-of-Life (9+yr),43.27,271.0,0.8999,0.029,1.6,4.8,15,114.0,6448.0
WC-000346_202411,2024-11-01,Eastern,Great Lakes,Commercial,Mechanic,10+ Years,Aging (6-8yr),53.9,111.0,0.8553,0.0153,3.66,3.9,12,101.0,7214.0
WC-000347_202411,2024-11-01,Eastern,Great Lakes,Industrial,Driver,10+ Years,Aging (6-8yr),51.08,35.0,0.9439,0.0249,2.13,5.1,7,10.0,681.0
WC-000348_202411,2024-11-01,Eastern,Great Lakes,E&P,Driver,10+ Years,Mid-Life (3-5yr),37.78,14.0,0.8625,0.0214,2.85,5.6,4,10.0,500.0
WC-000349_202411,2024-11-01,Eastern,Ohio Valley,Residential,Operator,2-5 Years,New (0-2yr),45.38,315.0,0.9309,0.0161,2.48,6.2,13,230.0,13471.0
WC-000350_202411,2024-11-01,Eastern,Ohio Valley,Commercial,Driver,1-2 Years,Mid-Life (3-5yr),44.82,121.0,0.88,0.016,2.55,6.0,11,37.0,1995.0
WC-000351_202411,2024-11-01,Eastern,Ohio Valley,Industrial,Driver,2-5 Years,Aging (6-8yr),37.3,15.0,0.9139,0.0198,3.8,4.1,4,10.0,500.0
WC-000352_202411,2024-11-01,Eastern,Ohio Valley,E&P,Operator,2-5 Years,Mid-Life (3-5yr),41.15,11.0,0.8832,0.0195,2.35,4.0,3,10.0,500.0
WC-000353_202411,2024-11-01,Canada,Ontario,Residential,Driver,5-10 Years,New (0-2yr),39.8,251.0,0.9406,0.0208,2.7,6.0,24,158.0,8045.0
WC-000354_202411,2024-11-01,Canada,Ontario,Commercial,Helper,< 1 Year,End-of-Life (9+yr),38.96,129.0,0.8835,0.0296,1.48,4.9,14,74.0,3392.0
WC-000355_202411,2024-11-01,Canada,Ontario,Industrial,Driver,10+ Years,New (0-2yr),40.04,34.0,0.911,0.0288,3.4,6.7,4,10.0,500.0
WC-000356_202411,2024-11-01,Canada,Ontario,E&P,Driver,5-10 Years,New (0-2yr),50.72,16.0,0.8669,0.0183,2.95,4.2,2,10.0,500.0
WC-000357_202411,2024-11-01,Canada,Alberta,Residential,Mechanic,5-10 Years,Mid-Life (3-5yr),41.78,266.0,0.9108,0.0254,1.69,6.3,10,152.0,7859.0
WC-000358_202411,2024-11-01,Canada,Alberta,Commercial,Operator,1-2 Years,New (0-2yr),49.73,141.0,0.9496,0.0212,2.09,4.6,7,70.0,4257.0
WC-000359_202411,2024-11-01,Canada,Alberta,Industrial,Driver,1-2 Years,New (0-2yr),51.4,22.0,0.8545,0.0256,2.35,3.9,5,10.0,500.0
WC-000360_202411,2024-11-01,Canada,Alberta,E&P,Helper,5-10 Years,Mid-Life (3-5yr),51.74,8.0,0.8711,0.0272,1.96,4.1,4,10.0,500.0
WC-000361_202411,2024-11-01,Canada,British Columbia,Residential,Operator,< 1 Year,New (0-2yr),43.96,336.0,0.8807,0.0186,2.41,4.1,19,477.0,28137.0
WC-000362_202411,2024-11-01,Canada,British Columbia,Commercial,Mechanic,5-10 Years,End-of-Life (9+yr),41.26,123.0,0.9066,0.017,3.13,3.6,13,65.0,3123.0
WC-000363_202411,2024-11-01,Canada,British Columbia,Industrial,Driver,10+ Years,Mid-Life (3-5yr),41.17,16.0,0.9147,0.0233,2.51,5.1,7,10.0,500.0
WC-000364_202411,2024-11-01,Canada,British Columbia,E&P,Driver,2-5 Years,Mid-Life (3-5yr),42.68,12.0,0.8886,0.0251,1.93,6.1,3,10.0,500.0
WC-000365_202411,2024-11-01,Canada,Quebec,Residential,Driver,1-2 Years,Mid-Life (3-5yr),50.27,350.0,0.9064,0.0249,1.76,4.2,13,124.0,7456.0
WC-000366_202411,2024-11-01,Canada,Quebec,Commercial,Helper,5-10 Years,End-of-Life (9+yr),44.72,120.0,0.9276,0.0235,3.02,3.5,5,32.0,1744.0
WC-000367_202411,2024-11-01,Canada,Quebec,Industrial,Mechanic,2-5 Years,Aging (6-8yr),39.52,37.0,0.8724,0.0164,3.06,4.6,7,10.0,500.0
WC-000368_202411,2024-11-01,Canada,Quebec,E&P,Driver,10+ Years,New (0-2yr),49.08,13.0,0.9271,0.0205,2.74,3.6,4,10.0,500.0
WC-000369_202411,2024-11-01,MidSouth,Tennessee Valley,Residential,Driver,1-2 Years,New (0-2yr),48.93,282.0,0.914,0.0242,2.5,5.8,14,280.0,16937.0
WC-000370_202411,2024-11-01,MidSouth,Tennessee Valley,Commercial,Driver,5-10 Years,New (0-2yr),38.92,117.0,0.9688,0.0256,1.59,4.1,10,47.0,2258.0
WC-000371_202411,2024-11-01,MidSouth,Tennessee Valley,Industrial,Driver,1-2 Years,Mid-Life (3-5yr),45.65,22.0,0.8527,0.0242,2.34,4.3,5,10.0,500.0
WC-000372_202411,2024-11-01,MidSouth,Tennessee Valley,E&P,Operator,2-5 Years,End-of-Life (9+yr),44.08,17.0,0.901,0.0269,2.27,6.4,4,10.0,500.0
WC-000373_202411,2024-11-01,MidSouth,Mississippi Delta,Residential,Operator,2-5 Years,Mid-Life (3-5yr),48.65,336.0,0.9099,0.0179,2.1,4.3,13,249.0,14209.0
WC-000374_202411,2024-11-01,MidSouth,Mississippi Delta,Commercial,Driver,10+ Years,Mid-Life (3-5yr),40.67,105.0,0.9316,0.0234,2.33,3.9,13,105.0,5580.0
WC-000375_202411,2024-11-01,MidSouth,Mississippi Delta,Industrial,Driver,5-10 Years,End-of-Life (9+yr),50.8,20.0,0.8675,0.0236,2.17,4.4,4,10.0,500.0
WC-000376_202411,2024-11-01,MidSouth,Mississippi Delta,E&P,Driver,1-2 Years,Aging (6-8yr),48.07,19.0,0.9493,0.0198,1.96,5.7,3,10.0,500.0
WC-000377_202411,2024-11-01,MidSouth,Arkansas,Residential,Driver,1-2 Years,End-of-Life (9+yr),41.86,291.0,0.87,0.0199,3.04,5.3,8,149.0,8295.0
WC-000378_202411,2024-11-01,MidSouth,Arkansas,Commercial,Driver,5-10 Years,End-of-Life (9+yr),51.07,97.0,0.9405,0.0181,2.94,5.5,6,18.0,1190.0
WC-000379_202411,2024-11-01,MidSouth,Arkansas,Industrial,Driver,5-10 Years,New (0-2yr),49.21,32.0,0.9158,0.0292,1.46,4.2,3,10.0,500.0
WC-000380_202411,2024-11-01,MidSouth,Arkansas,E&P,Driver,< 1 Year,New (0-2yr),37.93,15.0,0.9148,0.0289,2.99,5.6,1,10.0,500.0
WC-000381_202411,2024-11-01,MidSouth,Oklahoma,Residential,Operator,1-2 Years,New (0-2yr),41.08,305.0,0.8528,0.0216,3.09,5.7,9,76.0,4124.0
WC-000382_202411,2024-11-01,MidSouth,Oklahoma,Commercial,Driver,1-2 Years,Aging (6-8yr),46.17,138.0,0.9305,0.0277,1.61,6.3,9,84.0,4684.0
WC-000383_202411,2024-11-01,MidSouth,Oklahoma,Industrial,Driver,1-2 Years,Mid-Life (3-5yr),38.36,22.0,0.8857,0.0291,2.27,4.0,3,10.0,500.0
WC-000384_202411,2024-11-01,MidSouth,Oklahoma,E&P,Driver,2-5 Years,Aging (6-8yr),42.1,17.0,0.9327,0.0248,1.52,6.3,3,10.0,500.0
WC-000385_202412,2024-12-01,Western,Pacific Northwest,Residential,Driver,1-2 Years,Mid-Life (3-5yr),46.33,290.0,0.9631,0.0264,2.45,5.6,17,259.0,16134.0
WC-000386_202412,2024-12-01,Western,Pacific Northwest,Commercial,Mechanic,2-5 Years,Mid-Life (3-5yr),51.23,140.0,0.8978,0.0287,2.27,4.6,7,49.0,2936.0
WC-000387_202412,2024-12-01,Western,Pacific Northwest,Industrial,Helper,< 1 Year,Mid-Life (3-5yr),44.05,37.0,0.929,0.0294,2.79,6.4,7,14.0,772.0
WC-000388_202412,2024-12-01,Western,Pacific Northwest,E&P,Driver,10+ Years,Aging (6-8yr),42.09,10.0,0.894,0.0249,2.28,3.5,1,10.0,500.0
WC-000389_202412,2024-12-01,Western,Northern California,Residential,Mechanic,5-10 Years,New (0-2yr),49.08,320.0,0.9024,0.0258,3.23,5.9,18,292.0,19275.0
WC-000390_202412,2024-12-01,Western,Northern California,Commercial,Driver,5-10 Years,Aging (6-8yr),40.75,110.0,0.8797,0.0215,2.15,4.0,10,37.0,1837.0
WC-000391_202412,2024-12-01,Western,Northern California,Industrial,Driver,1-2 Years,Mid-Life (3-5yr),41.64,16.0,0.9135,0.0227,3.21,3.9,3,10.0,500.0
WC-000392_202412,2024-12-01,Western,Northern California,E&P,Driver,2-5 Years,Mid-Life (3-5yr),44.99,18.0,0.8843,0.0248,2.69,4.8,2,10.0,500.0
WC-000393_202412,2024-12-01,Western,Southern California,Residential,Mechanic,2-5 Years,Mid-Life (3-5yr),41.08,340.0,0.9128,0.0278,2.48,5.9,10,271.0,13067.0
WC-000394_202412,2024-12-01,Western,Southern California,Commercial,Mechanic,10+ Years,New (0-2yr),37.84,98.0,0.9163,0.0201,2.59,4.3,8,57.0,2474.0
WC-000395_202412,2024-12-01,Western,Southern California,Industrial,Driver,10+ Years,Aging (6-8yr),46.71,31.0,0.9195,0.0158,3.57,4.9,4,10.0,500.0
WC-000396_202412,2024-12-01,Western,Southern California,E&P,Mechanic,1-2 Years,Aging (6-8yr),49.12,16.0,0.8557,0.0287,1.68,3.8,1,10.0,500.0
WC-000397_202412,2024-12-01,Western,Mountain West,Residential,Mechanic,5-10 Years,Aging (6-8yr),40.87,349.0,0.8972,0.0152,1.78,4.5,15,239.0,11625.0
WC-000398_202412,2024-12-01,Western,Mountain West,Commercial,Mechanic,5-10 Years,New (0-2yr),37.78,82.0,0.9348,0.0172,3.45,5.5,8,39.0,1891.0
WC-000399_202412,2024-12-01,Western,Mountain West,Industrial,Driver,< 1 Year,Mid-Life (3-5yr),48.09,37.0,0.8951,0.0196,2.52,4.6,3,10.0,500.0
WC-000400_202412,2024-12-01,Western,Mountain West,E&P,Driver,1-2 Years,New (0-2yr),52.25,14.0,0.8855,0.0152,2.64,5.4,2,10.0,500.0
WC-000401_202412,2024-12-01,Southern,Gulf Coast,Residential,Driver,2-5 Years,Aging (6-8yr),42.3,333.0,0.8553,0.0243,2.4,5.7,20,506.0,28520.0
WC-000402_202412,2024-12-01,Southern,Gulf Coast,Commercial,Driver,< 1 Year,Aging (6-8yr),49.04,110.0,0.901,0.02,2.08,5.2,7,21.0,1275.0
WC-000403_202412,2024-12-01,Southern,Gulf Coast,Industrial,Mechanic,2-5 Years,Aging (6-8yr),38.29,27.0,0.9255,0.0205,1.54,3.7,6,10.0,500.0
WC-000404_202412,2024-12-01,Southern,Gulf Coast,E&P,Mechanic,5-10 Years,Aging (6-8yr),48.03,14.0,0.8796,0.03,3.46,4.4,2,10.0,500.0
WC-000405_202412,2024-12-01,Southern,Southeast Texas,Residential,Mechanic,2-5 Years,Aging (6-8yr),43.35,287.0,0.9153,0.0167,2.91,6.1,12,158.0,7981.0
WC-000406_202412,2024-12-01,Southern,Southeast Texas,Commercial,Operator,1-2 Years,New (0-2yr),46.43,112.0,0.9282,0.0194,1.61,6.4,13,111.0,6474.0
WC-000407_202412,2024-12-01,Southern,Southeast Texas,Industrial,Helper,5-10 Years,Aging (6-8yr),48.41,23.0,0.8944,0.0241,3.46,6.4,6,10.0,500.0
WC-000408_202412,2024-12-01,Southern,Southeast Texas,E&P,Driver,2-5 Years,Mid-Life (3-5yr),51.42,16.0,0.8589,0.0221,2.51,4.6,4,10.0,500.0
WC-000409_202412,2024-12-01,Southern,Florida Panhandle,Residential,Operator,1-2 Years,Mid-Life (3-5yr),51.68,315.0,0.8944,0.0287,2.7,5.7,18,182.0,11222.0
WC-000410_202412,2024-12-01,Southern,Florida Panhandle,Commercial,Helper,2-5 Years,Mid-Life (3-5yr),50.73,82.0,0.9026,0.0213,1.72,5.6,6,37.0,2311.0
WC-000411_202412,2024-12-01,Southern,Florida Panhandle,Industrial,Driver,1-2 Years,Aging (6-8yr),39.4,35.0,0.8576,0.0246,2.38,4.5,5,11.0,546.0
WC-000412_202412,2024-12-01,Southern,Florida Panhandle,E&P,Driver,2-5 Years,End-of-Life (9+yr),42.06,13.0,0.9408,0.0204,1.62,3.9,2,10.0,500.0
WC-000413_202412,2024-12-01,Southern,Carolinas,Residential,Driver,5-10 Years,New (0-2yr),46.23,282.0,0.9334,0.0196,2.09,4.1,12,112.0,6679.0
WC-000414_202412,2024-12-01,Southern,Carolinas,Commercial,Helper,5-10 Years,Aging (6-8yr),50.53,85.0,0.937,0.0298,2.69,4.5,9,44.0,2591.0
WC-000415_202412,2024-12-01,Southern,Carolinas,Industrial,Mechanic,1-2 Years,Aging (6-8yr),46.32,15.0,0.9437,0.0189,2.02,3.6,6,10.0,500.0
WC-000416_202412,2024-12-01,Southern,Carolinas,E&P,Driver,5-10 Years,Mid-Life (3-5yr),46.21,10.0,0.9469,0.0244,2.32,4.2,2,10.0,500.0
WC-000417_202412,2024-12-01,Central,Great Plains,Residential,Mechanic,5-10 Years,Mid-Life (3-5yr),48.1,279.0,0.8555,0.0241,3.17,4.6,15,214.0,13545.0
WC-000418_202412,2024-12-01,Central,Great Plains,Commercial,Driver,1-2 Years,New (0-2yr),45.72,101.0,0.9115,0.0228,3.26,5.8,5,37.0,2228.0
WC-000419_202412,2024-12-01,Central,Great Plains,Industrial,Driver,2-5 Years,Mid-Life (3-5yr),41.7,29.0,0.9388,0.03,1.86,5.8,5,10.0,500.0
WC-000420_202412,2024-12-01,Central,Great Plains,E&P,Driver,1-2 Years,End-of-Life (9+yr),48.1,9.0,0.8605,0.0286,2.69,5.8,4,10.0,500.0
WC-000421_202412,2024-12-01,Central,Upper Midwest,Residential,Operator,< 1 Year,New (0-2yr),40.47,321.0,0.8518,0.0165,2.18,4.6,17,327.0,16102.0
WC-000422_202412,2024-12-01,Central,Upper Midwest,Commercial,Operator,1-2 Years,End-of-Life (9+yr),47.61,134.0,0.8914,0.0269,3.53,6.3,11,54.0,3021.0
WC-000423_202412,2024-12-01,Central,Upper Midwest,Industrial,Driver,2-5 Years,Mid-Life (3-5yr),39.6,29.0,0.9287,0.0284,2.82,3.4,6,10.0,500.0
WC-000424_202412,2024-12-01,Central,Upper Midwest,E&P,Mechanic,1-2 Years,Mid-Life (3-5yr),46.02,12.0,0.8856,0.0163,2.84,4.5,4,10.0,500.0
WC-000425_202412,2024-12-01,Central,Missouri Valley,Residential,Mechanic,5-10 Years,New (0-2yr),50.86,261.0,0.8924,0.0285,1.86,6.4,11,85.0,4993.0
WC-000426_202412,2024-12-01,Central,Missouri Valley,Commercial,Operator,5-10 Years,End-of-Life (9+yr),44.09,111.0,0.9429,0.0164,2.92,4.4,9,63.0,3180.0
WC-000427_202412,2024-12-01,Central,Missouri Valley,Industrial,Driver,10+ Years,Mid-Life (3-5yr),42.74,28.0,0.8707,0.0281,1.75,4.1,6,10.0,500.0
WC-000428_202412,2024-12-01,Central,Missouri Valley,E&P,Operator,2-5 Years,Mid-Life (3-5yr),44.08,17.0,0.9166,0.0218,1.88,5.8,2,10.0,500.0
WC-000429_202412,2024-12-01,Central,Ozarks,Residential,Driver,5-10 Years,Mid-Life (3-5yr),42.35,292.0,0.9591,0.0277,3.08,4.2,11,198.0,9818.0
WC-000430_202412,2024-12-01,Central,Ozarks,Commercial,Mechanic,5-10 Years,Mid-Life (3-5yr),47.64,87.0,0.9322,0.0152,2.55,3.5,11,74.0,4388.0
WC-000431_202412,2024-12-01,Central,Ozarks,Industrial,Driver,2-5 Years,Mid-Life (3-5yr),49.21,24.0,0.9571,0.0285,3.63,4.2,7,10.0,500.0
WC-000432_202412,2024-12-01,Central,Ozarks,E&P,Helper,5-10 Years,New (0-2yr),41.98,13.0,0.8752,0.0258,1.54,6.4,3,10.0,500.0
WC-000433_202412,2024-12-01,Eastern,Mid-Atlantic,Residential,Driver,< 1 Year,Mid-Life (3-5yr),40.8,324.0,0.9359,0.0225,3.26,6.6,11,225.0,11976.0
WC-000434_202412,2024-12-01,Eastern,Mid-Atlantic,Commercial,Mechanic,5-10 Years,Aging (6-8yr),44.16,131.0,0.8691,0.0294,3.38,4.1,13,113.0,6139.0
WC-000435_202412,2024-12-01,Eastern,Mid-Atlantic,Industrial,Mechanic,< 1 Year,Aging (6-8yr),42.62,37.0,0.9212,0.0204,2.92,5.4,4,10.0,502.0
WC-000436_202412,2024-12-01,Eastern,Mid-Atlantic,E&P,Mechanic,< 1 Year,Aging (6-8yr),50.44,15.0,0.9196,0.0191,1.81,5.5,1,10.0,500.0
WC-000437_202412,2024-12-01,Eastern,New England,Residential,Driver,5-10 Years,End-of-Life (9+yr),37.81,300.0,0.916,0.0292,2.89,4.8,11,116.0,5714.0
WC-000438_202412,2024-12-01,Eastern,New England,Commercial,Mechanic,2-5 Years,Aging (6-8yr),52.64,124.0,0.8957,0.0203,2.19,5.6,11,77.0,5403.0
WC-000439_202412,2024-12-01,Eastern,New England,Industrial,Operator,5-10 Years,End-of-Life (9+yr),40.11,34.0,0.8998,0.0168,3.79,5.9,6,10.0,500.0
WC-000440_202412,2024-12-01,Eastern,New England,E&P,Mechanic,< 1 Year,Mid-Life (3-5yr),45.5,17.0,0.9078,0.015,2.26,4.1,2,10.0,500.0
WC-000441_202412,2024-12-01,Eastern,Great Lakes,Residential,Driver,< 1 Year,New (0-2yr),39.9,345.0,0.9345,0.0177,2.19,5.7,19,267.0,14282.0
WC-000442_202412,2024-12-01,Eastern,Great Lakes,Commercial,Mechanic,< 1 Year,Mid-Life (3-5yr),48.94,120.0,0.8969,0.0153,1.79,5.5,6,48.0,2853.0
WC-000443_202412,2024-12-01,Eastern,Great Lakes,Industrial,Driver,2-5 Years,End-of-Life (9+yr),44.53,38.0,0.9302,0.0208,3.06,5.5,5,12.0,708.0
WC-000444_202412,2024-12-01,Eastern,Great Lakes,E&P,Operator,1-2 Years,Mid-Life (3-5yr),49.76,15.0,0.9111,0.0222,2.59,4.9,3,10.0,500.0
WC-000445_202412,2024-12-01,Eastern,Ohio Valley,Residential,Driver,1-2 Years,Mid-Life (3-5yr),49.69,271.0,0.8769,0.0155,3.11,4.9,12,248.0,15105.0
WC-000446_202412,2024-12-01,Eastern,Ohio Valley,Commercial,Driver,10+ Years,Mid-Life (3-5yr),40.47,124.0,0.9163,0.0223,1.68,5.4,13,88.0,4252.0
WC-000447_202412,2024-12-01,Eastern,Ohio Valley,Industrial,Driver,2-5 Years,New (0-2yr),43.11,39.0,0.9124,0.0292,3.57,4.0,5,13.0,713.0
WC-000448_202412,2024-12-01,Eastern,Ohio Valley,E&P,Operator,5-10 Years,Aging (6-8yr),48.94,14.0,0.8989,0.0217,2.97,5.0,1,10.0,500.0
WC-000449_202412,2024-12-01,Canada,Ontario,Residential,Operator,5-10 Years,Mid-Life (3-5yr),43.97,289.0,0.8697,0.0219,1.62,6.4,24,294.0,17031.0
WC-000450_202412,2024-12-01,Canada,Ontario,Commercial,Driver,2-5 Years,Mid-Life (3-5yr),49.86,121.0,0.9396,0.0185,1.77,6.3,7,18.0,1159.0
WC-000451_202412,2024-12-01,Canada,Ontario,Industrial,Driver,< 1 Year,Mid-Life (3-5yr),42.88,35.0,0.9444,0.0293,1.42,6.4,2,10.0,500.0
WC-000452_202412,2024-12-01,Canada,Ontario,E&P,Driver,2-5 Years,Mid-Life (3-5yr),39.08,11.0,0.9229,0.028,2.15,3.5,1,10.0,500.0
WC-000453_202412,2024-12-01,Canada,Alberta,Residential,Operator,1-2 Years,New (0-2yr),42.24,288.0,0.9254,0.0169,2.15,4.5,18,243.0,12636.0
WC-000454_202412,2024-12-01,Canada,Alberta,Commercial,Helper,2-5 Years,Aging (6-8yr),43.78,141.0,0.8835,0.0172,1.64,3.6,7,39.0,2013.0
WC-000455_202412,2024-12-01,Canada,Alberta,Industrial,Mechanic,2-5 Years,New (0-2yr),41.1,19.0,0.8542,0.0245,3.19,4.6,6,10.0,500.0
WC-000456_202412,2024-12-01,Canada,Alberta,E&P,Driver,1-2 Years,Aging (6-8yr),43.72,16.0,0.8787,0.0205,2.27,5.1,1,10.0,500.0
WC-000457_202412,2024-12-01,Canada,British Columbia,Residential,Helper,< 1 Year,End-of-Life (9+yr),49.98,337.0,0.9313,0.0286,2.89,4.2,19,404.0,25219.0
WC-000458_202412,2024-12-01,Canada,British Columbia,Commercial,Operator,< 1 Year,Aging (6-8yr),40.46,83.0,0.8994,0.0271,2.69,6.5,10,65.0,3498.0
WC-000459_202412,2024-12-01,Canada,British Columbia,Industrial,Helper,10+ Years,Mid-Life (3-5yr),44.16,35.0,0.9386,0.0273,1.73,6.6,4,10.0,500.0
WC-000460_202412,2024-12-01,Canada,British Columbia,E&P,Mechanic,2-5 Years,New (0-2yr),47.17,14.0,0.8747,0.0291,1.59,4.2,2,10.0,500.0
WC-000461_202412,2024-12-01,Canada,Quebec,Residential,Driver,< 1 Year,Aging (6-8yr),51.21,306.0,0.8413,0.026,3.6,4.9,10,131.0,7825.0
WC-000462_202412,2024-12-01,Canada,Quebec,Commercial,Helper,2-5 Years,Mid-Life (3-5yr),46.21,145.0,0.9685,0.0282,1.56,4.6,7,52.0,3134.0
WC-000463_202412,2024-12-01,Canada,Quebec,Industrial,Driver,2-5 Years,Mid-Life (3-5yr),49.03,33.0,0.8839,0.0282,3.65,4.1,4,10.0,500.0
WC-000464_202412,2024-12-01,Canada,Quebec,E&P,Driver,5-10 Years,Mid-Life (3-5yr),49.15,8.0,0.8708,0.0278,2.48,6.3,2,10.0,500.0
WC-000465_202412,2024-12-01,MidSouth,Tennessee Valley,Residential,Driver,10+ Years,Aging (6-8yr),44.45,340.0,0.8717,0.0193,3.32,6.5,15,310.0,17132.0
WC-000466_202412,2024-12-01,MidSouth,Tennessee Valley,Commercial,Driver,10+ Years,End-of-Life (9+yr),50.81,143.0,0.9338,0.0285,3.66,4.9,12,116.0,7416.0
WC-000467_202412,2024-12-01,MidSouth,Tennessee Valley,Industrial,Operator,1-2 Years,New (0-2yr),45.98,35.0,0.8466,0.0256,2.49,4.4,5,10.0,500.0
WC-000468_202412,2024-12-01,MidSouth,Tennessee Valley,E&P,Mechanic,< 1 Year,Aging (6-8yr),41.03,15.0,0.9123,0.0196,2.53,5.7,4,10.0,500.0
WC-000469_202412,2024-12-01,MidSouth,Mississippi Delta,Residential,Mechanic,10+ Years,Mid-Life (3-5yr),48.76,323.0,0.93,0.02,2.16,5.2,13,299.0,17925.0
WC-000470_202412,2024-12-01,MidSouth,Mississippi Delta,Commercial,Driver,1-2 Years,Mid-Life (3-5yr),41.57,102.0,0.8648,0.0292,2.67,6.2,8,21.0,1174.0
WC-000471_202412,2024-12-01,MidSouth,Mississippi Delta,Industrial,Driver,5-10 Years,Mid-Life (3-5yr),43.34,18.0,0.9564,0.0164,2.13,3.7,5,10.0,500.0
WC-000472_202412,2024-12-01,MidSouth,Mississippi Delta,E&P,Driver,5-10 Years,Mid-Life (3-5yr),39.25,18.0,0.8503,0.0253,2.7,4.1,4,10.0,500.0
WC-000473_202412,2024-12-01,MidSouth,Arkansas,Residential,Driver,5-10 Years,Mid-Life (3-5yr),52.93,275.0,0.9381,0.0213,3.45,3.6,10,73.0,4902.0
WC-000474_202412,2024-12-01,MidSouth,Arkansas,Commercial,Operator,10+ Years,Aging (6-8yr),36.75,105.0,0.9363,0.0157,2.54,5.3,5,26.0,1135.0
WC-000475_202412,2024-12-01,MidSouth,Arkansas,Industrial,Mechanic,2-5 Years,Mid-Life (3-5yr),43.48,31.0,0.8969,0.022,3.26,4.7,3,10.0,500.0
WC-000476_202412,2024-12-01,MidSouth,Arkansas,E&P,Driver,10+ Years,Mid-Life (3-5yr),49.22,16.0,0.8706,0.0162,2.39,5.1,1,10.0,500.0
WC-000477_202412,2024-12-01,MidSouth,Oklahoma,Residential,Helper,2-5 Years,New (0-2yr),44.67,329.0,0.8974,0.0259,1.54,6.3,23,299.0,17318.0
WC-000478_202412,2024-12-01,MidSouth,Oklahoma,Commercial,Driver,< 1 Year,End-of-Life (9+yr),39.84,102.0,0.8991,0.0171,3.27,4.3,12,96.0,4841.0
WC-000479_202412,2024-12-01,MidSouth,Oklahoma,Industrial,Driver,< 1 Year,Aging (6-8yr),38.32,18.0,0.9518,0.0276,2.49,5.8,3,10.0,500.0
WC-000480_202412,2024-12-01,MidSouth,Oklahoma,E&P,Driver,2-5 Years,Mid-Life (3-5yr),45.66,17.0,0.891,0.0258,1.45,4.8,3,10.0,500.0
WC-000481_202501,2025-01-01,Western,Pacific Northwest,Residential,Driver,< 1 Year,New (0-2yr),43.52,336.0,0.8852,0.0293,2.63,6.2,14,193.0,11070.0
WC-000482_202501,2025-01-01,Western,Pacific Northwest,Commercial,Mechanic,2-5 Years,End-of-Life (9+yr),40.94,152.0,0.8527,0.0194,2.3,5.9,8,34.0,1727.0
WC-000483_202501,2025-01-01,Western,Pacific Northwest,Industrial,Operator,< 1 Year,Mid-Life (3-5yr),41.16,32.0,0.9018,0.0201,2.0,3.8,6,10.0,500.0
WC-000484_202501,2025-01-01,Western,Pacific Northwest,E&P,Driver,2-5 Years,Mid-Life (3-5yr),44.96,20.0,0.9247,0.0224,3.68,3.9,3,10.0,500.0
WC-000485_202501,2025-01-01,Western,Northern California,Residential,Driver,2-5 Years,Aging (6-8yr),48.16,290.0,0.8805,0.0241,2.58,4.3,19,204.0,12928.0
WC-000486_202501,2025-01-01,Western,Northern California,Commercial,Driver,5-10 Years,Mid-Life (3-5yr),38.67,85.0,0.9697,0.0205,2.81,4.0,9,26.0,1153.0
WC-000487_202501,2025-01-01,Western,Northern California,Industrial,Mechanic,5-10 Years,Mid-Life (3-5yr),45.0,38.0,0.9456,0.0163,1.65,5.1,4,10.0,500.0
WC-000488_202501,2025-01-01,Western,Northern California,E&P,Driver,2-5 Years,New (0-2yr),51.74,15.0,0.9291,0.0223,1.41,4.2,2,10.0,500.0
WC-000489_202501,2025-01-01,Western,Southern California,Residential,Mechanic,2-5 Years,End-of-Life (9+yr),44.75,304.0,0.8795,0.0282,1.94,4.0,21,418.0,23622.0
WC-000490_202501,2025-01-01,Western,Southern California,Commercial,Mechanic,2-5 Years,End-of-Life (9+yr),41.03,130.0,0.9569,0.017,2.75,4.3,14,61.0,3127.0
WC-000491_202501,2025-01-01,Western,Southern California,Industrial,Driver,< 1 Year,End-of-Life (9+yr),39.06,30.0,0.9503,0.0165,1.99,6.1,2,10.0,500.0
WC-000492_202501,2025-01-01,Western,Southern California,E&P,Operator,< 1 Year,End-of-Life (9+yr),48.59,9.0,0.9171,0.0223,1.93,3.7,1,10.0,500.0
WC-000493_202501,2025-01-01,Western,Mountain West,Residential,Helper,2-5 Years,Mid-Life (3-5yr),45.12,244.0,0.8758,0.0249,3.12,6.2,9,149.0,7726.0
WC-000494_202501,2025-01-01,Western,Mountain West,Commercial,Mechanic,5-10 Years,Aging (6-8yr),44.25,91.0,0.8761,0.0173,2.41,5.0,7,40.0,2306.0
WC-000495_202501,2025-01-01,Western,Mountain West,Industrial,Driver,1-2 Years,New (0-2yr),48.48,22.0,0.9116,0.0265,2.36,5.9,5,10.0,500.0
WC-000496_202501,2025-01-01,Western,Mountain West,E&P,Mechanic,1-2 Years,Aging (6-8yr),43.7,11.0,0.9025,0.0245,1.48,5.8,4,10.0,500.0
WC-000497_202501,2025-01-01,Southern,Gulf Coast,Residential,Driver,1-2 Years,Aging (6-8yr),39.2,273.0,0.8527,0.0245,1.85,3.9,11,164.0,8563.0
WC-000498_202501,2025-01-01,Southern,Gulf Coast,Commercial,Driver,2-5 Years,Mid-Life (3-5yr),40.26,102.0,0.8995,0.0183,1.8,5.5,7,48.0,2464.0
WC-000499_202501,2025-01-01,Southern,Gulf Coast,Industrial,Helper,1-2 Years,Mid-Life (3-5yr),46.83,17.0,0.9038,0.0193,2.88,5.3,7,10.0,500.0
WC-000500_202501,2025-01-01,Southern,Gulf Coast,E&P,Driver,2-5 Years,Mid-Life (3-5yr),50.29,11.0,0.8461,0.0208,1.95,5.5,2,10.0,500.0
WC-000501_202501,2025-01-01,Southern,Southeast Texas,Residential,Driver,10+ Years,New (0-2yr),45.68,337.0,0.9095,0.0167,2.63,4.0,20,277.0,15450.0
WC-000502_202501,2025-01-01,Southern,Southeast Texas,Commercial,Mechanic,5-10 Years,Mid-Life (3-5yr),49.83,130.0,0.9354,0.0286,2.06,6.2,9,42.0,2459.0
WC-000503_202501,2025-01-01,Southern,Southeast Texas,Industrial,Driver,10+ Years,Mid-Life (3-5yr),39.92,18.0,0.8525,0.0194,2.04,5.3,6,10.0,500.0
WC-000504_202501,2025-01-01,Southern,Southeast Texas,E&P,Driver,5-10 Years,Mid-Life (3-5yr),43.38,12.0,0.8779,0.0201,1.85,3.6,3,10.0,500.0
WC-000505_202501,2025-01-01,Southern,Florida Panhandle,Residential,Driver,1-2 Years,End-of-Life (9+yr),42.25,299.0,0.8977,0.0185,1.45,6.4,17,321.0,17752.0
WC-000506_202501,2025-01-01,Southern,Florida Panhandle,Commercial,Operator,< 1 Year,New (0-2yr),44.78,112.0,0.9386,0.0239,2.93,4.0,10,88.0,4812.0
WC-000507_202501,2025-01-01,Southern,Florida Panhandle,Industrial,Driver,5-10 Years,Aging (6-8yr),50.56,22.0,0.9204,0.0214,3.59,4.8,5,10.0,537.0
WC-000508_202501,2025-01-01,Southern,Florida Panhandle,E&P,Mechanic,2-5 Years,Aging (6-8yr),36.88,16.0,0.8954,0.0268,2.11,5.8,1,10.0,500.0
WC-000509_202501,2025-01-01,Southern,Carolinas,Residential,Mechanic,2-5 Years,New (0-2yr),41.28,254.0,0.8839,0.0213,2.24,6.3,11,111.0,6019.0
WC-000510_202501,2025-01-01,Southern,Carolinas,Commercial,Driver,5-10 Years,Mid-Life (3-5yr),40.84,130.0,0.9292,0.0216,2.1,6.4,9,69.0,3429.0
WC-000511_202501,2025-01-01,Southern,Carolinas,Industrial,Driver,2-5 Years,Aging (6-8yr),41.62,29.0,0.8496,0.0235,2.24,4.7,5,10.0,500.0
WC-000512_202501,2025-01-01,Southern,Carolinas,E&P,Operator,1-2 Years,Mid-Life (3-5yr),40.24,15.0,0.9079,0.0233,2.75,4.0,2,10.0,500.0
WC-000513_202501,2025-01-01,Central,Great Plains,Residential,Mechanic,2-5 Years,Aging (6-8yr),41.22,275.0,0.9341,0.0251,2.3,5.2,14,241.0,13132.0
WC-000514_202501,2025-01-01,Central,Great Plains,Commercial,Driver,5-10 Years,Aging (6-8yr),47.89,97.0,0.8534,0.0234,3.4,3.8,14,52.0,3167.0
WC-000515_202501,2025-01-01,Central,Great Plains,Industrial,Driver,1-2 Years,Mid-Life (3-5yr),38.78,38.0,0.8975,0.0255,2.87,4.9,4,10.0,500.0
WC-000516_202501,2025-01-01,Central,Great Plains,E&P,Driver,2-5 Years,Aging (6-8yr),40.75,18.0,0.9014,0.0256,2.18,3.6,4,10.0,500.0
WC-000517_202501,2025-01-01,Central,Upper Midwest,Residential,Helper,10+ Years,Aging (6-8yr),42.85,330.0,0.9205,0.0189,1.81,5.6,10,235.0,13280.0
WC-000518_202501,2025-01-01,Central,Upper Midwest,Commercial,Mechanic,2-5 Years,Mid-Life (3-5yr),50.48,94.0,0.9623,0.0198,2.1,5.6,14,52.0,3196.0
WC-000519_202501,2025-01-01,Central,Upper Midwest,Industrial,Mechanic,5-10 Years,Mid-Life (3-5yr),45.28,28.0,0.8864,0.0297,3.11,4.8,6,10.0,500.0
WC-000520_202501,2025-01-01,Central,Upper Midwest,E&P,Driver,< 1 Year,End-of-Life (9+yr),41.68,17.0,0.8687,0.0229,2.98,6.4,1,10.0,500.0
WC-000521_202501,2025-01-01,Central,Missouri Valley,Residential,Driver,2-5 Years,Aging (6-8yr),48.19,278.0,0.9372,0.0283,1.62,4.0,20,237.0,14473.0
WC-000522_202501,2025-01-01,Central,Missouri Valley,Commercial,Driver,2-5 Years,Mid-Life (3-5yr),48.39,130.0,0.8811,0.0181,2.3,3.8,5,41.0,2355.0
WC-000523_202501,2025-01-01,Central,Missouri Valley,Industrial,Driver,10+ Years,Aging (6-8yr),41.01,26.0,0.8958,0.0243,2.8,5.5,2,10.0,500.0
WC-000524_202501,2025-01-01,Central,Missouri Valley,E&P,Mechanic,2-5 Years,End-of-Life (9+yr),48.69,17.0,0.8575,0.0234,1.92,4.8,4,10.0,500.0
WC-000525_202501,2025-01-01,Central,Ozarks,Residential,Operator,1-2 Years,Aging (6-8yr),40.74,330.0,0.8986,0.0186,2.26,6.2,13,270.0,14175.0
WC-000526_202501,2025-01-01,Central,Ozarks,Commercial,Operator,10+ Years,New (0-2yr),53.36,131.0,0.8819,0.0234,3.43,4.0,14,133.0,8468.0
WC-000527_202501,2025-01-01,Central,Ozarks,Industrial,Mechanic,2-5 Years,Mid-Life (3-5yr),48.31,41.0,0.9372,0.026,2.93,5.2,7,21.0,1383.0
WC-000528_202501,2025-01-01,Central,Ozarks,E&P,Mechanic,2-5 Years,End-of-Life (9+yr),42.24,20.0,0.9559,0.0269,2.29,5.4,2,10.0,500.0
WC-000529_202501,2025-01-01,Eastern,Mid-Atlantic,Residential,Driver,1-2 Years,Mid-Life (3-5yr),42.61,340.0,0.9357,0.027,2.32,5.4,22,507.0,25890.0
WC-000530_202501,2025-01-01,Eastern,Mid-Atlantic,Commercial,Operator,10+ Years,Aging (6-8yr),44.18,117.0,0.9194,0.0255,2.8,5.0,9,74.0,4323.0
WC-000531_202501,2025-01-01,Eastern,Mid-Atlantic,Industrial,Driver,5-10 Years,Mid-Life (3-5yr),39.27,39.0,0.8878,0.0283,1.42,3.5,7,10.0,500.0
WC-000532_202501,2025-01-01,Eastern,Mid-Atlantic,E&P,Helper,2-5 Years,End-of-Life (9+yr),50.2,18.0,0.8873,0.0191,2.64,5.7,4,10.0,500.0
WC-000533_202501,2025-01-01,Eastern,New England,Residential,Mechanic,1-2 Years,New (0-2yr),47.09,309.0,0.8681,0.0186,2.94,6.2,13,267.0,16868.0
WC-000534_202501,2025-01-01,Eastern,New England,Commercial,Helper,5-10 Years,Mid-Life (3-5yr),39.85,147.0,0.8679,0.0295,1.5,6.1,14,96.0,5171.0
WC-000535_202501,2025-01-01,Eastern,New England,Industrial,Driver,10+ Years,Mid-Life (3-5yr),50.89,37.0,0.9325,0.0181,2.9,3.7,4,10.0,500.0
WC-000536_202501,2025-01-01,Eastern,New England,E&P,Helper,< 1 Year,Mid-Life (3-5yr),49.36,18.0,0.918,0.0185,3.48,5.1,3,10.0,500.0
WC-000537_202501,2025-01-01,Eastern,Great Lakes,Residential,Driver,10+ Years,End-of-Life (9+yr),49.03,340.0,0.9015,0.0169,2.39,6.3,20,527.0,31801.0
WC-000538_202501,2025-01-01,Eastern,Great Lakes,Commercial,Driver,1-2 Years,New (0-2yr),49.95,117.0,0.8656,0.0267,2.79,5.6,6,29.0,1745.0
WC-000539_202501,2025-01-01,Eastern,Great Lakes,Industrial,Operator,1-2 Years,Mid-Life (3-5yr),48.88,24.0,0.8592,0.0155,1.78,4.8,7,10.0,500.0
WC-000540_202501,2025-01-01,Eastern,Great Lakes,E&P,Driver,5-10 Years,Aging (6-8yr),49.35,19.0,0.8694,0.0298,2.8,4.8,2,10.0,500.0
WC-000541_202501,2025-01-01,Eastern,Ohio Valley,Residential,Driver,< 1 Year,New (0-2yr),39.86,298.0,0.858,0.0152,1.62,4.3,17,388.0,18569.0
WC-000542_202501,2025-01-01,Eastern,Ohio Valley,Commercial,Operator,2-5 Years,Mid-Life (3-5yr),48.92,105.0,0.8642,0.0217,2.02,3.7,9,50.0,3023.0
WC-000543_202501,2025-01-01,Eastern,Ohio Valley,Industrial,Operator,5-10 Years,Mid-Life (3-5yr),37.04,33.0,0.9301,0.0226,2.31,5.2,2,10.0,500.0
WC-000544_202501,2025-01-01,Eastern,Ohio Valley,E&P,Driver,< 1 Year,Mid-Life (3-5yr),48.87,17.0,0.8507,0.0244,2.53,5.9,1,10.0,500.0
WC-000545_202501,2025-01-01,Canada,Ontario,Residential,Driver,< 1 Year,Aging (6-8yr),43.71,280.0,0.8713,0.016,1.57,5.4,10,119.0,5986.0
WC-000546_202501,2025-01-01,Canada,Ontario,Commercial,Operator,2-5 Years,New (0-2yr),47.17,116.0,0.9405,0.0197,3.58,5.5,10,80.0,4816.0
WC-000547_202501,2025-01-01,Canada,Ontario,Industrial,Driver,5-10 Years,End-of-Life (9+yr),53.33,21.0,0.907,0.0245,3.43,4.2,4,10.0,500.0
WC-000548_202501,2025-01-01,Canada,Ontario,E&P,Driver,2-5 Years,New (0-2yr),39.89,11.0,0.8805,0.022,3.42,6.3,1,10.0,500.0
WC-000549_202501,2025-01-01,Canada,Alberta,Residential,Operator,10+ Years,Mid-Life (3-5yr),38.74,252.0,0.873,0.0238,2.76,5.5,8,139.0,6340.0
WC-000550_202501,2025-01-01,Canada,Alberta,Commercial,Mechanic,5-10 Years,Mid-Life (3-5yr),46.91,94.0,0.9235,0.0279,1.99,4.4,12,33.0,2005.0
WC-000551_202501,2025-01-01,Canada,Alberta,Industrial,Operator,2-5 Years,New (0-2yr),44.43,39.0,0.9298,0.0293,2.68,3.9,2,10.0,500.0
WC-000552_202501,2025-01-01,Canada,Alberta,E&P,Mechanic,1-2 Years,Mid-Life (3-5yr),51.2,13.0,0.8894,0.0262,1.41,4.3,4,10.0,500.0
WC-000553_202501,2025-01-01,Canada,British Columbia,Residential,Driver,2-5 Years,Mid-Life (3-5yr),45.89,270.0,0.8525,0.0279,3.0,5.4,18,356.0,20616.0
WC-000554_202501,2025-01-01,Canada,British Columbia,Commercial,Driver,10+ Years,Aging (6-8yr),42.47,114.0,0.8773,0.0177,1.99,6.0,8,49.0,2746.0
WC-000555_202501,2025-01-01,Canada,British Columbia,Industrial,Driver,1-2 Years,Aging (6-8yr),46.61,18.0,0.9182,0.0283,3.14,6.4,7,10.0,500.0
WC-000556_202501,2025-01-01,Canada,British Columbia,E&P,Driver,2-5 Years,Aging (6-8yr),38.87,17.0,0.9053,0.0208,1.4,5.0,4,10.0,500.0
WC-000557_202501,2025-01-01,Canada,Quebec,Residential,Driver,2-5 Years,End-of-Life (9+yr),49.7,291.0,0.8793,0.0163,2.27,4.7,20,458.0,27662.0
WC-000558_202501,2025-01-01,Canada,Quebec,Commercial,Operator,1-2 Years,Mid-Life (3-5yr),41.51,143.0,0.8875,0.0236,2.48,4.8,13,39.0,2116.0
WC-000559_202501,2025-01-01,Canada,Quebec,Industrial,Operator,5-10 Years,Aging (6-8yr),42.93,18.0,0.9402,0.0197,3.01,5.2,7,10.0,500.0
WC-000560_202501,2025-01-01,Canada,Quebec,E&P,Driver,5-10 Years,New (0-2yr),44.64,14.0,0.8687,0.0205,1.73,5.4,1,10.0,500.0
WC-000561_202501,2025-01-01,MidSouth,Tennessee Valley,Residential,Mechanic,< 1 Year,New (0-2yr),44.16,336.0,0.9014,0.024,3.18,6.1,19,487.0,25628.0
WC-000562_202501,2025-01-01,MidSouth,Tennessee Valley,Commercial,Mechanic,5-10 Years,Mid-Life (3-5yr),44.59,106.0,0.9514,0.0235,2.92,5.1,5,32.0,1680.0
WC-000563_202501,2025-01-01,MidSouth,Tennessee Valley,Industrial,Driver,5-10 Years,End-of-Life (9+yr),41.66,30.0,0.8571,0.0158,1.58,6.1,5,10.0,565.0
WC-000564_202501,2025-01-01,MidSouth,Tennessee Valley,E&P,Driver,5-10 Years,Mid-Life (3-5yr),41.45,9.0,0.8695,0.0238,1.67,4.4,2,10.0,500.0
WC-000565_202501,2025-01-01,MidSouth,Mississippi Delta,Residential,Operator,5-10 Years,New (0-2yr),46.06,311.0,0.9229,0.0226,3.26,5.6,10,176.0,9991.0
WC-000566_202501,2025-01-01,MidSouth,Mississippi Delta,Commercial,Driver,5-10 Years,New (0-2yr),41.35,111.0,0.864,0.0289,3.06,3.6,6,26.0,1388.0
WC-000567_202501,2025-01-01,MidSouth,Mississippi Delta,Industrial,Driver,< 1 Year,Aging (6-8yr),41.49,28.0,0.8554,0.0238,3.3,5.8,2,10.0,500.0
WC-000568_202501,2025-01-01,MidSouth,Mississippi Delta,E&P,Mechanic,5-10 Years,Mid-Life (3-5yr),49.68,15.0,0.8937,0.0227,2.13,5.6,1,10.0,500.0
WC-000569_202501,2025-01-01,MidSouth,Arkansas,Residential,Driver,5-10 Years,End-of-Life (9+yr),53.09,299.0,0.8891,0.0284,1.7,4.2,8,83.0,5446.0
WC-000570_202501,2025-01-01,MidSouth,Arkansas,Commercial,Helper,10+ Years,New (0-2yr),46.83,133.0,0.855,0.0239,3.32,3.6,10,38.0,2263.0
WC-000571_202501,2025-01-01,MidSouth,Arkansas,Industrial,Driver,5-10 Years,End-of-Life (9+yr),39.66,38.0,0.8639,0.0263,1.42,4.6,4,12.0,612.0
WC-000572_202501,2025-01-01,MidSouth,Arkansas,E&P,Operator,< 1 Year,Aging (6-8yr),44.49,10.0,0.8803,0.0229,2.27,6.0,4,10.0,500.0
WC-000573_202501,2025-01-01,MidSouth,Oklahoma,Residential,Driver,5-10 Years,Mid-Life (3-5yr),48.96,314.0,0.946,0.0208,1.7,6.3,9,114.0,6782.0
WC-000574_202501,2025-01-01,MidSouth,Oklahoma,Commercial,Helper,10+ Years,Mid-Life (3-5yr),51.33,124.0,0.9214,0.0177,3.55,4.7,14,60.0,4058.0
WC-000575_202501,2025-01-01,MidSouth,Oklahoma,Industrial,Operator,2-5 Years,End-of-Life (9+yr),44.08,37.0,0.9165,0.0247,2.87,6.2,5,10.0,569.0
WC-000576_202501,2025-01-01,MidSouth,Oklahoma,E&P,Driver,2-5 Years,New (0-2yr),46.01,16.0,0.8655,0.0167,3.1,5.5,2,10.0,500.0
WC-000577_202502,2025-02-01,Western,Pacific Northwest,Residential,Driver,10+ Years,Aging (6-8yr),36.85,273.0,0.8663,0.0186,2.29,5.8,11,226.0,9878.0
WC-000578_202502,2025-02-01,Western,Pacific Northwest,Commercial,Operator,5-10 Years,Aging (6-8yr),40.13,138.0,0.8738,0.0203,3.74,3.8,7,29.0,1359.0
WC-000579_202502,2025-02-01,Western,Pacific Northwest,Industrial,Driver,< 1 Year,New (0-2yr),42.7,34.0,0.8689,0.0294,2.85,6.3,2,10.0,500.0
WC-000580_202502,2025-02-01,Western,Pacific Northwest,E&P,Mechanic,5-10 Years,New (0-2yr),43.53,9.0,0.9233,0.0231,2.36,5.5,1,10.0,500.0
WC-000581_202502,2025-02-01,Western,Northern California,Residential,Driver,10+ Years,Aging (6-8yr),45.2,314.0,0.8936,0.0154,3.32,4.5,24,196.0,10692.0
WC-000582_202502,2025-02-01,Western,Northern California,Commercial,Driver,2-5 Years,Mid-Life (3-5yr),51.16,130.0,0.8691,0.0205,1.9,6.0,7,73.0,4404.0
WC-000583_202502,2025-02-01,Western,Northern California,Industrial,Mechanic,< 1 Year,Mid-Life (3-5yr),39.8,27.0,0.8807,0.0195,1.92,5.6,2,10.0,500.0
WC-000584_202502,2025-02-01,Western,Northern California,E&P,Mechanic,5-10 Years,Mid-Life (3-5yr),41.19,8.0,0.8445,0.0234,1.62,3.6,3,10.0,500.0
WC-000585_202502,2025-02-01,Western,Southern California,Residential,Driver,< 1 Year,New (0-2yr),53.67,293.0,0.849,0.0168,2.77,6.2,22,244.0,17071.0
WC-000586_202502,2025-02-01,Western,Southern California,Commercial,Mechanic,2-5 Years,Aging (6-8yr),43.24,138.0,0.9108,0.0287,1.56,5.4,10,75.0,4304.0
WC-000587_202502,2025-02-01,Western,Southern California,Industrial,Mechanic,10+ Years,New (0-2yr),49.5,16.0,0.9081,0.0209,3.43,4.7,6,10.0,500.0
WC-000588_202502,2025-02-01,Western,Southern California,E&P,Operator,1-2 Years,End-of-Life (9+yr),45.72,14.0,0.8632,0.0248,3.07,3.8,2,10.0,500.0
WC-000589_202502,2025-02-01,Western,Mountain West,Residential,Helper,2-5 Years,Aging (6-8yr),44.02,303.0,0.8709,0.0195,2.99,5.4,21,257.0,13970.0
WC-000590_202502,2025-02-01,Western,Mountain West,Commercial,Driver,5-10 Years,New (0-2yr),46.74,98.0,0.8938,0.0197,3.31,4.7,6,33.0,1995.0
WC-000591_202502,2025-02-01,Western,Mountain West,Industrial,Driver,1-2 Years,New (0-2yr),40.74,33.0,0.8998,0.0278,3.01,3.8,3,10.0,500.0
WC-000592_202502,2025-02-01,Western,Mountain West,E&P,Mechanic,2-5 Years,New (0-2yr),52.19,12.0,0.8678,0.023,1.74,5.1,1,10.0,500.0
WC-000593_202502,2025-02-01,Southern,Gulf Coast,Residential,Helper,1-2 Years,End-of-Life (9+yr),43.21,346.0,0.9106,0.0199,2.6,4.2,23,329.0,18737.0
WC-000594_202502,2025-02-01,Southern,Gulf Coast,Commercial,Driver,< 1 Year,Aging (6-8yr),38.7,120.0,0.9029,0.0216,2.63,4.2,6,24.0,1177.0
WC-000595_202502,2025-02-01,Southern,Gulf Coast,Industrial,Driver,1-2 Years,Aging (6-8yr),45.29,16.0,0.9603,0.0248,3.14,3.5,2,10.0,500.0
WC-000596_202502,2025-02-01,Southern,Gulf Coast,E&P,Driver,2-5 Years,Aging (6-8yr),38.19,13.0,0.9542,0.0278,2.92,5.5,3,10.0,500.0
WC-000597_202502,2025-02-01,Southern,Southeast Texas,Residential,Driver,5-10 Years,Mid-Life (3-5yr),47.82,309.0,0.9288,0.0266,3.31,4.7,20,380.0,24050.0
WC-000598_202502,2025-02-01,Southern,Southeast Texas,Commercial,Driver,10+ Years,Mid-Life (3-5yr),49.43,129.0,0.8823,0.0199,1.81,6.2,9,76.0,4487.0
WC-000599_202502,2025-02-01,Southern,Southeast Texas,Industrial,Driver,2-5 Years,Aging (6-8yr),52.25,29.0,0.9513,0.0178,3.21,5.5,3,10.0,500.0
WC-000600_202502,2025-02-01,Southern,Southeast Texas,E&P,Mechanic,10+ Years,Mid-Life (3-5yr),48.85,10.0,0.9196,0.0154,3.46,5.9,4,10.0,500.0
WC-000601_202502,2025-02-01,Southern,Florida Panhandle,Residential,Driver,5-10 Years,Aging (6-8yr),40.98,322.0,0.885,0.0246,1.89,3.7,9,103.0,5075.0
WC-000602_202502,2025-02-01,Southern,Florida Panhandle,Commercial,Operator,1-2 Years,Mid-Life (3-5yr),44.26,86.0,0.9124,0.0232,3.16,5.8,6,19.0,956.0
WC-000603_202502,2025-02-01,Southern,Florida Panhandle,Industrial,Driver,5-10 Years,New (0-2yr),49.73,37.0,0.9362,0.017,3.43,6.1,6,11.0,709.0
WC-000604_202502,2025-02-01,Southern,Florida Panhandle,E&P,Operator,10+ Years,Mid-Life (3-5yr),52.79,11.0,0.9586,0.0211,3.18,5.2,1,10.0,500.0
WC-000605_202502,2025-02-01,Southern,Carolinas,Residential,Helper,2-5 Years,New (0-2yr),40.61,336.0,0.9093,0.0298,1.63,3.9,8,91.0,4547.0
WC-000606_202502,2025-02-01,Southern,Carolinas,Commercial,Driver,5-10 Years,Mid-Life (3-5yr),45.38,103.0,0.8631,0.0223,3.12,3.8,12,34.0,1795.0
WC-000607_202502,2025-02-01,Southern,Carolinas,Industrial,Driver,5-10 Years,Aging (6-8yr),42.98,37.0,0.9362,0.022,2.89,5.7,5,10.0,500.0
WC-000608_202502,2025-02-01,Southern,Carolinas,E&P,Operator,2-5 Years,Mid-Life (3-5yr),44.82,20.0,0.9072,0.021,2.0,3.7,3,10.0,500.0
WC-000609_202502,2025-02-01,Central,Great Plains,Residential,Driver,1-2 Years,Aging (6-8yr),42.07,313.0,0.8798,0.0284,2.44,4.4,24,374.0,20648.0
WC-000610_202502,2025-02-01,Central,Great Plains,Commercial,Driver,1-2 Years,Mid-Life (3-5yr),41.73,135.0,0.8667,0.028,2.23,5.1,9,37.0,1918.0
WC-000611_202502,2025-02-01,Central,Great Plains,Industrial,Operator,< 1 Year,Aging (6-8yr),42.81,33.0,0.9101,0.0164,3.31,5.1,3,10.0,500.0
WC-000612_202502,2025-02-01,Central,Great Plains,E&P,Helper,2-5 Years,New (0-2yr),45.59,9.0,0.8717,0.0188,1.94,4.1,4,10.0,500.0
WC-000613_202502,2025-02-01,Central,Upper Midwest,Residential,Mechanic,1-2 Years,New (0-2yr),42.4,318.0,0.9361,0.0272,3.04,6.2,12,88.0,4935.0
WC-000614_202502,2025-02-01,Central,Upper Midwest,Commercial,Driver,1-2 Years,Mid-Life (3-5yr),51.23,89.0,0.9126,0.018,2.11,5.7,7,28.0,1922.0
WC-000615_202502,2025-02-01,Central,Upper Midwest,Industrial,Driver,5-10 Years,Mid-Life (3-5yr),43.03,18.0,0.8534,0.0293,3.63,4.7,2,10.0,500.0
WC-000616_202502,2025-02-01,Central,Upper Midwest,E&P,Mechanic,1-2 Years,End-of-Life (9+yr),40.65,13.0,0.8694,0.0173,1.68,5.1,2,10.0,500.0
WC-000617_202502,2025-02-01,Central,Missouri Valley,Residential,Mechanic,5-10 Years,Aging (6-8yr),42.2,304.0,0.9066,0.0227,1.96,4.0,23,226.0,12267.0
WC-000618_202502,2025-02-01,Central,Missouri Valley,Commercial,Driver,2-5 Years,End-of-Life (9+yr),48.18,99.0,0.9494,0.0234,2.9,5.4,6,42.0,2400.0
WC-000619_202502,2025-02-01,Central,Missouri Valley,Industrial,Helper,10+ Years,New (0-2yr),44.37,27.0,0.9272,0.0269,2.71,6.4,4,10.0,500.0
WC-000620_202502,2025-02-01,Central,Missouri Valley,E&P,Mechanic,2-5 Years,Mid-Life (3-5yr),45.47,9.0,0.8719,0.0164,2.08,4.1,4,10.0,500.0
WC-000621_202502,2025-02-01,Central,Ozarks,Residential,Driver,10+ Years,Mid-Life (3-5yr),50.11,306.0,0.8487,0.0233,2.9,6.1,22,176.0,10271.0
WC-000622_202502,2025-02-01,Central,Ozarks,Commercial,Operator,2-5 Years,End-of-Life (9+yr),48.33,104.0,0.9336,0.0216,3.57,4.8,14,97.0,5620.0
WC-000623_202502,2025-02-01,Central,Ozarks,Industrial,Mechanic,10+ Years,New (0-2yr),39.47,15.0,0.9211,0.0173,3.34,4.3,5,10.0,500.0
WC-000624_202502,2025-02-01,Central,Ozarks,E&P,Driver,2-5 Years,Aging (6-8yr),38.48,10.0,0.9249,0.0162,1.93,4.5,2,10.0,500.0
WC-000625_202502,2025-02-01,Eastern,Mid-Atlantic,Residential,Mechanic,5-10 Years,Mid-Life (3-5yr),46.62,278.0,0.8606,0.0218,1.89,4.9,22,191.0,11031.0
WC-000626_202502,2025-02-01,Eastern,Mid-Atlantic,Commercial,Driver,1-2 Years,Aging (6-8yr),49.18,84.0,0.9084,0.0294,2.18,4.9,6,35.0,2009.0
WC-000627_202502,2025-02-01,Eastern,Mid-Atlantic,Industrial,Driver,5-10 Years,Aging (6-8yr),49.7,20.0,0.924,0.0191,2.29,4.5,7,10.0,500.0
WC-000628_202502,2025-02-01,Eastern,Mid-Atlantic,E&P,Helper,2-5 Years,New (0-2yr),41.89,10.0,0.8673,0.0173,2.33,4.1,1,10.0,500.0
WC-000629_202502,2025-02-01,Eastern,New England,Residential,Driver,< 1 Year,Mid-Life (3-5yr),47.28,345.0,0.9425,0.0251,2.89,5.6,19,515.0,29027.0
WC-000630_202502,2025-02-01,Eastern,New England,Commercial,Driver,2-5 Years,Aging (6-8yr),39.17,132.0,0.8638,0.03,2.7,6.3,5,22.0,1108.0
WC-000631_202502,2025-02-01,Eastern,New England,Industrial,Driver,10+ Years,Mid-Life (3-5yr),40.34,28.0,0.9318,0.0186,2.43,4.4,4,10.0,500.0
WC-000632_202502,2025-02-01,Eastern,New England,E&P,Operator,< 1 Year,New (0-2yr),45.35,8.0,0.8657,0.0165,3.13,4.1,4,10.0,500.0
WC-000633_202502,2025-02-01,Eastern,Great Lakes,Residential,Driver,1-2 Years,End-of-Life (9+yr),44.54,326.0,0.9401,0.0196,3.49,4.0,24,355.0,18737.0
WC-000634_202502,2025-02-01,Eastern,Great Lakes,Commercial,Operator,< 1 Year,End-of-Life (9+yr),43.38,96.0,0.883,0.0225,3.39,5.2,7,22.0,1118.0
WC-000635_202502,2025-02-01,Eastern,Great Lakes,Industrial,Driver,1-2 Years,New (0-2yr),47.95,36.0,0.8492,0.0224,2.77,4.0,6,13.0,749.0
WC-000636_202502,2025-02-01,Eastern,Great Lakes,E&P,Driver,2-5 Years,Mid-Life (3-5yr),48.94,9.0,0.8577,0.0282,1.64,4.0,1,10.0,500.0
WC-000637_202502,2025-02-01,Eastern,Ohio Valley,Residential,Driver,2-5 Years,New (0-2yr),44.32,285.0,0.8835,0.0198,1.71,3.9,12,249.0,14531.0
WC-000638_202502,2025-02-01,Eastern,Ohio Valley,Commercial,Mechanic,5-10 Years,Aging (6-8yr),51.97,127.0,0.9497,0.0162,2.52,6.5,13,98.0,6448.0
WC-000639_202502,2025-02-01,Eastern,Ohio Valley,Industrial,Helper,< 1 Year,Aging (6-8yr),41.69,30.0,0.9396,0.0288,2.03,5.7,6,10.0,500.0
WC-000640_202502,2025-02-01,Eastern,Ohio Valley,E&P,Operator,2-5 Years,New (0-2yr),48.48,11.0,0.8966,0.0168,1.6,5.5,1,10.0,500.0
WC-000641_202502,2025-02-01,Canada,Ontario,Residential,Driver,1-2 Years,Mid-Life (3-5yr),39.12,331.0,0.9144,0.0157,2.43,3.9,17,415.0,20266.0
WC-000642_202502,2025-02-01,Canada,Ontario,Commercial,Driver,< 1 Year,End-of-Life (9+yr),44.0,141.0,0.8712,0.022,3.32,4.7,9,42.0,2433.0
WC-000643_202502,2025-02-01,Canada,Ontario,Industrial,Driver,< 1 Year,Mid-Life (3-5yr),50.61,36.0,0.8906,0.0228,3.32,6.4,7,10.0,671.0
WC-000644_202502,2025-02-01,Canada,Ontario,E&P,Operator,< 1 Year,Mid-Life (3-5yr),47.51,9.0,0.9271,0.0209,3.04,4.8,1,10.0,500.0
WC-000645_202502,2025-02-01,Canada,Alberta,Residential,Operator,2-5 Years,Mid-Life (3-5yr),48.48,276.0,0.8858,0.0176,2.22,4.9,18,392.0,22110.0
WC-000646_202502,2025-02-01,Canada,Alberta,Commercial,Mechanic,2-5 Years,Mid-Life (3-5yr),46.12,88.0,0.9032,0.0185,2.94,4.4,8,46.0,2800.0
WC-000647_202502,2025-02-01,Canada,Alberta,Industrial,Helper,2-5 Years,New (0-2yr),41.53,27.0,0.9008,0.0251,1.6,5.7,5,10.0,500.0
WC-000648_202502,2025-02-01,Canada,Alberta,E&P,Helper,2-5 Years,Aging (6-8yr),44.45,11.0,0.8872,0.0157,2.45,4.9,4,10.0,500.0
WC-000649_202502,2025-02-01,Canada,British Columbia,Residential,Driver,10+ Years,Mid-Life (3-5yr),38.3,337.0,0.9419,0.0268,2.81,5.2,15,213.0,10832.0
WC-000650_202502,2025-02-01,Canada,British Columbia,Commercial,Mechanic,2-5 Years,Aging (6-8yr),43.65,104.0,0.8888,0.025,1.69,6.0,7,56.0,3180.0
WC-000651_202502,2025-02-01,Canada,British Columbia,Industrial,Driver,10+ Years,Mid-Life (3-5yr),45.29,26.0,0.8479,0.0296,1.57,4.5,4,10.0,500.0
WC-000652_202502,2025-02-01,Canada,British Columbia,E&P,Operator,5-10 Years,New (0-2yr),44.21,18.0,0.8737,0.0268,1.8,3.6,2,10.0,500.0
WC-000653_202502,2025-02-01,Canada,Quebec,Residential,Driver,10+ Years,Mid-Life (3-5yr),42.8,264.0,0.9386,0.0247,2.11,4.5,24,494.0,26999.0
WC-000654_202502,2025-02-01,Canada,Quebec,Commercial,Driver,1-2 Years,New (0-2yr),48.28,127.0,0.9681,0.0214,1.71,6.2,9,69.0,4208.0
WC-000655_202502,2025-02-01,Canada,Quebec,Industrial,Driver,< 1 Year,End-of-Life (9+yr),37.9,38.0,0.9345,0.0203,3.64,5.1,5,10.0,500.0
WC-000656_202502,2025-02-01,Canada,Quebec,E&P,Mechanic,2-5 Years,Aging (6-8yr),46.21,17.0,0.845,0.0233,3.25,3.6,4,10.0,500.0
WC-000657_202502,2025-02-01,MidSouth,Tennessee Valley,Residential,Driver,1-2 Years,New (0-2yr),48.11,304.0,0.9141,0.0268,3.06,5.1,12,243.0,14792.0
WC-000658_202502,2025-02-01,MidSouth,Tennessee Valley,Commercial,Operator,5-10 Years,Aging (6-8yr),40.87,125.0,0.8529,0.0202,3.04,3.8,9,53.0,2769.0
WC-000659_202502,2025-02-01,MidSouth,Tennessee Valley,Industrial,Driver,10+ Years,Mid-Life (3-5yr),42.17,33.0,0.8842,0.0291,3.21,5.1,4,10.0,500.0
WC-000660_202502,2025-02-01,MidSouth,Tennessee Valley,E&P,Driver,2-5 Years,New (0-2yr),43.21,14.0,0.9336,0.0239,3.2,4.3,2,10.0,500.0
WC-000661_202502,2025-02-01,MidSouth,Mississippi Delta,Residential,Helper,< 1 Year,End-of-Life (9+yr),49.36,246.0,0.9085,0.0252,1.56,6.1,16,265.0,15236.0
WC-000662_202502,2025-02-01,MidSouth,Mississippi Delta,Commercial,Driver,5-10 Years,Aging (6-8yr),39.98,92.0,0.8561,0.021,1.8,3.8,5,19.0,1001.0
WC-000663_202502,2025-02-01,MidSouth,Mississippi Delta,Industrial,Driver,2-5 Years,Mid-Life (3-5yr),45.09,38.0,0.9395,0.0229,2.52,4.2,6,10.0,513.0
WC-000664_202502,2025-02-01,MidSouth,Mississippi Delta,E&P,Driver,2-5 Years,End-of-Life (9+yr),39.68,20.0,0.9156,0.0282,3.65,5.0,4,10.0,500.0
WC-000665_202502,2025-02-01,MidSouth,Arkansas,Residential,Mechanic,2-5 Years,New (0-2yr),39.45,328.0,0.8863,0.0199,2.33,5.2,22,375.0,18529.0
WC-000666_202502,2025-02-01,MidSouth,Arkansas,Commercial,Helper,10+ Years,New (0-2yr),49.38,90.0,0.8845,0.0281,2.48,5.2,11,35.0,2182.0
WC-000667_202502,2025-02-01,MidSouth,Arkansas,Industrial,Operator,5-10 Years,New (0-2yr),45.11,17.0,0.8553,0.0299,2.3,6.2,2,10.0,500.0
WC-000668_202502,2025-02-01,MidSouth,Arkansas,E&P,Driver,5-10 Years,Aging (6-8yr),41.0,13.0,0.9258,0.0258,2.86,6.1,1,10.0,500.0
WC-000669_202502,2025-02-01,MidSouth,Oklahoma,Residential,Driver,2-5 Years,Mid-Life (3-5yr),41.73,284.0,0.9442,0.0172,1.59,3.9,19,198.0,9809.0
WC-000670_202502,2025-02-01,MidSouth,Oklahoma,Commercial,Mechanic,2-5 Years,New (0-2yr),51.03,138.0,0.9052,0.0279,2.69,6.4,9,99.0,6195.0
WC-000671_202502,2025-02-01,MidSouth,Oklahoma,Industrial,Driver,2-5 Years,End-of-Life (9+yr),39.38,21.0,0.8628,0.0168,2.49,5.2,6,10.0,500.0
WC-000672_202502,2025-02-01,MidSouth,Oklahoma,E&P,Mechanic,5-10 Years,End-of-Life (9+yr),46.01,11.0,0.9249,0.022,3.11,4.7,3,10.0,500.0
WC-000673_202503,2025-03-01,Western,Pacific Northwest,Residential,Driver,2-5 Years,End-of-Life (9+yr),48.66,319.0,0.8881,0.0214,2.5,4.8,11,88.0,5151.0
WC-000674_202503,2025-03-01,Western,Pacific Northwest,Commercial,Mechanic,5-10 Years,End-of-Life (9+yr),49.41,118.0,0.8703,0.0191,2.67,4.3,8,55.0,3400.0
WC-000675_202503,2025-03-01,Western,Pacific Northwest,Industrial,Driver,< 1 Year,New (0-2yr),45.59,27.0,0.8907,0.0268,3.2,3.9,2,10.0,500.0
WC-000676_202503,2025-03-01,Western,Pacific Northwest,E&P,Driver,5-10 Years,End-of-Life (9+yr),42.45,8.0,0.9079,0.0214,2.46,5.1,1,10.0,500.0
WC-000677_202503,2025-03-01,Western,Northern California,Residential,Driver,5-10 Years,New (0-2yr),47.36,336.0,0.8965,0.0269,2.66,5.4,17,239.0,14690.0
WC-000678_202503,2025-03-01,Western,Northern California,Commercial,Operator,10+ Years,Mid-Life (3-5yr),45.43,103.0,0.9269,0.0205,3.48,6.4,5,20.0,1214.0
WC-000679_202503,2025-03-01,Western,Northern California,Industrial,Operator,< 1 Year,New (0-2yr),52.95,30.0,0.8915,0.0297,2.35,4.2,4,10.0,500.0
WC-000680_202503,2025-03-01,Western,Northern California,E&P,Driver,1-2 Years,Aging (6-8yr),41.99,18.0,0.9319,0.0153,2.58,4.6,2,10.0,500.0
WC-000681_202503,2025-03-01,Western,Southern California,Residential,Driver,1-2 Years,Aging (6-8yr),40.26,249.0,0.8719,0.0295,2.76,4.9,22,298.0,16163.0
WC-000682_202503,2025-03-01,Western,Southern California,Commercial,Mechanic,10+ Years,New (0-2yr),48.55,133.0,0.8772,0.0269,1.67,4.7,13,128.0,8200.0
WC-000683_202503,2025-03-01,Western,Southern California,Industrial,Driver,1-2 Years,New (0-2yr),45.5,25.0,0.9059,0.0227,2.13,4.1,5,10.0,500.0
WC-000684_202503,2025-03-01,Western,Southern California,E&P,Driver,5-10 Years,Aging (6-8yr),40.14,12.0,0.861,0.0157,2.57,3.5,2,10.0,500.0
WC-000685_202503,2025-03-01,Western,Mountain West,Residential,Mechanic,5-10 Years,Mid-Life (3-5yr),45.02,288.0,0.8616,0.0282,1.63,6.2,20,447.0,26984.0
WC-000686_202503,2025-03-01,Western,Mountain West,Commercial,Operator,2-5 Years,End-of-Life (9+yr),37.39,148.0,0.8993,0.0236,1.92,6.3,14,133.0,6569.0
WC-000687_202503,2025-03-01,Western,Mountain West,Industrial,Operator,5-10 Years,Aging (6-8yr),39.47,30.0,0.8621,0.0225,1.71,5.6,3,10.0,500.0
WC-000688_202503,2025-03-01,Western,Mountain West,E&P,Mechanic,10+ Years,Mid-Life (3-5yr),46.2,18.0,0.9083,0.0219,1.9,4.3,3,10.0,500.0
WC-000689_202503,2025-03-01,Southern,Gulf Coast,Residential,Driver,5-10 Years,Aging (6-8yr),52.27,318.0,0.91,0.0163,1.53,4.6,13,308.0,18829.0
WC-000690_202503,2025-03-01,Southern,Gulf Coast,Commercial,Operator,1-2 Years,New (0-2yr),41.43,100.0,0.9272,0.0231,2.85,4.9,11,29.0,1380.0
WC-000691_202503,2025-03-01,Southern,Gulf Coast,Industrial,Driver,1-2 Years,New (0-2yr),43.72,38.0,0.9299,0.0287,3.33,4.9,6,10.0,500.0
WC-000692_202503,2025-03-01,Southern,Gulf Coast,E&P,Mechanic,< 1 Year,New (0-2yr),46.4,15.0,0.9248,0.0262,3.31,4.6,1,10.0,500.0
WC-000693_202503,2025-03-01,Southern,Southeast Texas,Residential,Mechanic,2-5 Years,Mid-Life (3-5yr),39.05,330.0,0.8785,0.0201,3.63,5.4,13,338.0,16608.0
WC-000694_202503,2025-03-01,Southern,Southeast Texas,Commercial,Driver,2-5 Years,End-of-Life (9+yr),44.25,113.0,0.8905,0.0192,3.35,5.2,9,22.0,1222.0
WC-000695_202503,2025-03-01,Southern,Southeast Texas,Industrial,Driver,5-10 Years,Mid-Life (3-5yr),39.92,34.0,0.8909,0.0214,3.17,4.4,7,10.0,500.0
WC-000696_202503,2025-03-01,Southern,Southeast Texas,E&P,Driver,2-5 Years,End-of-Life (9+yr),45.06,16.0,0.9178,0.0232,1.52,5.5,3,10.0,500.0
WC-000697_202503,2025-03-01,Southern,Florida Panhandle,Residential,Driver,2-5 Years,New (0-2yr),45.63,259.0,0.8879,0.024,2.48,5.9,9,51.0,2756.0
WC-000698_202503,2025-03-01,Southern,Florida Panhandle,Commercial,Operator,2-5 Years,New (0-2yr),45.82,82.0,0.8994,0.0232,1.8,6.3,12,49.0,2771.0
WC-000699_202503,2025-03-01,Southern,Florida Panhandle,Industrial,Driver,5-10 Years,Mid-Life (3-5yr),41.16,24.0,0.9011,0.0212,2.92,6.2,4,10.0,500.0
WC-000700_202503,2025-03-01,Southern,Florida Panhandle,E&P,Operator,< 1 Year,New (0-2yr),40.19,9.0,0.8917,0.0235,1.57,3.8,4,10.0,500.0
WC-000701_202503,2025-03-01,Southern,Carolinas,Residential,Driver,1-2 Years,Aging (6-8yr),50.72,311.0,0.8795,0.0209,2.76,4.9,10,226.0,13498.0
WC-000702_202503,2025-03-01,Southern,Carolinas,Commercial,Mechanic,2-5 Years,Aging (6-8yr),40.02,99.0,0.9029,0.0218,2.55,3.9,5,16.0,725.0
WC-000703_202503,2025-03-01,Southern,Carolinas,Industrial,Helper,5-10 Years,Mid-Life (3-5yr),49.8,29.0,0.8465,0.0192,1.98,5.2,5,11.0,673.0
WC-000704_202503,2025-03-01,Southern,Carolinas,E&P,Driver,< 1 Year,Mid-Life (3-5yr),43.78,15.0,0.9117,0.0265,1.79,4.9,4,10.0,500.0
WC-000705_202503,2025-03-01,Central,Great Plains,Residential,Driver,10+ Years,Aging (6-8yr),44.4,260.0,0.9654,0.028,2.57,3.9,8,67.0,3831.0
WC-000706_202503,2025-03-01,Central,Great Plains,Commercial,Driver,1-2 Years,New (0-2yr),41.98,141.0,0.8627,0.0225,3.03,5.2,6,29.0,1650.0
WC-000707_202503,2025-03-01,Central,Great Plains,Industrial,Driver,1-2 Years,Mid-Life (3-5yr),49.34,18.0,0.9275,0.021,2.03,5.2,3,10.0,500.0
WC-000708_202503,2025-03-01,Central,Great Plains,E&P,Helper,2-5 Years,Aging (6-8yr),37.21,10.0,0.8794,0.0279,2.46,4.2,1,10.0,500.0
WC-000709_202503,2025-03-01,Central,Upper Midwest,Residential,Mechanic,2-5 Years,New (0-2yr),38.51,255.0,0.9696,0.0287,2.8,4.7,23,364.0,18497.0
WC-000710_202503,2025-03-01,Central,Upper Midwest,Commercial,Mechanic,2-5 Years,End-of-Life (9+yr),45.06,96.0,0.8807,0.0248,3.62,6.3,14,85.0,4983.0
WC-000711_202503,2025-03-01,Central,Upper Midwest,Industrial,Driver,2-5 Years,End-of-Life (9+yr),49.58,15.0,0.8658,0.0155,3.43,4.1,7,10.0,500.0
WC-000712_202503,2025-03-01,Central,Upper Midwest,E&P,Driver,5-10 Years,End-of-Life (9+yr),38.89,15.0,0.8493,0.0247,2.87,5.5,1,10.0,500.0
WC-000713_202503,2025-03-01,Central,Missouri Valley,Residential,Mechanic,10+ Years,Mid-Life (3-5yr),47.45,282.0,0.9347,0.0188,3.12,6.4,9,90.0,5426.0
WC-000714_202503,2025-03-01,Central,Missouri Valley,Commercial,Mechanic,2-5 Years,Aging (6-8yr),41.17,89.0,0.9085,0.0283,2.12,5.1,12,42.0,2250.0
WC-000715_202503,2025-03-01,Central,Missouri Valley,Industrial,Mechanic,5-10 Years,Aging (6-8yr),42.53,19.0,0.8919,0.0241,2.69,3.9,5,10.0,500.0
WC-000716_202503,2025-03-01,Central,Missouri Valley,E&P,Driver,1-2 Years,Aging (6-8yr),52.14,12.0,0.9695,0.0275,1.46,6.3,3,10.0,500.0
WC-000717_202503,2025-03-01,Central,Ozarks,Residential,Mechanic,10+ Years,Mid-Life (3-5yr),45.62,261.0,0.9044,0.018,3.42,6.4,19,189.0,10035.0
WC-000718_202503,2025-03-01,Central,Ozarks,Commercial,Helper,5-10 Years,End-of-Life (9+yr),41.43,121.0,0.9097,0.0242,2.23,4.8,10,65.0,3186.0
WC-000719_202503,2025-03-01,Central,Ozarks,Industrial,Operator,< 1 Year,Aging (6-8yr),50.39,27.0,0.8887,0.0173,3.13,4.5,7,15.0,871.0
WC-000720_202503,2025-03-01,Central,Ozarks,E&P,Driver,2-5 Years,Mid-Life (3-5yr),48.31,16.0,0.8719,0.0296,1.73,5.0,2,10.0,500.0
WC-000721_202503,2025-03-01,Eastern,Mid-Atlantic,Residential,Driver,5-10 Years,End-of-Life (9+yr),51.92,341.0,0.9227,0.02,3.18,4.3,22,293.0,19292.0
WC-000722_202503,2025-03-01,Eastern,Mid-Atlantic,Commercial,Driver,5-10 Years,Mid-Life (3-5yr),44.93,129.0,0.8999,0.0252,1.61,4.6,9,50.0,2904.0
WC-000723_202503,2025-03-01,Eastern,Mid-Atlantic,Industrial,Mechanic,5-10 Years,End-of-Life (9+yr),48.84,35.0,0.8748,0.0182,2.39,4.0,7,17.0,1083.0
WC-000724_202503,2025-03-01,Eastern,Mid-Atlantic,E&P,Operator,5-10 Years,End-of-Life (9+yr),50.45,18.0,0.8551,0.0188,2.74,5.7,2,10.0,500.0
WC-000725_202503,2025-03-01,Eastern,New England,Residential,Driver,5-10 Years,End-of-Life (9+yr),46.78,342.0,0.9529,0.0264,3.34,4.2,23,503.0,30588.0
WC-000726_202503,2025-03-01,Eastern,New England,Commercial,Driver,1-2 Years,Aging (6-8yr),48.65,116.0,0.8909,0.0152,2.64,3.8,5,45.0,2656.0
WC-000727_202503,2025-03-01,Eastern,New England,Industrial,Driver,2-5 Years,New (0-2yr),49.45,19.0,0.8485,0.02,2.14,6.3,5,10.0,500.0
WC-000728_202503,2025-03-01,Eastern,New England,E&P,Driver,10+ Years,End-of-Life (9+yr),38.76,12.0,0.9301,0.0176,2.15,4.7,4,10.0,500.0
WC-000729_202503,2025-03-01,Eastern,Great Lakes,Residential,Mechanic,5-10 Years,Mid-Life (3-5yr),42.85,300.0,0.9315,0.0294,3.24,4.7,20,374.0,20622.0
WC-000730_202503,2025-03-01,Eastern,Great Lakes,Commercial,Driver,< 1 Year,Aging (6-8yr),43.84,98.0,0.8633,0.0255,1.67,6.3,5,32.0,1685.0
WC-000731_202503,2025-03-01,Eastern,Great Lakes,Industrial,Operator,1-2 Years,Mid-Life (3-5yr),45.61,36.0,0.8552,0.0256,2.03,3.6,4,10.0,500.0
WC-000732_202503,2025-03-01,Eastern,Great Lakes,E&P,Driver,1-2 Years,New (0-2yr),45.61,18.0,0.8333,0.0214,2.25,5.3,2,10.0,500.0
WC-000733_202503,2025-03-01,Eastern,Ohio Valley,Residential,Driver,10+ Years,Aging (6-8yr),43.88,303.0,0.8995,0.0182,1.63,6.5,20,471.0,25942.0
WC-000734_202503,2025-03-01,Eastern,Ohio Valley,Commercial,Helper,1-2 Years,Mid-Life (3-5yr),46.12,148.0,0.9049,0.0164,2.58,5.7,13,49.0,2672.0
WC-000735_202503,2025-03-01,Eastern,Ohio Valley,Industrial,Driver,10+ Years,Mid-Life (3-5yr),43.97,40.0,0.9456,0.0202,3.11,5.2,7,18.0,932.0
WC-000736_202503,2025-03-01,Eastern,Ohio Valley,E&P,Driver,< 1 Year,Mid-Life (3-5yr),53.33,18.0,0.868,0.0225,2.82,5.1,1,10.0,500.0
WC-000737_202503,2025-03-01,Canada,Ontario,Residential,Driver,2-5 Years,End-of-Life (9+yr),42.75,311.0,0.8866,0.0158,1.54,4.1,24,265.0,13812.0
WC-000738_202503,2025-03-01,Canada,Ontario,Commercial,Driver,1-2 Years,Mid-Life (3-5yr),40.49,126.0,0.9029,0.0188,3.2,4.3,14,77.0,3924.0
WC-000739_202503,2025-03-01,Canada,Ontario,Industrial,Driver,10+ Years,End-of-Life (9+yr),48.11,22.0,0.919,0.0247,2.07,6.0,5,10.0,500.0
WC-000740_202503,2025-03-01,Canada,Ontario,E&P,Driver,2-5 Years,Aging (6-8yr),48.98,19.0,0.9284,0.0183,1.87,5.5,3,10.0,500.0
WC-000741_202503,2025-03-01,Canada,Alberta,Residential,Driver,5-10 Years,Aging (6-8yr),41.32,276.0,0.8882,0.0194,2.72,5.1,8,64.0,3345.0
WC-000742_202503,2025-03-01,Canada,Alberta,Commercial,Driver,2-5 Years,Mid-Life (3-5yr),48.23,138.0,0.9453,0.0241,2.37,5.6,10,32.0,1997.0
WC-000743_202503,2025-03-01,Canada,Alberta,Industrial,Driver,5-10 Years,End-of-Life (9+yr),49.69,16.0,0.8774,0.0247,3.37,6.3,3,10.0,500.0
WC-000744_202503,2025-03-01,Canada,Alberta,E&P,Operator,5-10 Years,Mid-Life (3-5yr),49.04,13.0,0.9354,0.0225,1.63,4.2,2,10.0,500.0
WC-000745_202503,2025-03-01,Canada,British Columbia,Residential,Driver,1-2 Years,Aging (6-8yr),47.81,350.0,0.9678,0.0169,1.67,4.6,10,193.0,10670.0
WC-000746_202503,2025-03-01,Canada,British Columbia,Commercial,Helper,10+ Years,Mid-Life (3-5yr),51.71,105.0,0.8761,0.0172,1.86,3.7,6,32.0,2199.0
WC-000747_202503,2025-03-01,Canada,British Columbia,Industrial,Operator,< 1 Year,New (0-2yr),47.33,31.0,0.8995,0.0231,2.5,5.7,3,10.0,500.0
WC-000748_202503,2025-03-01,Canada,British Columbia,E&P,Driver,10+ Years,Mid-Life (3-5yr),47.8,11.0,0.9024,0.0164,1.91,4.5,2,10.0,500.0
WC-000749_202503,2025-03-01,Canada,Quebec,Residential,Mechanic,< 1 Year,Mid-Life (3-5yr),40.73,283.0,0.8837,0.0208,3.27,6.4,22,357.0,16992.0
WC-000750_202503,2025-03-01,Canada,Quebec,Commercial,Driver,5-10 Years,Mid-Life (3-5yr),40.94,100.0,0.9012,0.0272,2.86,5.2,8,44.0,2300.0
WC-000751_202503,2025-03-01,Canada,Quebec,Industrial,Operator,< 1 Year,New (0-2yr),46.36,19.0,0.8905,0.0239,2.07,6.4,4,10.0,500.0
WC-000752_202503,2025-03-01,Canada,Quebec,E&P,Driver,2-5 Years,New (0-2yr),43.23,14.0,0.9323,0.0296,1.74,4.0,4,10.0,500.0
WC-000753_202503,2025-03-01,MidSouth,Tennessee Valley,Residential,Driver,2-5 Years,Aging (6-8yr),40.34,314.0,0.9349,0.0242,3.55,5.3,12,126.0,6144.0
WC-000754_202503,2025-03-01,MidSouth,Tennessee Valley,Commercial,Driver,1-2 Years,New (0-2yr),52.57,125.0,0.8794,0.0295,1.69,3.8,9,43.0,2704.0
WC-000755_202503,2025-03-01,MidSouth,Tennessee Valley,Industrial,Driver,5-10 Years,End-of-Life (9+yr),51.04,16.0,0.9142,0.0233,1.71,4.6,5,10.0,500.0
WC-000756_202503,2025-03-01,MidSouth,Tennessee Valley,E&P,Driver,5-10 Years,New (0-2yr),40.76,13.0,0.867,0.0297,2.72,5.3,1,10.0,500.0
WC-000757_202503,2025-03-01,MidSouth,Mississippi Delta,Residential,Driver,1-2 Years,Aging (6-8yr),40.83,323.0,0.8886,0.0275,2.87,3.7,20,227.0,11163.0
WC-000758_202503,2025-03-01,MidSouth,Mississippi Delta,Commercial,Driver,10+ Years,New (0-2yr),46.34,145.0,0.8863,0.0226,2.37,5.2,6,20.0,1205.0
WC-000759_202503,2025-03-01,MidSouth,Mississippi Delta,Industrial,Helper,5-10 Years,New (0-2yr),51.86,24.0,0.9485,0.0232,2.11,4.8,3,10.0,500.0
WC-000760_202503,2025-03-01,MidSouth,Mississippi Delta,E&P,Driver,5-10 Years,Aging (6-8yr),41.39,8.0,0.9392,0.0278,2.87,4.6,4,10.0,500.0
WC-000761_202503,2025-03-01,MidSouth,Arkansas,Residential,Driver,2-5 Years,New (0-2yr),42.75,267.0,0.9089,0.0182,3.69,4.0,23,330.0,18216.0
WC-000762_202503,2025-03-01,MidSouth,Arkansas,Commercial,Mechanic,2-5 Years,End-of-Life (9+yr),50.99,131.0,0.9369,0.0238,2.78,5.9,12,41.0,2717.0
WC-000763_202503,2025-03-01,MidSouth,Arkansas,Industrial,Driver,10+ Years,Mid-Life (3-5yr),40.85,25.0,0.8697,0.0294,2.45,4.1,4,10.0,500.0
WC-000764_202503,2025-03-01,MidSouth,Arkansas,E&P,Driver,< 1 Year,Mid-Life (3-5yr),50.55,15.0,0.888,0.0194,1.92,4.0,1,10.0,500.0
WC-000765_202503,2025-03-01,MidSouth,Oklahoma,Residential,Helper,< 1 Year,Mid-Life (3-5yr),44.38,298.0,0.9113,0.0277,2.77,4.0,9,76.0,4240.0
WC-000766_202503,2025-03-01,MidSouth,Oklahoma,Commercial,Driver,1-2 Years,New (0-2yr),50.21,88.0,0.9021,0.024,2.97,5.7,7,43.0,2886.0
WC-000767_202503,2025-03-01,MidSouth,Oklahoma,Industrial,Mechanic,1-2 Years,Mid-Life (3-5yr),41.52,26.0,0.9022,0.0234,3.19,3.6,4,10.0,500.0
WC-000768_202503,2025-03-01,MidSouth,Oklahoma,E&P,Driver,1-2 Years,Aging (6-8yr),39.91,14.0,0.9158,0.0169,2.17,4.6,2,10.0,500.0
WC-000769_202504,2025-04-01,Western,Pacific Northwest,Residential,Helper,2-5 Years,Aging (6-8yr),48.1,251.0,0.909,0.017,2.33,4.9,19,258.0,15614.0
WC-000770_202504,2025-04-01,Western,Pacific Northwest,Commercial,Driver,2-5 Years,New (0-2yr),46.87,130.0,0.8666,0.0153,2.45,3.8,12,124.0,6675.0
WC-000771_202504,2025-04-01,Western,Pacific Northwest,Industrial,Mechanic,5-10 Years,Aging (6-8yr),44.15,15.0,0.9482,0.0253,2.95,4.3,2,10.0,500.0
WC-000772_202504,2025-04-01,Western,Pacific Northwest,E&P,Helper,2-5 Years,Mid-Life (3-5yr),39.74,16.0,0.8981,0.0183,3.47,4.0,4,10.0,500.0
WC-000773_202504,2025-04-01,Western,Northern California,Residential,Operator,10+ Years,Aging (6-8yr),42.33,321.0,0.8971,0.0267,1.87,5.8,9,69.0,3441.0
WC-000774_202504,2025-04-01,Western,Northern California,Commercial,Operator,< 1 Year,New (0-2yr),49.88,120.0,0.907,0.0207,2.42,5.0,5,30.0,1779.0
WC-000775_202504,2025-04-01,Western,Northern California,Industrial,Driver,5-10 Years,Aging (6-8yr),49.0,34.0,0.916,0.0193,3.22,6.5,5,10.0,500.0
WC-000776_202504,2025-04-01,Western,Northern California,E&P,Mechanic,< 1 Year,Mid-Life (3-5yr),50.76,14.0,0.8465,0.0197,2.63,6.2,3,10.0,500.0
WC-000777_202504,2025-04-01,Western,Southern California,Residential,Driver,< 1 Year,End-of-Life (9+yr),49.39,302.0,0.8926,0.02,1.57,4.6,11,84.0,5090.0
WC-000778_202504,2025-04-01,Western,Southern California,Commercial,Mechanic,1-2 Years,Mid-Life (3-5yr),39.58,84.0,0.8525,0.0207,3.17,5.3,12,29.0,1393.0
WC-000779_202504,2025-04-01,Western,Southern California,Industrial,Helper,2-5 Years,Aging (6-8yr),42.21,31.0,0.9218,0.0263,2.53,6.3,4,10.0,500.0
WC-000780_202504,2025-04-01,Western,Southern California,E&P,Driver,2-5 Years,End-of-Life (9+yr),51.53,10.0,0.9348,0.0293,2.32,5.1,2,10.0,500.0
WC-000781_202504,2025-04-01,Western,Mountain West,Residential,Helper,5-10 Years,Aging (6-8yr),40.46,266.0,0.9284,0.0296,2.88,5.4,11,78.0,3900.0
WC-000782_202504,2025-04-01,Western,Mountain West,Commercial,Driver,2-5 Years,Aging (6-8yr),49.47,83.0,0.8419,0.0259,2.6,4.8,14,78.0,4978.0
WC-000783_202504,2025-04-01,Western,Mountain West,Industrial,Driver,2-5 Years,New (0-2yr),40.08,36.0,0.9179,0.0199,2.46,3.8,6,14.0,666.0
WC-000784_202504,2025-04-01,Western,Mountain West,E&P,Driver,10+ Years,Aging (6-8yr),43.91,20.0,0.8887,0.0155,2.99,6.5,3,10.0,500.0
WC-000785_202504,2025-04-01,Southern,Gulf Coast,Residential,Helper,1-2 Years,Mid-Life (3-5yr),38.13,333.0,0.8624,0.0237,1.73,4.3,13,98.0,4439.0
WC-000786_202504,2025-04-01,Southern,Gulf Coast,Commercial,Mechanic,10+ Years,Mid-Life (3-5yr),51.38,138.0,0.8738,0.0282,2.64,6.3,6,31.0,1966.0
WC-000787_202504,2025-04-01,Southern,Gulf Coast,Industrial,Driver,< 1 Year,Aging (6-8yr),50.29,18.0,0.8957,0.0294,1.79,6.1,5,10.0,500.0
WC-000788_202504,2025-04-01,Southern,Gulf Coast,E&P,Driver,1-2 Years,Mid-Life (3-5yr),49.47,19.0,0.9251,0.0153,3.11,3.7,2,10.0,500.0
WC-000789_202504,2025-04-01,Southern,Southeast Texas,Residential,Mechanic,2-5 Years,Aging (6-8yr),42.89,334.0,0.891,0.0175,1.99,4.7,8,189.0,9897.0
WC-000790_202504,2025-04-01,Southern,Southeast Texas,Commercial,Mechanic,< 1 Year,New (0-2yr),36.53,102.0,0.8582,0.0205,3.09,4.5,7,40.0,1715.0
WC-000791_202504,2025-04-01,Southern,Southeast Texas,Industrial,Driver,2-5 Years,New (0-2yr),41.26,34.0,0.9074,0.0271,2.93,5.9,4,10.0,500.0
WC-000792_202504,2025-04-01,Southern,Southeast Texas,E&P,Mechanic,2-5 Years,Aging (6-8yr),49.66,20.0,0.8462,0.0176,1.75,5.3,1,10.0,500.0
WC-000793_202504,2025-04-01,Southern,Florida Panhandle,Residential,Driver,1-2 Years,Aging (6-8yr),52.35,351.0,0.8922,0.0198,1.61,5.0,11,229.0,14320.0
WC-000794_202504,2025-04-01,Southern,Florida Panhandle,Commercial,Mechanic,2-5 Years,Aging (6-8yr),41.41,115.0,0.8918,0.0185,1.43,4.7,14,55.0,2872.0
WC-000795_202504,2025-04-01,Southern,Florida Panhandle,Industrial,Driver,5-10 Years,Mid-Life (3-5yr),40.91,17.0,0.9468,0.0247,3.02,6.7,5,10.0,500.0
WC-000796_202504,2025-04-01,Southern,Florida Panhandle,E&P,Helper,1-2 Years,Mid-Life (3-5yr),45.22,10.0,0.9184,0.0266,3.11,6.2,1,10.0,500.0
WC-000797_202504,2025-04-01,Southern,Carolinas,Residential,Driver,< 1 Year,New (0-2yr),41.67,277.0,0.9244,0.0155,2.54,6.3,18,116.0,6477.0
WC-000798_202504,2025-04-01,Southern,Carolinas,Commercial,Operator,2-5 Years,End-of-Life (9+yr),46.45,107.0,0.9656,0.0176,1.65,4.8,14,82.0,4662.0
WC-000799_202504,2025-04-01,Southern,Carolinas,Industrial,Driver,< 1 Year,End-of-Life (9+yr),42.06,29.0,0.897,0.019,3.09,5.1,5,10.0,500.0
WC-000800_202504,2025-04-01,Southern,Carolinas,E&P,Driver,2-5 Years,Aging (6-8yr),49.3,13.0,0.8742,0.0172,1.49,5.4,3,10.0,500.0
WC-000801_202504,2025-04-01,Central,Great Plains,Residential,Helper,< 1 Year,Mid-Life (3-5yr),39.05,265.0,0.8951,0.0238,2.27,5.9,8,88.0,4031.0
WC-000802_202504,2025-04-01,Central,Great Plains,Commercial,Helper,10+ Years,Aging (6-8yr),44.36,123.0,0.8925,0.023,1.48,4.2,8,61.0,3259.0
WC-000803_202504,2025-04-01,Central,Great Plains,Industrial,Mechanic,5-10 Years,New (0-2yr),49.13,27.0,0.9324,0.0261,2.89,5.2,6,10.0,500.0
WC-000804_202504,2025-04-01,Central,Great Plains,E&P,Driver,5-10 Years,Mid-Life (3-5yr),40.55,19.0,0.9546,0.0239,2.92,4.1,4,10.0,500.0
WC-000805_202504,2025-04-01,Central,Upper Midwest,Residential,Operator,5-10 Years,Mid-Life (3-5yr),42.12,273.0,0.9155,0.0295,2.11,6.0,12,213.0,10665.0
WC-000806_202504,2025-04-01,Central,Upper Midwest,Commercial,Operator,1-2 Years,Aging (6-8yr),39.55,89.0,0.9647,0.0289,2.48,5.6,12,68.0,3230.0
WC-000807_202504,2025-04-01,Central,Upper Midwest,Industrial,Driver,5-10 Years,Mid-Life (3-5yr),43.08,16.0,0.8561,0.0293,3.6,4.0,6,10.0,500.0
WC-000808_202504,2025-04-01,Central,Upper Midwest,E&P,Driver,2-5 Years,New (0-2yr),43.49,17.0,0.86,0.0198,3.11,5.5,3,10.0,500.0
WC-000809_202504,2025-04-01,Central,Missouri Valley,Residential,Driver,5-10 Years,New (0-2yr),49.32,273.0,0.879,0.025,2.14,6.2,15,246.0,15060.0
WC-000810_202504,2025-04-01,Central,Missouri Valley,Commercial,Driver,1-2 Years,Aging (6-8yr),51.07,154.0,0.9222,0.0157,2.33,5.3,5,33.0,1983.0
WC-000811_202504,2025-04-01,Central,Missouri Valley,Industrial,Driver,1-2 Years,New (0-2yr),43.34,32.0,0.8688,0.0172,2.26,4.2,2,10.0,500.0
WC-000812_202504,2025-04-01,Central,Missouri Valley,E&P,Mechanic,1-2 Years,Mid-Life (3-5yr),41.09,12.0,0.9293,0.0198,2.35,4.3,3,10.0,500.0
WC-000813_202504,2025-04-01,Central,Ozarks,Residential,Driver,5-10 Years,Aging (6-8yr),47.83,277.0,0.8576,0.0222,3.11,4.9,14,226.0,12824.0
WC-000814_202504,2025-04-01,Central,Ozarks,Commercial,Driver,5-10 Years,Aging (6-8yr),39.31,106.0,0.9141,0.0227,2.88,4.9,12,71.0,3320.0
WC-000815_202504,2025-04-01,Central,Ozarks,Industrial,Operator,5-10 Years,Mid-Life (3-5yr),38.86,34.0,0.93,0.0205,2.53,4.7,4,10.0,500.0
WC-000816_202504,2025-04-01,Central,Ozarks,E&P,Driver,5-10 Years,New (0-2yr),41.23,12.0,0.9236,0.0253,2.91,6.3,2,10.0,500.0
WC-000817_202504,2025-04-01,Eastern,Mid-Atlantic,Residential,Mechanic,2-5 Years,New (0-2yr),49.7,354.0,0.8712,0.0299,3.37,5.2,8,175.0,10139.0
WC-000818_202504,2025-04-01,Eastern,Mid-Atlantic,Commercial,Driver,10+ Years,Mid-Life (3-5yr),38.8,104.0,0.9003,0.0237,2.17,5.4,5,17.0,877.0
WC-000819_202504,2025-04-01,Eastern,Mid-Atlantic,Industrial,Mechanic,< 1 Year,Mid-Life (3-5yr),50.11,28.0,0.84,0.0238,2.98,4.2,2,10.0,500.0
WC-000820_202504,2025-04-01,Eastern,Mid-Atlantic,E&P,Mechanic,10+ Years,Mid-Life (3-5yr),44.19,14.0,0.8785,0.0285,1.57,3.6,1,10.0,500.0
WC-000821_202504,2025-04-01,Eastern,New England,Residential,Driver,5-10 Years,Mid-Life (3-5yr),46.56,251.0,0.8894,0.0187,2.33,6.1,18,236.0,13681.0
WC-000822_202504,2025-04-01,Eastern,New England,Commercial,Operator,2-5 Years,Aging (6-8yr),40.89,140.0,0.9006,0.0281,1.92,4.9,13,96.0,4880.0
WC-000823_202504,2025-04-01,Eastern,New England,Industrial,Driver,10+ Years,New (0-2yr),49.75,35.0,0.8813,0.0255,2.28,4.2,3,10.0,500.0
WC-000824_202504,2025-04-01,Eastern,New England,E&P,Driver,5-10 Years,New (0-2yr),50.76,18.0,0.957,0.0299,2.08,4.4,2,10.0,500.0
WC-000825_202504,2025-04-01,Eastern,Great Lakes,Residential,Driver,5-10 Years,Aging (6-8yr),41.98,263.0,0.8957,0.0252,3.42,5.9,24,178.0,9674.0
WC-000826_202504,2025-04-01,Eastern,Great Lakes,Commercial,Driver,5-10 Years,Aging (6-8yr),39.44,129.0,0.9029,0.0171,2.19,4.4,11,107.0,4924.0
WC-000827_202504,2025-04-01,Eastern,Great Lakes,Industrial,Mechanic,10+ Years,New (0-2yr),39.42,21.0,0.8787,0.0232,1.71,5.5,4,10.0,500.0
WC-000828_202504,2025-04-01,Eastern,Great Lakes,E&P,Driver,2-5 Years,Aging (6-8yr),47.09,13.0,0.9131,0.0293,2.82,3.9,1,10.0,500.0
WC-000829_202504,2025-04-01,Eastern,Ohio Valley,Residential,Driver,< 1 Year,Mid-Life (3-5yr),49.46,248.0,0.8765,0.0184,3.44,5.9,14,153.0,9518.0
WC-000830_202504,2025-04-01,Eastern,Ohio Valley,Commercial,Operator,10+ Years,Aging (6-8yr),39.69,123.0,0.9441,0.0297,3.52,4.5,7,22.0,1025.0
WC-000831_202504,2025-04-01,Eastern,Ohio Valley,Industrial,Driver,1-2 Years,Aging (6-8yr),39.72,19.0,0.8654,0.0203,2.55,5.7,5,10.0,500.0
WC-000832_202504,2025-04-01,Eastern,Ohio Valley,E&P,Mechanic,2-5 Years,Aging (6-8yr),49.39,19.0,0.852,0.0274,1.78,3.6,2,10.0,500.0
WC-000833_202504,2025-04-01,Canada,Ontario,Residential,Helper,1-2 Years,Aging (6-8yr),40.92,341.0,0.9421,0.0242,3.37,4.8,10,164.0,7861.0
WC-000834_202504,2025-04-01,Canada,Ontario,Commercial,Helper,5-10 Years,End-of-Life (9+yr),40.61,124.0,0.8679,0.0277,2.69,5.7,12,107.0,5090.0
WC-000835_202504,2025-04-01,Canada,Ontario,Industrial,Driver,2-5 Years,New (0-2yr),48.44,24.0,0.8485,0.0168,2.29,6.0,4,10.0,500.0
WC-000836_202504,2025-04-01,Canada,Ontario,E&P,Helper,10+ Years,New (0-2yr),43.96,15.0,0.8986,0.0204,1.88,3.6,4,10.0,500.0
WC-000837_202504,2025-04-01,Canada,Alberta,Residential,Mechanic,10+ Years,Aging (6-8yr),48.04,345.0,0.922,0.0283,2.82,4.4,15,147.0,8731.0
WC-000838_202504,2025-04-01,Canada,Alberta,Commercial,Driver,5-10 Years,New (0-2yr),42.54,91.0,0.9541,0.0197,2.29,4.3,11,62.0,3096.0
WC-000839_202504,2025-04-01,Canada,Alberta,Industrial,Driver,5-10 Years,End-of-Life (9+yr),53.09,17.0,0.9627,0.0194,1.59,3.6,7,10.0,500.0
WC-000840_202504,2025-04-01,Canada,Alberta,E&P,Mechanic,1-2 Years,Aging (6-8yr),43.16,14.0,0.9181,0.0274,3.11,4.9,3,10.0,500.0
WC-000841_202504,2025-04-01,Canada,British Columbia,Residential,Operator,5-10 Years,End-of-Life (9+yr),46.36,315.0,0.8695,0.0239,2.77,3.9,9,73.0,4169.0
WC-000842_202504,2025-04-01,Canada,British Columbia,Commercial,Mechanic,2-5 Years,End-of-Life (9+yr),51.67,151.0,0.8613,0.0257,2.83,5.0,12,70.0,4348.0
WC-000843_202504,2025-04-01,Canada,British Columbia,Industrial,Driver,5-10 Years,Mid-Life (3-5yr),42.06,39.0,0.8779,0.0297,3.02,3.8,5,11.0,635.0
WC-000844_202504,2025-04-01,Canada,British Columbia,E&P,Operator,< 1 Year,New (0-2yr),39.07,9.0,0.9054,0.0152,3.09,5.0,1,10.0,500.0
WC-000845_202504,2025-04-01,Canada,Quebec,Residential,Mechanic,5-10 Years,New (0-2yr),47.94,279.0,0.8602,0.0152,2.06,3.6,10,212.0,12821.0
WC-000846_202504,2025-04-01,Canada,Quebec,Commercial,Driver,2-5 Years,Mid-Life (3-5yr),49.44,102.0,0.9128,0.026,2.59,6.2,6,14.0,854.0
WC-000847_202504,2025-04-01,Canada,Quebec,Industrial,Helper,5-10 Years,New (0-2yr),48.6,22.0,0.8673,0.0163,3.01,4.9,3,10.0,500.0
WC-000848_202504,2025-04-01,Canada,Quebec,E&P,Mechanic,1-2 Years,Mid-Life (3-5yr),48.31,20.0,0.8878,0.0209,3.23,5.0,2,10.0,500.0
WC-000849_202504,2025-04-01,MidSouth,Tennessee Valley,Residential,Driver,5-10 Years,Mid-Life (3-5yr),44.32,357.0,0.895,0.0186,1.96,6.4,11,137.0,8165.0
WC-000850_202504,2025-04-01,MidSouth,Tennessee Valley,Commercial,Operator,< 1 Year,End-of-Life (9+yr),47.63,149.0,0.8748,0.0299,1.94,4.3,5,21.0,1165.0
WC-000851_202504,2025-04-01,MidSouth,Tennessee Valley,Industrial,Driver,2-5 Years,Mid-Life (3-5yr),40.91,19.0,0.9377,0.0228,3.03,3.7,4,10.0,500.0
WC-000852_202504,2025-04-01,MidSouth,Tennessee Valley,E&P,Helper,1-2 Years,End-of-Life (9+yr),39.42,16.0,0.9413,0.0185,2.57,4.1,2,10.0,500.0
WC-000853_202504,2025-04-01,MidSouth,Mississippi Delta,Residential,Operator,< 1 Year,End-of-Life (9+yr),43.01,304.0,0.9225,0.0275,3.01,5.2,12,194.0,10773.0
WC-000854_202504,2025-04-01,MidSouth,Mississippi Delta,Commercial,Driver,5-10 Years,New (0-2yr),39.57,114.0,0.9243,0.023,2.28,4.5,8,51.0,2614.0
WC-000855_202504,2025-04-01,MidSouth,Mississippi Delta,Industrial,Mechanic,5-10 Years,End-of-Life (9+yr),48.72,39.0,0.8451,0.0297,3.22,4.7,6,13.0,854.0
WC-000856_202504,2025-04-01,MidSouth,Mississippi Delta,E&P,Driver,< 1 Year,New (0-2yr),43.33,13.0,0.8802,0.0204,3.26,3.6,1,10.0,500.0
WC-000857_202504,2025-04-01,MidSouth,Arkansas,Residential,Operator,2-5 Years,Mid-Life (3-5yr),44.48,308.0,0.9261,0.0258,3.04,5.3,12,136.0,7717.0
WC-000858_202504,2025-04-01,MidSouth,Arkansas,Commercial,Driver,< 1 Year,Aging (6-8yr),43.57,152.0,0.9466,0.0175,1.51,4.7,5,46.0,2595.0
WC-000859_202504,2025-04-01,MidSouth,Arkansas,Industrial,Helper,1-2 Years,Mid-Life (3-5yr),42.06,36.0,0.8726,0.017,2.15,5.3,6,15.0,819.0
WC-000860_202504,2025-04-01,MidSouth,Arkansas,E&P,Mechanic,5-10 Years,Mid-Life (3-5yr),46.82,12.0,0.8646,0.0159,3.19,5.7,2,10.0,500.0
WC-000861_202504,2025-04-01,MidSouth,Oklahoma,Residential,Mechanic,5-10 Years,New (0-2yr),41.83,315.0,0.8174,0.0286,2.71,6.1,24,320.0,17332.0
WC-000862_202504,2025-04-01,MidSouth,Oklahoma,Commercial,Driver,2-5 Years,Mid-Life (3-5yr),42.11,130.0,0.919,0.0191,1.59,4.4,13,103.0,5791.0
WC-000863_202504,2025-04-01,MidSouth,Oklahoma,Industrial,Mechanic,2-5 Years,New (0-2yr),47.53,18.0,0.891,0.0216,1.63,4.8,7,10.0,500.0
WC-000864_202504,2025-04-01,MidSouth,Oklahoma,E&P,Mechanic,1-2 Years,Aging (6-8yr),41.3,14.0,0.8491,0.019,2.23,5.3,1,10.0,500.0
WC-000865_202505,2025-05-01,Western,Pacific Northwest,Residential,Helper,1-2 Years,End-of-Life (9+yr),43.12,264.0,0.9523,0.017,2.19,4.3,23,198.0,10386.0
WC-000866_202505,2025-05-01,Western,Pacific Northwest,Commercial,Driver,2-5 Years,Mid-Life (3-5yr),42.47,122.0,0.9356,0.0249,2.2,4.4,10,25.0,1272.0
WC-000867_202505,2025-05-01,Western,Pacific Northwest,Industrial,Driver,1-2 Years,End-of-Life (9+yr),45.12,33.0,0.8926,0.0205,2.88,5.8,7,10.0,500.0
WC-000868_202505,2025-05-01,Western,Pacific Northwest,E&P,Driver,2-5 Years,Aging (6-8yr),52.43,9.0,0.8765,0.0302,1.96,5.3,3,10.0,500.0
WC-000869_202505,2025-05-01,Western,Northern California,Residential,Driver,1-2 Years,New (0-2yr),49.14,278.0,0.8511,0.0224,3.11,6.6,16,290.0,17844.0
WC-000870_202505,2025-05-01,Western,Northern California,Commercial,Mechanic,2-5 Years,Aging (6-8yr),38.89,138.0,0.9374,0.0235,3.02,5.8,11,90.0,4403.0
WC-000871_202505,2025-05-01,Western,Northern California,Industrial,Driver,2-5 Years,New (0-2yr),42.29,40.0,0.8833,0.0173,1.78,4.3,7,10.0,551.0
WC-000872_202505,2025-05-01,Western,Northern California,E&P,Driver,10+ Years,End-of-Life (9+yr),46.44,10.0,0.9155,0.0234,2.76,5.3,2,10.0,500.0
WC-000873_202505,2025-05-01,Western,Southern California,Residential,Helper,10+ Years,Mid-Life (3-5yr),49.67,339.0,0.9349,0.0172,2.21,4.9,12,225.0,13401.0
WC-000874_202505,2025-05-01,Western,Southern California,Commercial,Helper,5-10 Years,Mid-Life (3-5yr),45.81,101.0,0.8658,0.0248,1.8,4.3,12,29.0,1544.0
WC-000875_202505,2025-05-01,Western,Southern California,Industrial,Driver,2-5 Years,Mid-Life (3-5yr),40.49,34.0,0.8436,0.0246,2.91,4.3,7,10.0,500.0
WC-000876_202505,2025-05-01,Western,Southern California,E&P,Operator,< 1 Year,New (0-2yr),36.04,9.0,0.8159,0.0273,3.49,4.0,3,10.0,500.0
WC-000877_202505,2025-05-01,Western,Mountain West,Residential,Helper,10+ Years,Aging (6-8yr),41.74,293.0,0.8717,0.0256,2.97,4.7,8,54.0,2863.0
WC-000878_202505,2025-05-01,Western,Mountain West,Commercial,Helper,2-5 Years,End-of-Life (9+yr),50.21,93.0,0.8841,0.0245,2.16,5.6,13,52.0,3286.0
WC-000879_202505,2025-05-01,Western,Mountain West,Industrial,Operator,< 1 Year,Aging (6-8yr),40.38,18.0,0.8997,0.0192,1.46,5.5,4,10.0,500.0
WC-000880_202505,2025-05-01,Western,Mountain West,E&P,Helper,1-2 Years,Aging (6-8yr),51.33,14.0,0.8905,0.0187,3.1,5.2,2,10.0,500.0
WC-000881_202505,2025-05-01,Southern,Gulf Coast,Residential,Operator,2-5 Years,Aging (6-8yr),51.37,286.0,0.928,0.0291,1.87,5.1,10,192.0,11801.0
WC-000882_202505,2025-05-01,Southern,Gulf Coast,Commercial,Driver,< 1 Year,Aging (6-8yr),40.52,110.0,0.9567,0.0202,3.24,5.4,9,63.0,3111.0
WC-000883_202505,2025-05-01,Southern,Gulf Coast,Industrial,Mechanic,10+ Years,Aging (6-8yr),44.63,30.0,0.9156,0.0162,2.13,4.8,3,10.0,500.0
WC-000884_202505,2025-05-01,Southern,Gulf Coast,E&P,Helper,5-10 Years,Aging (6-8yr),38.67,8.0,0.9398,0.0272,3.09,4.1,3,10.0,500.0
WC-000885_202505,2025-05-01,Southern,Southeast Texas,Residential,Driver,2-5 Years,End-of-Life (9+yr),42.17,271.0,0.8518,0.0226,2.36,4.1,12,209.0,11547.0
WC-000886_202505,2025-05-01,Southern,Southeast Texas,Commercial,Mechanic,2-5 Years,End-of-Life (9+yr),43.17,130.0,0.8755,0.0175,1.44,5.1,14,146.0,8195.0
WC-000887_202505,2025-05-01,Southern,Southeast Texas,Industrial,Operator,2-5 Years,End-of-Life (9+yr),48.93,28.0,0.9223,0.018,3.02,6.1,6,10.0,500.0
WC-000888_202505,2025-05-01,Southern,Southeast Texas,E&P,Operator,2-5 Years,End-of-Life (9+yr),49.45,18.0,0.8841,0.0202,3.24,4.8,2,10.0,500.0
WC-000889_202505,2025-05-01,Southern,Florida Panhandle,Residential,Driver,10+ Years,Mid-Life (3-5yr),41.83,295.0,0.9179,0.0245,2.84,5.7,8,144.0,8068.0
WC-000890_202505,2025-05-01,Southern,Florida Panhandle,Commercial,Mechanic,5-10 Years,New (0-2yr),50.28,92.0,0.9078,0.0153,1.83,4.2,8,59.0,3446.0
WC-000891_202505,2025-05-01,Southern,Florida Panhandle,Industrial,Driver,5-10 Years,New (0-2yr),46.2,23.0,0.8859,0.0284,2.04,5.5,6,10.0,500.0
WC-000892_202505,2025-05-01,Southern,Florida Panhandle,E&P,Driver,1-2 Years,Aging (6-8yr),45.91,10.0,0.8913,0.0255,3.11,5.2,1,10.0,500.0
WC-000893_202505,2025-05-01,Southern,Carolinas,Residential,Mechanic,10+ Years,Aging (6-8yr),47.47,315.0,0.9074,0.021,2.63,5.3,14,274.0,16420.0
WC-000894_202505,2025-05-01,Southern,Carolinas,Commercial,Driver,1-2 Years,Aging (6-8yr),46.32,114.0,0.8422,0.0204,2.83,6.4,14,78.0,4828.0
WC-000895_202505,2025-05-01,Southern,Carolinas,Industrial,Driver,10+ Years,Aging (6-8yr),46.59,40.0,0.9129,0.0281,3.44,6.0,4,11.0,616.0
WC-000896_202505,2025-05-01,Southern,Carolinas,E&P,Operator,1-2 Years,Aging (6-8yr),49.84,17.0,0.9577,0.0289,3.14,4.1,3,10.0,500.0
WC-000897_202505,2025-05-01,Central,Great Plains,Residential,Driver,5-10 Years,Aging (6-8yr),36.5,268.0,0.9349,0.025,3.35,6.3,9,164.0,8015.0
WC-000898_202505,2025-05-01,Central,Great Plains,Commercial,Driver,2-5 Years,Aging (6-8yr),39.96,118.0,0.8572,0.0279,2.17,5.8,9,26.0,1397.0
WC-000899_202505,2025-05-01,Central,Great Plains,Industrial,Driver,5-10 Years,End-of-Life (9+yr),43.83,20.0,0.9119,0.0176,2.32,4.2,3,10.0,500.0
WC-000900_202505,2025-05-01,Central,Great Plains,E&P,Mechanic,5-10 Years,Aging (6-8yr),45.94,8.0,0.9503,0.0195,1.71,5.6,4,10.0,500.0
WC-000901_202505,2025-05-01,Central,Upper Midwest,Residential,Driver,5-10 Years,New (0-2yr),42.06,288.0,0.8791,0.0272,2.72,6.5,16,323.0,17701.0
WC-000902_202505,2025-05-01,Central,Upper Midwest,Commercial,Driver,2-5 Years,New (0-2yr),48.68,146.0,0.8783,0.0174,3.14,5.2,8,41.0,2412.0
WC-000903_202505,2025-05-01,Central,Upper Midwest,Industrial,Mechanic,< 1 Year,Aging (6-8yr),51.32,16.0,0.9396,0.0255,1.69,6.3,4,10.0,500.0
WC-000904_202505,2025-05-01,Central,Upper Midwest,E&P,Operator,1-2 Years,Mid-Life (3-5yr),37.62,18.0,0.8728,0.0235,1.93,6.2,1,10.0,500.0
WC-000905_202505,2025-05-01,Central,Missouri Valley,Residential,Driver,5-10 Years,New (0-2yr),50.63,259.0,0.9183,0.0292,2.28,4.4,13,140.0,8287.0
WC-000906_202505,2025-05-01,Central,Missouri Valley,Commercial,Helper,5-10 Years,New (0-2yr),37.81,95.0,0.9138,0.0277,2.12,5.4,12,61.0,2714.0
WC-000907_202505,2025-05-01,Central,Missouri Valley,Industrial,Driver,2-5 Years,End-of-Life (9+yr),42.52,23.0,0.9079,0.0185,2.7,4.4,4,10.0,500.0
WC-000908_202505,2025-05-01,Central,Missouri Valley,E&P,Operator,1-2 Years,New (0-2yr),48.82,19.0,0.8398,0.0247,2.18,4.9,1,10.0,500.0
WC-000909_202505,2025-05-01,Central,Ozarks,Residential,Driver,< 1 Year,Mid-Life (3-5yr),43.74,338.0,0.9154,0.0249,3.01,5.1,15,286.0,16089.0
WC-000910_202505,2025-05-01,Central,Ozarks,Commercial,Driver,< 1 Year,Mid-Life (3-5yr),37.73,147.0,0.8652,0.0278,2.8,5.4,9,93.0,4062.0
WC-000911_202505,2025-05-01,Central,Ozarks,Industrial,Mechanic,1-2 Years,End-of-Life (9+yr),48.77,18.0,0.9277,0.0218,2.87,5.8,4,10.0,500.0
WC-000912_202505,2025-05-01,Central,Ozarks,E&P,Driver,< 1 Year,Mid-Life (3-5yr),50.87,18.0,0.8524,0.0248,3.18,5.2,3,10.0,500.0
WC-000913_202505,2025-05-01,Eastern,Mid-Atlantic,Residential,Driver,5-10 Years,New (0-2yr),45.41,329.0,0.8274,0.0288,3.25,5.3,22,489.0,28250.0
WC-000914_202505,2025-05-01,Eastern,Mid-Atlantic,Commercial,Operator,2-5 Years,Aging (6-8yr),46.09,103.0,0.8881,0.0198,3.02,4.1,6,31.0,1889.0
WC-000915_202505,2025-05-01,Eastern,Mid-Atlantic,Industrial,Driver,1-2 Years,End-of-Life (9+yr),40.74,17.0,0.9247,0.0261,1.87,5.9,2,10.0,500.0
WC-000916_202505,2025-05-01,Eastern,Mid-Atlantic,E&P,Operator,2-5 Years,Mid-Life (3-5yr),36.76,19.0,0.9096,0.0204,2.5,6.3,1,10.0,500.0
WC-000917_202505,2025-05-01,Eastern,New England,Residential,Driver,< 1 Year,New (0-2yr),50.83,338.0,0.9306,0.0253,3.0,5.2,13,271.0,17542.0
WC-000918_202505,2025-05-01,Eastern,New England,Commercial,Operator,10+ Years,Aging (6-8yr),46.07,94.0,0.9259,0.0274,1.72,4.9,10,23.0,1384.0
WC-000919_202505,2025-05-01,Eastern,New England,Industrial,Operator,5-10 Years,Mid-Life (3-5yr),45.92,30.0,0.8958,0.0162,2.07,4.7,5,10.0,500.0
WC-000920_202505,2025-05-01,Eastern,New England,E&P,Driver,10+ Years,Aging (6-8yr),51.16,16.0,0.8754,0.019,2.86,6.5,3,10.0,500.0
WC-000921_202505,2025-05-01,Eastern,Great Lakes,Residential,Driver,1-2 Years,End-of-Life (9+yr),45.71,259.0,0.9291,0.0166,2.35,6.0,20,250.0,14187.0
WC-000922_202505,2025-05-01,Eastern,Great Lakes,Commercial,Mechanic,2-5 Years,End-of-Life (9+yr),44.51,113.0,0.8553,0.0189,1.89,6.0,5,28.0,1495.0
WC-000923_202505,2025-05-01,Eastern,Great Lakes,Industrial,Helper,< 1 Year,Aging (6-8yr),45.08,37.0,0.9151,0.0208,1.69,4.8,6,17.0,1014.0
WC-000924_202505,2025-05-01,Eastern,Great Lakes,E&P,Mechanic,10+ Years,Mid-Life (3-5yr),39.3,17.0,0.8976,0.0171,2.62,5.9,3,10.0,500.0
WC-000925_202505,2025-05-01,Eastern,Ohio Valley,Residential,Driver,1-2 Years,New (0-2yr),40.61,296.0,0.8807,0.0269,1.77,4.2,22,508.0,24892.0
WC-000926_202505,2025-05-01,Eastern,Ohio Valley,Commercial,Helper,10+ Years,Mid-Life (3-5yr),43.88,139.0,0.9201,0.0297,2.83,4.1,8,37.0,2036.0
WC-000927_202505,2025-05-01,Eastern,Ohio Valley,Industrial,Driver,2-5 Years,End-of-Life (9+yr),37.52,31.0,0.8586,0.0296,3.27,4.5,4,10.0,500.0
WC-000928_202505,2025-05-01,Eastern,Ohio Valley,E&P,Helper,< 1 Year,Mid-Life (3-5yr),42.43,13.0,0.8436,0.0286,3.13,4.6,2,10.0,500.0
WC-000929_202505,2025-05-01,Canada,Ontario,Residential,Mechanic,5-10 Years,Mid-Life (3-5yr),39.13,258.0,0.8782,0.0156,2.93,6.0,21,347.0,15672.0
WC-000930_202505,2025-05-01,Canada,Ontario,Commercial,Driver,< 1 Year,New (0-2yr),43.55,130.0,0.9295,0.0233,1.92,6.4,6,54.0,3118.0
WC-000931_202505,2025-05-01,Canada,Ontario,Industrial,Operator,2-5 Years,Aging (6-8yr),49.76,16.0,0.9687,0.0291,2.66,6.5,2,10.0,500.0
WC-000932_202505,2025-05-01,Canada,Ontario,E&P,Mechanic,2-5 Years,End-of-Life (9+yr),48.88,12.0,0.8999,0.0277,2.01,6.3,2,10.0,500.0
WC-000933_202505,2025-05-01,Canada,Alberta,Residential,Driver,5-10 Years,Mid-Life (3-5yr),50.88,283.0,0.9408,0.0274,1.68,5.8,11,152.0,10122.0
WC-000934_202505,2025-05-01,Canada,Alberta,Commercial,Driver,< 1 Year,End-of-Life (9+yr),37.63,123.0,0.9359,0.016,1.7,4.0,10,41.0,2030.0
WC-000935_202505,2025-05-01,Canada,Alberta,Industrial,Helper,5-10 Years,Mid-Life (3-5yr),48.25,29.0,0.8568,0.0254,2.04,6.1,5,10.0,570.0
WC-000936_202505,2025-05-01,Canada,Alberta,E&P,Driver,2-5 Years,Mid-Life (3-5yr),50.67,9.0,0.9046,0.0183,2.56,5.0,2,10.0,500.0
WC-000937_202505,2025-05-01,Canada,British Columbia,Residential,Driver,10+ Years,Mid-Life (3-5yr),41.78,264.0,0.8863,0.0156,1.59,4.3,15,216.0,10508.0
WC-000938_202505,2025-05-01,Canada,British Columbia,Commercial,Driver,5-10 Years,End-of-Life (9+yr),47.05,81.0,0.8656,0.0263,3.0,5.4,14,85.0,4591.0
WC-000939_202505,2025-05-01,Canada,British Columbia,Industrial,Operator,5-10 Years,Mid-Life (3-5yr),45.23,16.0,0.8662,0.0212,3.18,4.4,7,10.0,500.0
WC-000940_202505,2025-05-01,Canada,British Columbia,E&P,Mechanic,10+ Years,Aging (6-8yr),50.54,20.0,0.8991,0.0176,1.61,5.7,2,10.0,500.0
WC-000941_202505,2025-05-01,Canada,Quebec,Residential,Driver,1-2 Years,Mid-Life (3-5yr),41.14,302.0,0.8825,0.0207,2.58,4.7,23,349.0,19052.0
WC-000942_202505,2025-05-01,Canada,Quebec,Commercial,Driver,10+ Years,New (0-2yr),48.31,116.0,0.9393,0.0189,3.42,5.6,11,76.0,4428.0
WC-000943_202505,2025-05-01,Canada,Quebec,Industrial,Driver,1-2 Years,End-of-Life (9+yr),37.63,27.0,0.8751,0.0156,2.18,5.6,5,10.0,500.0
WC-000944_202505,2025-05-01,Canada,Quebec,E&P,Operator,5-10 Years,Aging (6-8yr),47.76,10.0,0.8947,0.0246,2.05,4.3,1,10.0,500.0
WC-000945_202505,2025-05-01,MidSouth,Tennessee Valley,Residential,Driver,5-10 Years,Mid-Life (3-5yr),39.64,268.0,0.9493,0.0201,2.96,5.3,18,252.0,12495.0
WC-000946_202505,2025-05-01,MidSouth,Tennessee Valley,Commercial,Mechanic,1-2 Years,End-of-Life (9+yr),39.87,120.0,0.9283,0.0153,2.74,5.3,7,65.0,3138.0
WC-000947_202505,2025-05-01,MidSouth,Tennessee Valley,Industrial,Driver,5-10 Years,New (0-2yr),42.76,33.0,0.8838,0.02,2.32,4.8,5,10.0,502.0
WC-000948_202505,2025-05-01,MidSouth,Tennessee Valley,E&P,Helper,10+ Years,Mid-Life (3-5yr),50.47,15.0,0.9107,0.0184,1.88,5.8,1,10.0,500.0
WC-000949_202505,2025-05-01,MidSouth,Mississippi Delta,Residential,Mechanic,1-2 Years,New (0-2yr),44.83,267.0,0.8846,0.0183,3.23,4.5,15,148.0,7894.0
WC-000950_202505,2025-05-01,MidSouth,Mississippi Delta,Commercial,Driver,5-10 Years,Mid-Life (3-5yr),50.71,120.0,0.8961,0.0199,3.26,5.6,10,66.0,4410.0
WC-000951_202505,2025-05-01,MidSouth,Mississippi Delta,Industrial,Driver,10+ Years,End-of-Life (9+yr),49.3,29.0,0.8518,0.0221,1.62,4.6,3,10.0,500.0
WC-000952_202505,2025-05-01,MidSouth,Mississippi Delta,E&P,Driver,< 1 Year,New (0-2yr),41.9,15.0,0.9212,0.0265,2.9,4.5,3,10.0,500.0
WC-000953_202505,2025-05-01,MidSouth,Arkansas,Residential,Driver,2-5 Years,New (0-2yr),49.56,344.0,0.9209,0.0257,2.26,6.1,9,217.0,13810.0
WC-000954_202505,2025-05-01,MidSouth,Arkansas,Commercial,Driver,5-10 Years,Mid-Life (3-5yr),38.93,128.0,0.9215,0.0262,2.94,5.5,12,120.0,5879.0
WC-000955_202505,2025-05-01,MidSouth,Arkansas,Industrial,Mechanic,5-10 Years,Aging (6-8yr),45.43,21.0,0.8452,0.0191,2.34,4.1,5,10.0,500.0
WC-000956_202505,2025-05-01,MidSouth,Arkansas,E&P,Driver,5-10 Years,New (0-2yr),41.17,12.0,0.877,0.0276,1.46,6.0,4,10.0,500.0
WC-000957_202505,2025-05-01,MidSouth,Oklahoma,Residential,Mechanic,2-5 Years,Aging (6-8yr),51.7,350.0,0.8554,0.0166,2.58,3.7,10,248.0,16539.0
WC-000958_202505,2025-05-01,MidSouth,Oklahoma,Commercial,Driver,5-10 Years,New (0-2yr),46.91,126.0,0.9011,0.0203,2.59,4.4,10,71.0,3982.0
WC-000959_202505,2025-05-01,MidSouth,Oklahoma,Industrial,Driver,2-5 Years,New (0-2yr),43.79,20.0,0.8752,0.0246,1.51,6.5,7,10.0,545.0
WC-000960_202505,2025-05-01,MidSouth,Oklahoma,E&P,Mechanic,2-5 Years,End-of-Life (9+yr),40.62,14.0,0.93,0.0194,3.04,5.0,1,10.0,500.0
WC-000961_202506,2025-06-01,Western,Pacific Northwest,Residential,Operator,2-5 Years,End-of-Life (9+yr),50.41,288.0,0.8703,0.0157,1.54,4.9,10,165.0,10612.0
WC-000962_202506,2025-06-01,Western,Pacific Northwest,Commercial,Mechanic,2-5 Years,Aging (6-8yr),50.06,120.0,0.8734,0.0181,2.66,6.5,11,43.0,2586.0
WC-000963_202506,2025-06-01,Western,Pacific Northwest,Industrial,Driver,10+ Years,Mid-Life (3-5yr),49.61,34.0,0.9102,0.0233,2.13,6.3,6,10.0,500.0
WC-000964_202506,2025-06-01,Western,Pacific Northwest,E&P,Driver,5-10 Years,New (0-2yr),44.04,14.0,0.8462,0.0245,1.68,5.8,4,10.0,500.0
WC-000965_202506,2025-06-01,Western,Northern California,Residential,Operator,1-2 Years,New (0-2yr),49.6,291.0,0.8944,0.0266,2.6,6.2,14,239.0,15802.0
WC-000966_202506,2025-06-01,Western,Northern California,Commercial,Helper,2-5 Years,Mid-Life (3-5yr),45.03,137.0,0.9321,0.0222,3.3,5.0,6,22.0,1169.0
WC-000967_202506,2025-06-01,Western,Northern California,Industrial,Operator,10+ Years,End-of-Life (9+yr),39.18,34.0,0.8771,0.0203,1.62,5.8,5,10.0,500.0
WC-000968_202506,2025-06-01,Western,Northern California,E&P,Operator,10+ Years,Mid-Life (3-5yr),43.23,9.0,0.8649,0.0262,2.96,4.3,1,10.0,500.0
WC-000969_202506,2025-06-01,Western,Southern California,Residential,Driver,< 1 Year,New (0-2yr),47.64,316.0,0.866,0.0289,2.85,4.7,12,192.0,11867.0
WC-000970_202506,2025-06-01,Western,Southern California,Commercial,Mechanic,5-10 Years,New (0-2yr),42.56,81.0,0.94,0.0276,3.16,4.3,10,55.0,2994.0
WC-000971_202506,2025-06-01,Western,Southern California,Industrial,Driver,1-2 Years,New (0-2yr),48.59,17.0,0.8748,0.019,3.14,5.0,7,10.0,588.0
WC-000972_202506,2025-06-01,Western,Southern California,E&P,Driver,10+ Years,Aging (6-8yr),38.63,10.0,0.9239,0.0255,2.74,3.9,3,10.0,500.0
WC-000973_202506,2025-06-01,Western,Mountain West,Residential,Driver,5-10 Years,Mid-Life (3-5yr),51.47,342.0,0.9422,0.0249,3.24,3.7,11,205.0,12650.0
WC-000974_202506,2025-06-01,Western,Mountain West,Commercial,Driver,2-5 Years,End-of-Life (9+yr),43.95,83.0,0.8936,0.0168,3.3,5.1,7,41.0,2131.0
WC-000975_202506,2025-06-01,Western,Mountain West,Industrial,Helper,2-5 Years,New (0-2yr),51.7,24.0,0.9345,0.015,3.5,5.2,6,10.0,508.0
WC-000976_202506,2025-06-01,Western,Mountain West,E&P,Driver,2-5 Years,Mid-Life (3-5yr),50.43,17.0,0.8589,0.0283,2.8,5.3,3,10.0,500.0
WC-000977_202506,2025-06-01,Southern,Gulf Coast,Residential,Driver,5-10 Years,Mid-Life (3-5yr),41.94,327.0,0.8866,0.0195,2.61,6.4,12,227.0,11855.0
WC-000978_202506,2025-06-01,Southern,Gulf Coast,Commercial,Driver,1-2 Years,Aging (6-8yr),46.87,119.0,0.9492,0.0298,2.99,5.2,11,48.0,2832.0
WC-000979_202506,2025-06-01,Southern,Gulf Coast,Industrial,Operator,10+ Years,New (0-2yr),44.08,36.0,0.8885,0.0277,2.49,5.2,4,10.0,500.0
WC-000980_202506,2025-06-01,Southern,Gulf Coast,E&P,Driver,1-2 Years,End-of-Life (9+yr),47.05,12.0,0.8679,0.0259,2.31,4.8,4,10.0,500.0
WC-000981_202506,2025-06-01,Southern,Southeast Texas,Residential,Driver,1-2 Years,Aging (6-8yr),49.39,255.0,0.9407,0.02,2.09,4.9,8,154.0,10241.0
WC-000982_202506,2025-06-01,Southern,Southeast Texas,Commercial,Operator,1-2 Years,End-of-Life (9+yr),40.73,100.0,0.8636,0.0283,2.89,6.1,9,38.0,2065.0
WC-000983_202506,2025-06-01,Southern,Southeast Texas,Industrial,Driver,10+ Years,Mid-Life (3-5yr),44.76,38.0,0.9575,0.0286,2.13,6.4,7,11.0,599.0
WC-000984_202506,2025-06-01,Southern,Southeast Texas,E&P,Mechanic,1-2 Years,Aging (6-8yr),49.65,9.0,0.872,0.0259,2.94,4.7,4,10.0,500.0
WC-000985_202506,2025-06-01,Southern,Florida Panhandle,Residential,Operator,1-2 Years,New (0-2yr),45.36,311.0,0.8912,0.0168,2.46,4.9,19,135.0,8098.0
WC-000986_202506,2025-06-01,Southern,Florida Panhandle,Commercial,Driver,1-2 Years,Mid-Life (3-5yr),38.66,109.0,0.887,0.0262,3.14,4.6,11,56.0,2856.0
WC-000987_202506,2025-06-01,Southern,Florida Panhandle,Industrial,Helper,2-5 Years,Mid-Life (3-5yr),46.51,28.0,0.9147,0.0159,2.26,5.0,3,10.0,500.0
WC-000988_202506,2025-06-01,Southern,Florida Panhandle,E&P,Operator,10+ Years,End-of-Life (9+yr),46.9,16.0,0.8609,0.0264,3.29,4.5,3,10.0,500.0
WC-000989_202506,2025-06-01,Southern,Carolinas,Residential,Helper,2-5 Years,Mid-Life (3-5yr),40.42,317.0,0.899,0.0245,2.72,4.6,13,141.0,7414.0
WC-000990_202506,2025-06-01,Southern,Carolinas,Commercial,Mechanic,1-2 Years,End-of-Life (9+yr),49.32,105.0,0.9438,0.028,2.88,4.7,8,60.0,3628.0
WC-000991_202506,2025-06-01,Southern,Carolinas,Industrial,Driver,5-10 Years,Mid-Life (3-5yr),38.51,28.0,0.8566,0.0168,1.81,5.9,2,10.0,500.0
WC-000992_202506,2025-06-01,Southern,Carolinas,E&P,Driver,5-10 Years,New (0-2yr),47.79,20.0,0.905,0.0151,2.45,4.7,3,10.0,500.0
WC-000993_202506,2025-06-01,Central,Great Plains,Residential,Driver,1-2 Years,Aging (6-8yr),38.76,317.0,0.9773,0.0292,3.27,3.9,20,230.0,11376.0
WC-000994_202506,2025-06-01,Central,Great Plains,Commercial,Driver,1-2 Years,End-of-Life (9+yr),38.5,111.0,0.9046,0.0229,2.13,6.1,12,86.0,4333.0
WC-000995_202506,2025-06-01,Central,Great Plains,Industrial,Operator,1-2 Years,Mid-Life (3-5yr),39.25,39.0,0.8701,0.0295,3.2,6.2,2,10.0,500.0
WC-000996_202506,2025-06-01,Central,Great Plains,E&P,Mechanic,2-5 Years,Mid-Life (3-5yr),40.93,11.0,0.9321,0.0287,2.42,3.9,4,10.0,500.0
WC-000997_202506,2025-06-01,Central,Upper Midwest,Residential,Helper,10+ Years,Aging (6-8yr),47.46,242.0,0.85,0.0241,2.71,5.0,24,275.0,15566.0
WC-000998_202506,2025-06-01,Central,Upper Midwest,Commercial,Mechanic,1-2 Years,End-of-Life (9+yr),47.45,93.0,0.8811,0.0254,3.53,5.9,12,78.0,4829.0
WC-000999_202506,2025-06-01,Central,Upper Midwest,Industrial,Mechanic,1-2 Years,Mid-Life (3-5yr),44.69,16.0,0.9308,0.0296,2.12,5.5,7,10.0,500.0
WC-001000_202506,2025-06-01,Central,Upper Midwest,E&P,Driver,5-10 Years,Mid-Life (3-5yr),48.59,16.0,0.9419,0.0189,2.15,6.3,3,10.0,500.0
WC-001001_202506,2025-06-01,Central,Missouri Valley,Residential,Driver,1-2 Years,Mid-Life (3-5yr),40.3,268.0,0.9279,0.0262,2.4,3.8,16,189.0,9926.0
WC-001002_202506,2025-06-01,Central,Missouri Valley,Commercial,Operator,10+ Years,New (0-2yr),39.2,132.0,0.9354,0.0265,1.97,5.2,11,56.0,2878.0
WC-001003_202506,2025-06-01,Central,Missouri Valley,Industrial,Driver,10+ Years,Aging (6-8yr),49.1,35.0,0.928,0.0169,3.43,4.6,7,17.0,1066.0
WC-001004_202506,2025-06-01,Central,Missouri Valley,E&P,Mechanic,1-2 Years,Mid-Life (3-5yr),46.9,18.0,0.9207,0.0253,2.18,4.6,2,10.0,500.0
WC-001005_202506,2025-06-01,Central,Ozarks,Residential,Driver,2-5 Years,New (0-2yr),44.77,289.0,0.8983,0.0252,1.64,6.2,9,159.0,9002.0
WC-001006_202506,2025-06-01,Central,Ozarks,Commercial,Operator,5-10 Years,New (0-2yr),41.94,113.0,0.8699,0.0243,2.88,4.9,11,34.0,1754.0
WC-001007_202506,2025-06-01,Central,Ozarks,Industrial,Driver,5-10 Years,New (0-2yr),44.69,16.0,0.9213,0.0152,3.65,4.2,3,10.0,500.0
WC-001008_202506,2025-06-01,Central,Ozarks,E&P,Driver,1-2 Years,Aging (6-8yr),48.21,15.0,0.9232,0.0265,1.93,6.3,4,10.0,500.0
WC-001009_202506,2025-06-01,Eastern,Mid-Atlantic,Residential,Driver,1-2 Years,New (0-2yr),48.77,288.0,0.9375,0.0271,2.85,5.1,16,304.0,18206.0
WC-001010_202506,2025-06-01,Eastern,Mid-Atlantic,Commercial,Driver,2-5 Years,Mid-Life (3-5yr),45.61,93.0,0.8696,0.0183,2.78,6.0,6,14.0,776.0
WC-001011_202506,2025-06-01,Eastern,Mid-Atlantic,Industrial,Operator,2-5 Years,Mid-Life (3-5yr),38.43,19.0,0.8872,0.0183,3.14,3.7,6,10.0,500.0
WC-001012_202506,2025-06-01,Eastern,Mid-Atlantic,E&P,Driver,2-5 Years,Mid-Life (3-5yr),51.92,20.0,0.9168,0.0263,3.47,3.5,2,10.0,500.0
WC-001013_202506,2025-06-01,Eastern,New England,Residential,Driver,5-10 Years,Aging (6-8yr),42.89,315.0,0.8886,0.0165,2.08,3.9,19,343.0,18218.0
WC-001014_202506,2025-06-01,Eastern,New England,Commercial,Driver,2-5 Years,Mid-Life (3-5yr),38.53,135.0,0.8821,0.0278,2.76,5.4,7,20.0,997.0
WC-001015_202506,2025-06-01,Eastern,New England,Industrial,Driver,< 1 Year,Mid-Life (3-5yr),42.38,28.0,0.9411,0.0165,2.67,5.0,2,10.0,500.0
WC-001016_202506,2025-06-01,Eastern,New England,E&P,Mechanic,< 1 Year,Mid-Life (3-5yr),38.49,14.0,0.8589,0.022,1.6,5.3,1,10.0,500.0
WC-001017_202506,2025-06-01,Eastern,Great Lakes,Residential,Helper,5-10 Years,Aging (6-8yr),41.4,333.0,0.9223,0.0275,1.69,4.8,9,216.0,12062.0
WC-001018_202506,2025-06-01,Eastern,Great Lakes,Commercial,Driver,< 1 Year,Aging (6-8yr),46.99,87.0,0.9118,0.0257,2.88,4.0,6,41.0,2300.0
WC-001019_202506,2025-06-01,Eastern,Great Lakes,Industrial,Driver,5-10 Years,End-of-Life (9+yr),48.69,39.0,0.9413,0.0162,2.51,4.5,5,10.0,500.0
WC-001020_202506,2025-06-01,Eastern,Great Lakes,E&P,Operator,5-10 Years,Mid-Life (3-5yr),46.87,16.0,0.8348,0.028,3.09,5.4,2,10.0,500.0
WC-001021_202506,2025-06-01,Eastern,Ohio Valley,Residential,Driver,5-10 Years,New (0-2yr),43.05,314.0,0.8705,0.0193,2.46,4.2,13,181.0,9790.0
WC-001022_202506,2025-06-01,Eastern,Ohio Valley,Commercial,Driver,1-2 Years,New (0-2yr),51.28,124.0,0.9327,0.0298,3.13,4.3,13,97.0,5722.0
WC-001023_202506,2025-06-01,Eastern,Ohio Valley,Industrial,Driver,1-2 Years,End-of-Life (9+yr),37.94,17.0,0.9364,0.0277,2.94,4.2,6,10.0,500.0
WC-001024_202506,2025-06-01,Eastern,Ohio Valley,E&P,Driver,5-10 Years,Aging (6-8yr),48.19,11.0,0.9159,0.0214,2.03,5.4,2,10.0,500.0
WC-001025_202506,2025-06-01,Canada,Ontario,Residential,Mechanic,2-5 Years,End-of-Life (9+yr),44.82,328.0,0.9014,0.0237,1.82,5.8,15,139.0,7752.0
WC-001026_202506,2025-06-01,Canada,Ontario,Commercial,Helper,10+ Years,Aging (6-8yr),50.77,143.0,0.8836,0.0245,2.01,4.6,5,48.0,3265.0
WC-001027_202506,2025-06-01,Canada,Ontario,Industrial,Operator,5-10 Years,Mid-Life (3-5yr),44.48,17.0,0.9091,0.0211,2.87,4.8,7,10.0,500.0
WC-001028_202506,2025-06-01,Canada,Ontario,E&P,Driver,1-2 Years,Mid-Life (3-5yr),36.99,17.0,0.8944,0.0159,3.21,5.6,4,10.0,500.0
WC-001029_202506,2025-06-01,Canada,Alberta,Residential,Driver,< 1 Year,Mid-Life (3-5yr),42.79,250.0,0.9199,0.0257,3.47,4.4,9,88.0,4637.0
WC-001030_202506,2025-06-01,Canada,Alberta,Commercial,Mechanic,< 1 Year,End-of-Life (9+yr),42.32,102.0,0.9509,0.0203,2.18,6.1,11,72.0,4006.0
WC-001031_202506,2025-06-01,Canada,Alberta,Industrial,Driver,1-2 Years,Mid-Life (3-5yr),47.9,32.0,0.8943,0.0261,2.63,5.3,3,10.0,500.0
WC-001032_202506,2025-06-01,Canada,Alberta,E&P,Driver,< 1 Year,Aging (6-8yr),39.91,12.0,0.8485,0.0166,1.8,3.5,4,10.0,500.0
WC-001033_202506,2025-06-01,Canada,British Columbia,Residential,Driver,5-10 Years,Mid-Life (3-5yr),46.32,284.0,0.8432,0.0183,1.72,6.3,10,67.0,4133.0
WC-001034_202506,2025-06-01,Canada,British Columbia,Commercial,Driver,10+ Years,Mid-Life (3-5yr),50.76,104.0,0.9386,0.0164,1.96,6.4,13,65.0,3886.0
WC-001035_202506,2025-06-01,Canada,British Columbia,Industrial,Driver,2-5 Years,New (0-2yr),48.57,21.0,0.8649,0.0233,3.34,5.2,7,10.0,500.0
WC-001036_202506,2025-06-01,Canada,British Columbia,E&P,Operator,5-10 Years,Mid-Life (3-5yr),48.76,17.0,0.9242,0.0165,3.19,3.7,3,10.0,500.0
WC-001037_202506,2025-06-01,Canada,Quebec,Residential,Operator,< 1 Year,New (0-2yr),45.48,267.0,0.849,0.0292,2.93,5.4,14,163.0,9569.0
WC-001038_202506,2025-06-01,Canada,Quebec,Commercial,Driver,1-2 Years,Mid-Life (3-5yr),47.37,148.0,0.9582,0.0212,3.25,5.2,11,95.0,5325.0
WC-001039_202506,2025-06-01,Canada,Quebec,Industrial,Driver,1-2 Years,Mid-Life (3-5yr),42.68,20.0,0.894,0.0202,1.93,4.0,7,10.0,503.0
WC-001040_202506,2025-06-01,Canada,Quebec,E&P,Helper,10+ Years,End-of-Life (9+yr),44.04,14.0,0.9274,0.0299,1.49,4.8,2,10.0,500.0
WC-001041_202506,2025-06-01,MidSouth,Tennessee Valley,Residential,Driver,5-10 Years,New (0-2yr),46.46,349.0,0.9351,0.0174,2.49,4.9,10,271.0,15696.0
WC-001042_202506,2025-06-01,MidSouth,Tennessee Valley,Commercial,Driver,5-10 Years,New (0-2yr),45.92,84.0,0.8904,0.0268,3.11,6.3,12,24.0,1413.0
WC-001043_202506,2025-06-01,MidSouth,Tennessee Valley,Industrial,Driver,5-10 Years,Aging (6-8yr),53.5,39.0,0.9516,0.0277,2.58,5.1,2,10.0,500.0
WC-001044_202506,2025-06-01,MidSouth,Tennessee Valley,E&P,Mechanic,5-10 Years,New (0-2yr),44.86,19.0,0.87,0.0219,2.76,6.0,3,10.0,500.0
WC-001045_202506,2025-06-01,MidSouth,Mississippi Delta,Residential,Helper,< 1 Year,New (0-2yr),43.37,326.0,0.9245,0.0275,3.49,4.9,12,94.0,5403.0
WC-001046_202506,2025-06-01,MidSouth,Mississippi Delta,Commercial,Helper,2-5 Years,Aging (6-8yr),49.2,148.0,0.9392,0.0212,2.4,6.5,6,68.0,3869.0
WC-001047_202506,2025-06-01,MidSouth,Mississippi Delta,Industrial,Driver,1-2 Years,Mid-Life (3-5yr),43.4,28.0,0.9235,0.0267,2.07,6.4,2,10.0,500.0
WC-001048_202506,2025-06-01,MidSouth,Mississippi Delta,E&P,Driver,2-5 Years,End-of-Life (9+yr),42.55,12.0,0.8371,0.0206,2.05,5.8,1,10.0,500.0
WC-001049_202506,2025-06-01,MidSouth,Arkansas,Residential,Driver,2-5 Years,Mid-Life (3-5yr),40.21,254.0,0.9373,0.028,3.34,3.5,10,173.0,8764.0
WC-001050_202506,2025-06-01,MidSouth,Arkansas,Commercial,Driver,< 1 Year,Mid-Life (3-5yr),41.8,98.0,0.8889,0.0278,3.29,3.7,9,42.0,2189.0
WC-001051_202506,2025-06-01,MidSouth,Arkansas,Industrial,Helper,10+ Years,Mid-Life (3-5yr),52.5,33.0,0.8709,0.0161,2.44,5.3,6,10.0,500.0
WC-001052_202506,2025-06-01,MidSouth,Arkansas,E&P,Driver,5-10 Years,New (0-2yr),38.97,20.0,0.9147,0.0262,1.77,5.2,3,10.0,500.0
WC-001053_202506,2025-06-01,MidSouth,Oklahoma,Residential,Driver,2-5 Years,Mid-Life (3-5yr),48.41,326.0,0.9455,0.0229,1.96,3.6,15,261.0,16624.0
WC-001054_202506,2025-06-01,MidSouth,Oklahoma,Commercial,Driver,< 1 Year,End-of-Life (9+yr),40.56,138.0,0.9383,0.0224,2.62,4.7,6,64.0,3232.0
WC-001055_202506,2025-06-01,MidSouth,Oklahoma,Industrial,Driver,< 1 Year,Mid-Life (3-5yr),41.72,33.0,0.9068,0.0295,2.94,6.0,5,10.0,500.0
WC-001056_202506,2025-06-01,MidSouth,Oklahoma,E&P,Driver,1-2 Years,New (0-2yr),42.55,19.0,0.8829,0.0208,2.92,5.7,2,10.0,500.0
WC-001057_202507,2025-07-01,Western,Pacific Northwest,Residential,Driver,10+ Years,Mid-Life (3-5yr),45.25,257.0,0.8686,0.0256,2.69,5.1,21,288.0,16063.0
WC-001058_202507,2025-07-01,Western,Pacific Northwest,Commercial,Driver,2-5 Years,New (0-2yr),46.51,88.0,0.9232,0.0275,2.3,5.9,12,52.0,3248.0
WC-001059_202507,2025-07-01,Western,Pacific Northwest,Industrial,Mechanic,2-5 Years,Mid-Life (3-5yr),49.8,40.0,0.9443,0.0283,1.61,4.8,4,10.0,500.0
WC-001060_202507,2025-07-01,Western,Pacific Northwest,E&P,Driver,< 1 Year,Mid-Life (3-5yr),48.32,13.0,0.9407,0.0284,3.03,3.6,3,10.0,500.0
WC-001061_202507,2025-07-01,Western,Northern California,Residential,Helper,< 1 Year,Mid-Life (3-5yr),47.94,333.0,0.8638,0.0277,3.3,4.3,22,240.0,13273.0
WC-001062_202507,2025-07-01,Western,Northern California,Commercial,Driver,5-10 Years,Mid-Life (3-5yr),47.8,92.0,0.9432,0.0195,1.75,4.9,14,29.0,1654.0
WC-001063_202507,2025-07-01,Western,Northern California,Industrial,Mechanic,5-10 Years,End-of-Life (9+yr),41.45,21.0,0.913,0.0197,2.32,5.6,6,10.0,500.0
WC-001064_202507,2025-07-01,Western,Northern California,E&P,Driver,5-10 Years,Aging (6-8yr),43.7,15.0,0.927,0.0294,3.01,3.9,2,10.0,500.0
WC-001065_202507,2025-07-01,Western,Southern California,Residential,Driver,5-10 Years,End-of-Life (9+yr),41.36,331.0,0.8345,0.0195,1.51,5.7,10,160.0,7820.0
WC-001066_202507,2025-07-01,Western,Southern California,Commercial,Driver,10+ Years,Aging (6-8yr),40.31,130.0,0.9581,0.0215,2.14,5.0,14,68.0,3616.0
WC-001067_202507,2025-07-01,Western,Southern California,Industrial,Mechanic,< 1 Year,Aging (6-8yr),43.75,37.0,0.9264,0.0273,1.63,4.8,6,10.0,500.0
WC-001068_202507,2025-07-01,Western,Southern California,E&P,Operator,< 1 Year,Mid-Life (3-5yr),39.35,13.0,0.914,0.0184,2.51,5.5,3,10.0,500.0
WC-001069_202507,2025-07-01,Western,Mountain West,Residential,Driver,< 1 Year,New (0-2yr),50.09,256.0,0.8845,0.0208,3.27,5.3,16,170.0,11476.0
WC-001070_202507,2025-07-01,Western,Mountain West,Commercial,Mechanic,5-10 Years,New (0-2yr),44.78,105.0,0.8603,0.0227,2.29,4.3,11,52.0,2781.0
WC-001071_202507,2025-07-01,Western,Mountain West,Industrial,Operator,5-10 Years,End-of-Life (9+yr),45.72,29.0,0.8619,0.0162,2.85,4.7,2,10.0,500.0
WC-001072_202507,2025-07-01,Western,Mountain West,E&P,Driver,2-5 Years,Mid-Life (3-5yr),44.9,8.0,0.9592,0.0269,2.82,4.0,2,10.0,500.0
WC-001073_202507,2025-07-01,Southern,Gulf Coast,Residential,Mechanic,5-10 Years,Aging (6-8yr),37.25,321.0,0.883,0.022,3.16,4.5,15,102.0,4759.0
WC-001074_202507,2025-07-01,Southern,Gulf Coast,Commercial,Driver,2-5 Years,New (0-2yr),54.83,152.0,0.8668,0.0262,1.8,4.3,11,94.0,6686.0
WC-001075_202507,2025-07-01,Southern,Gulf Coast,Industrial,Operator,2-5 Years,Aging (6-8yr),40.45,21.0,0.901,0.027,2.27,5.1,3,10.0,500.0
WC-001076_202507,2025-07-01,Southern,Gulf Coast,E&P,Mechanic,10+ Years,Mid-Life (3-5yr),47.57,9.0,0.9107,0.03,1.53,5.6,4,10.0,500.0
WC-001077_202507,2025-07-01,Southern,Southeast Texas,Residential,Helper,1-2 Years,New (0-2yr),48.35,351.0,0.928,0.0294,3.28,5.3,13,251.0,14437.0
WC-001078_202507,2025-07-01,Southern,Southeast Texas,Commercial,Driver,1-2 Years,End-of-Life (9+yr),49.39,98.0,0.9456,0.0233,3.14,4.8,11,48.0,2834.0
WC-001079_202507,2025-07-01,Southern,Southeast Texas,Industrial,Mechanic,1-2 Years,Mid-Life (3-5yr),43.27,28.0,0.9457,0.0205,2.96,5.1,7,11.0,566.0
WC-001080_202507,2025-07-01,Southern,Southeast Texas,E&P,Driver,5-10 Years,New (0-2yr),39.15,9.0,0.8884,0.0171,2.38,5.7,1,10.0,500.0
WC-001081_202507,2025-07-01,Southern,Florida Panhandle,Residential,Helper,< 1 Year,New (0-2yr),44.78,277.0,0.8985,0.0282,1.63,5.3,9,162.0,8927.0
WC-001082_202507,2025-07-01,Southern,Florida Panhandle,Commercial,Driver,10+ Years,Aging (6-8yr),48.21,115.0,0.8639,0.0207,2.35,5.4,8,36.0,2053.0
WC-001083_202507,2025-07-01,Southern,Florida Panhandle,Industrial,Driver,2-5 Years,End-of-Life (9+yr),50.62,31.0,0.93,0.0185,2.62,5.3,5,10.0,623.0
WC-001084_202507,2025-07-01,Southern,Florida Panhandle,E&P,Mechanic,2-5 Years,New (0-2yr),41.54,17.0,0.8827,0.0237,2.72,6.1,1,10.0,500.0
WC-001085_202507,2025-07-01,Southern,Carolinas,Residential,Mechanic,1-2 Years,Mid-Life (3-5yr),38.58,332.0,0.9033,0.019,1.52,4.4,13,329.0,14867.0
WC-001086_202507,2025-07-01,Southern,Carolinas,Commercial,Driver,< 1 Year,Aging (6-8yr),40.21,110.0,0.9265,0.0267,1.82,5.8,14,63.0,3285.0
WC-001087_202507,2025-07-01,Southern,Carolinas,Industrial,Mechanic,1-2 Years,Mid-Life (3-5yr),39.72,20.0,0.8778,0.0165,2.38,3.7,3,10.0,500.0
WC-001088_202507,2025-07-01,Southern,Carolinas,E&P,Mechanic,10+ Years,Mid-Life (3-5yr),49.07,13.0,0.9087,0.0263,2.36,5.8,4,10.0,500.0
WC-001089_202507,2025-07-01,Central,Great Plains,Residential,Helper,2-5 Years,End-of-Life (9+yr),43.22,343.0,0.8775,0.0285,2.29,5.6,24,293.0,16993.0
WC-001090_202507,2025-07-01,Central,Great Plains,Commercial,Driver,10+ Years,End-of-Life (9+yr),46.48,83.0,0.8515,0.0179,3.08,4.2,8,46.0,2694.0
WC-001091_202507,2025-07-01,Central,Great Plains,Industrial,Driver,1-2 Years,Aging (6-8yr),50.24,24.0,0.9456,0.0294,2.85,4.5,7,10.0,539.0
WC-001092_202507,2025-07-01,Central,Great Plains,E&P,Driver,5-10 Years,End-of-Life (9+yr),43.63,9.0,0.8596,0.0217,2.7,4.1,2,10.0,500.0
WC-001093_202507,2025-07-01,Central,Upper Midwest,Residential,Driver,10+ Years,End-of-Life (9+yr),44.41,273.0,0.9026,0.0276,2.39,5.1,12,196.0,11382.0
WC-001094_202507,2025-07-01,Central,Upper Midwest,Commercial,Mechanic,5-10 Years,New (0-2yr),46.76,121.0,0.8626,0.0205,3.44,4.4,12,56.0,3474.0
WC-001095_202507,2025-07-01,Central,Upper Midwest,Industrial,Driver,1-2 Years,Mid-Life (3-5yr),47.93,17.0,0.9121,0.016,1.58,4.5,4,10.0,500.0
WC-001096_202507,2025-07-01,Central,Upper Midwest,E&P,Driver,2-5 Years,New (0-2yr),42.78,10.0,0.8533,0.0223,1.85,6.2,1,10.0,500.0
WC-001097_202507,2025-07-01,Central,Missouri Valley,Residential,Driver,10+ Years,Mid-Life (3-5yr),45.31,331.0,0.9273,0.0164,2.58,3.9,9,129.0,7593.0
WC-001098_202507,2025-07-01,Central,Missouri Valley,Commercial,Driver,2-5 Years,End-of-Life (9+yr),40.53,133.0,0.9015,0.0269,2.43,6.3,13,91.0,4687.0
WC-001099_202507,2025-07-01,Central,Missouri Valley,Industrial,Driver,10+ Years,Aging (6-8yr),49.07,39.0,0.9136,0.029,2.85,4.8,3,10.0,500.0
WC-001100_202507,2025-07-01,Central,Missouri Valley,E&P,Driver,2-5 Years,End-of-Life (9+yr),44.53,15.0,0.8763,0.0207,1.52,4.5,4,10.0,500.0
WC-001101_202507,2025-07-01,Central,Ozarks,Residential,Driver,2-5 Years,End-of-Life (9+yr),41.48,299.0,0.9093,0.0297,1.65,5.0,20,204.0,11308.0
WC-001102_202507,2025-07-01,Central,Ozarks,Commercial,Helper,2-5 Years,Mid-Life (3-5yr),48.21,130.0,0.9527,0.016,2.15,4.1,9,92.0,5361.0
WC-001103_202507,2025-07-01,Central,Ozarks,Industrial,Driver,1-2 Years,Mid-Life (3-5yr),38.59,20.0,0.8707,0.0257,2.81,4.9,6,10.0,500.0
WC-001104_202507,2025-07-01,Central,Ozarks,E&P,Driver,2-5 Years,Mid-Life (3-5yr),50.9,14.0,0.8807,0.0284,1.72,4.1,1,10.0,500.0
WC-001105_202507,2025-07-01,Eastern,Mid-Atlantic,Residential,Operator,5-10 Years,Mid-Life (3-5yr),47.16,342.0,0.9255,0.0184,1.52,5.1,8,170.0,9433.0
WC-001106_202507,2025-07-01,Eastern,Mid-Atlantic,Commercial,Driver,2-5 Years,Mid-Life (3-5yr),48.54,119.0,0.9457,0.0191,1.99,6.2,14,115.0,6451.0
WC-001107_202507,2025-07-01,Eastern,Mid-Atlantic,Industrial,Driver,5-10 Years,New (0-2yr),49.96,23.0,0.9487,0.0159,2.21,3.6,2,10.0,500.0
WC-001108_202507,2025-07-01,Eastern,Mid-Atlantic,E&P,Mechanic,2-5 Years,Aging (6-8yr),49.19,18.0,0.8966,0.0246,1.61,5.1,2,10.0,500.0
WC-001109_202507,2025-07-01,Eastern,New England,Residential,Driver,10+ Years,Mid-Life (3-5yr),48.68,286.0,0.9111,0.0186,2.71,4.0,22,243.0,14773.0
WC-001110_202507,2025-07-01,Eastern,New England,Commercial,Helper,10+ Years,Mid-Life (3-5yr),46.6,121.0,0.9241,0.019,2.28,4.2,11,99.0,5380.0
WC-001111_202507,2025-07-01,Eastern,New England,Industrial,Driver,2-5 Years,Aging (6-8yr),53.61,23.0,0.9022,0.0206,2.98,6.4,5,10.0,500.0
WC-001112_202507,2025-07-01,Eastern,New England,E&P,Driver,2-5 Years,Aging (6-8yr),50.7,13.0,0.8799,0.0222,1.63,4.2,1,10.0,500.0
WC-001113_202507,2025-07-01,Eastern,Great Lakes,Residential,Mechanic,2-5 Years,Mid-Life (3-5yr),45.29,290.0,0.8898,0.0163,1.89,5.3,17,251.0,14622.0
WC-001114_202507,2025-07-01,Eastern,Great Lakes,Commercial,Driver,< 1 Year,Mid-Life (3-5yr),38.12,126.0,0.9296,0.0227,3.4,5.9,6,51.0,2459.0
WC-001115_202507,2025-07-01,Eastern,Great Lakes,Industrial,Driver,1-2 Years,End-of-Life (9+yr),38.94,32.0,0.9417,0.0297,2.61,5.3,7,10.0,500.0
WC-001116_202507,2025-07-01,Eastern,Great Lakes,E&P,Driver,< 1 Year,Mid-Life (3-5yr),48.74,17.0,0.882,0.0298,2.75,3.8,4,10.0,500.0
WC-001117_202507,2025-07-01,Eastern,Ohio Valley,Residential,Driver,2-5 Years,New (0-2yr),52.75,340.0,0.9194,0.0264,3.03,4.9,16,418.0,28368.0
WC-001118_202507,2025-07-01,Eastern,Ohio Valley,Commercial,Mechanic,10+ Years,Mid-Life (3-5yr),47.98,148.0,0.8959,0.0166,2.38,5.1,7,78.0,4600.0
WC-001119_202507,2025-07-01,Eastern,Ohio Valley,Industrial,Driver,10+ Years,New (0-2yr),41.82,26.0,0.9426,0.0235,3.04,4.0,4,10.0,500.0
WC-001120_202507,2025-07-01,Eastern,Ohio Valley,E&P,Mechanic,5-10 Years,End-of-Life (9+yr),45.26,8.0,0.8781,0.0251,1.96,5.7,4,10.0,500.0
WC-001121_202507,2025-07-01,Canada,Ontario,Residential,Driver,5-10 Years,Mid-Life (3-5yr),49.83,302.0,0.9418,0.022,2.2,5.0,19,389.0,24224.0
WC-001122_202507,2025-07-01,Canada,Ontario,Commercial,Helper,1-2 Years,Mid-Life (3-5yr),46.11,98.0,0.9123,0.0151,2.61,4.6,8,62.0,3537.0
WC-001123_202507,2025-07-01,Canada,Ontario,Industrial,Driver,5-10 Years,End-of-Life (9+yr),48.85,28.0,0.9484,0.0191,1.72,4.7,3,10.0,500.0
WC-001124_202507,2025-07-01,Canada,Ontario,E&P,Operator,2-5 Years,New (0-2yr),43.0,12.0,0.8849,0.0282,1.96,5.3,4,10.0,500.0
WC-001125_202507,2025-07-01,Canada,Alberta,Residential,Mechanic,< 1 Year,New (0-2yr),44.25,304.0,0.8709,0.0295,2.01,5.7,19,129.0,6811.0
WC-001126_202507,2025-07-01,Canada,Alberta,Commercial,Operator,1-2 Years,Aging (6-8yr),49.96,98.0,0.888,0.0272,1.99,4.4,12,87.0,5632.0
WC-001127_202507,2025-07-01,Canada,Alberta,Industrial,Driver,10+ Years,End-of-Life (9+yr),40.9,33.0,0.9352,0.0176,3.73,5.9,4,10.0,500.0
WC-001128_202507,2025-07-01,Canada,Alberta,E&P,Driver,1-2 Years,Aging (6-8yr),46.35,12.0,0.9079,0.0174,2.32,5.6,4,10.0,500.0
WC-001129_202507,2025-07-01,Canada,British Columbia,Residential,Driver,5-10 Years,New (0-2yr),49.98,292.0,0.875,0.0276,2.25,6.0,20,259.0,15797.0
WC-001130_202507,2025-07-01,Canada,British Columbia,Commercial,Driver,2-5 Years,Mid-Life (3-5yr),46.67,98.0,0.9375,0.0262,2.74,3.7,11,48.0,2966.0
WC-001131_202507,2025-07-01,Canada,British Columbia,Industrial,Driver,5-10 Years,Mid-Life (3-5yr),45.01,20.0,0.887,0.0289,2.28,6.1,5,10.0,500.0
WC-001132_202507,2025-07-01,Canada,British Columbia,E&P,Mechanic,1-2 Years,New (0-2yr),40.38,17.0,0.878,0.0205,3.28,5.2,4,10.0,500.0
WC-001133_202507,2025-07-01,Canada,Quebec,Residential,Driver,5-10 Years,Mid-Life (3-5yr),38.17,293.0,0.8979,0.0236,2.1,5.3,20,157.0,7650.0
WC-001134_202507,2025-07-01,Canada,Quebec,Commercial,Driver,1-2 Years,New (0-2yr),40.05,134.0,0.8439,0.0216,2.34,5.3,9,78.0,3617.0
WC-001135_202507,2025-07-01,Canada,Quebec,Industrial,Driver,2-5 Years,End-of-Life (9+yr),36.63,27.0,0.8857,0.0243,2.8,4.0,3,10.0,500.0
WC-001136_202507,2025-07-01,Canada,Quebec,E&P,Driver,1-2 Years,End-of-Life (9+yr),48.39,18.0,0.8322,0.0176,2.77,4.4,2,10.0,500.0
WC-001137_202507,2025-07-01,MidSouth,Tennessee Valley,Residential,Helper,2-5 Years,End-of-Life (9+yr),43.54,282.0,0.9192,0.0213,2.89,5.4,24,253.0,14862.0
WC-001138_202507,2025-07-01,MidSouth,Tennessee Valley,Commercial,Mechanic,2-5 Years,Aging (6-8yr),47.18,122.0,0.8902,0.0297,1.98,5.8,9,26.0,1418.0
WC-001139_202507,2025-07-01,MidSouth,Tennessee Valley,Industrial,Driver,1-2 Years,Mid-Life (3-5yr),47.52,22.0,0.9108,0.0265,3.28,5.3,7,11.0,641.0
WC-001140_202507,2025-07-01,MidSouth,Tennessee Valley,E&P,Helper,10+ Years,Aging (6-8yr),43.41,10.0,0.8271,0.027,2.59,5.6,1,10.0,500.0
WC-001141_202507,2025-07-01,MidSouth,Mississippi Delta,Residential,Mechanic,2-5 Years,New (0-2yr),43.11,325.0,0.8527,0.0218,2.39,4.5,22,187.0,10593.0
WC-001142_202507,2025-07-01,MidSouth,Mississippi Delta,Commercial,Mechanic,1-2 Years,New (0-2yr),41.53,129.0,0.8656,0.0224,2.5,5.0,13,60.0,2933.0
WC-001143_202507,2025-07-01,MidSouth,Mississippi Delta,Industrial,Mechanic,5-10 Years,Mid-Life (3-5yr),42.02,26.0,0.9156,0.0191,1.53,4.6,6,10.0,510.0
WC-001144_202507,2025-07-01,MidSouth,Mississippi Delta,E&P,Driver,1-2 Years,End-of-Life (9+yr),37.78,19.0,0.8781,0.03,2.96,4.9,4,10.0,500.0
WC-001145_202507,2025-07-01,MidSouth,Arkansas,Residential,Driver,< 1 Year,End-of-Life (9+yr),39.31,323.0,0.8867,0.0245,2.27,5.2,9,197.0,10423.0
WC-001146_202507,2025-07-01,MidSouth,Arkansas,Commercial,Operator,2-5 Years,Mid-Life (3-5yr),40.95,121.0,0.9271,0.0176,3.15,3.8,12,108.0,5441.0
WC-001147_202507,2025-07-01,MidSouth,Arkansas,Industrial,Driver,< 1 Year,End-of-Life (9+yr),42.46,38.0,0.8562,0.0247,3.09,3.7,3,10.0,500.0
WC-001148_202507,2025-07-01,MidSouth,Arkansas,E&P,Driver,5-10 Years,Mid-Life (3-5yr),48.63,12.0,0.9236,0.0202,2.57,5.7,4,10.0,500.0
WC-001149_202507,2025-07-01,MidSouth,Oklahoma,Residential,Driver,5-10 Years,Mid-Life (3-5yr),40.54,338.0,0.9152,0.0256,1.66,5.8,11,163.0,7668.0
WC-001150_202507,2025-07-01,MidSouth,Oklahoma,Commercial,Operator,2-5 Years,Mid-Life (3-5yr),48.66,127.0,0.8892,0.0279,2.44,6.2,14,87.0,5142.0
WC-001151_202507,2025-07-01,MidSouth,Oklahoma,Industrial,Mechanic,2-5 Years,New (0-2yr),51.04,40.0,0.8547,0.0209,3.22,4.8,7,11.0,650.0
WC-001152_202507,2025-07-01,MidSouth,Oklahoma,E&P,Driver,< 1 Year,Aging (6-8yr),41.33,13.0,0.8598,0.0216,1.44,6.1,1,10.0,500.0
WC-001153_202508,2025-08-01,Western,Pacific Northwest,Residential,Driver,2-5 Years,Mid-Life (3-5yr),47.95,338.0,0.905,0.0231,3.36,5.2,23,606.0,34910.0
WC-001154_202508,2025-08-01,Western,Pacific Northwest,Commercial,Mechanic,< 1 Year,Mid-Life (3-5yr),53.0,137.0,0.9124,0.0279,3.44,6.2,7,34.0,2296.0
WC-001155_202508,2025-08-01,Western,Pacific Northwest,Industrial,Driver,10+ Years,Mid-Life (3-5yr),52.1,32.0,0.8586,0.0156,2.78,3.7,7,10.0,500.0
WC-001156_202508,2025-08-01,Western,Pacific Northwest,E&P,Mechanic,5-10 Years,End-of-Life (9+yr),46.67,11.0,0.9339,0.0155,3.01,6.2,3,10.0,500.0
WC-001157_202508,2025-08-01,Western,Northern California,Residential,Driver,10+ Years,End-of-Life (9+yr),50.91,315.0,0.9032,0.0255,1.65,3.6,19,176.0,10549.0
WC-001158_202508,2025-08-01,Western,Northern California,Commercial,Driver,2-5 Years,Mid-Life (3-5yr),41.53,104.0,0.9324,0.0242,3.21,5.0,5,22.0,1192.0
WC-001159_202508,2025-08-01,Western,Northern California,Industrial,Operator,10+ Years,End-of-Life (9+yr),44.73,21.0,0.8944,0.0152,2.52,5.4,5,10.0,500.0
WC-001160_202508,2025-08-01,Western,Northern California,E&P,Driver,10+ Years,Aging (6-8yr),43.91,20.0,0.909,0.0213,2.21,4.4,2,10.0,500.0
WC-001161_202508,2025-08-01,Western,Southern California,Residential,Helper,5-10 Years,Aging (6-8yr),44.73,308.0,0.9533,0.0208,2.03,4.3,12,82.0,4725.0
WC-001162_202508,2025-08-01,Western,Southern California,Commercial,Driver,2-5 Years,New (0-2yr),51.93,121.0,0.9335,0.0287,2.06,3.9,9,55.0,3629.0
WC-001163_202508,2025-08-01,Western,Southern California,Industrial,Driver,10+ Years,Mid-Life (3-5yr),45.69,16.0,0.8868,0.0186,3.08,5.9,2,10.0,500.0
WC-001164_202508,2025-08-01,Western,Southern California,E&P,Mechanic,2-5 Years,Aging (6-8yr),45.04,12.0,0.8921,0.022,2.22,4.2,3,10.0,500.0
WC-001165_202508,2025-08-01,Western,Mountain West,Residential,Mechanic,10+ Years,Aging (6-8yr),51.56,321.0,0.8798,0.0236,1.92,6.1,19,210.0,13549.0
WC-001166_202508,2025-08-01,Western,Mountain West,Commercial,Mechanic,1-2 Years,Mid-Life (3-5yr),49.96,126.0,0.8696,0.0241,2.96,3.9,12,90.0,5294.0
WC-001167_202508,2025-08-01,Western,Mountain West,Industrial,Driver,5-10 Years,End-of-Life (9+yr),42.95,30.0,0.928,0.0235,2.78,3.8,3,10.0,500.0
WC-001168_202508,2025-08-01,Western,Mountain West,E&P,Driver,2-5 Years,Mid-Life (3-5yr),43.49,8.0,0.8639,0.0161,1.88,3.8,3,10.0,500.0
WC-001169_202508,2025-08-01,Southern,Gulf Coast,Residential,Operator,5-10 Years,New (0-2yr),47.26,324.0,0.9129,0.0248,2.66,3.6,16,196.0,11888.0
WC-001170_202508,2025-08-01,Southern,Gulf Coast,Commercial,Operator,10+ Years,Mid-Life (3-5yr),49.44,122.0,0.9194,0.0161,2.88,4.8,11,87.0,5204.0
WC-001171_202508,2025-08-01,Southern,Gulf Coast,Industrial,Driver,< 1 Year,New (0-2yr),48.35,35.0,0.9506,0.0269,1.8,5.4,5,13.0,843.0
WC-001172_202508,2025-08-01,Southern,Gulf Coast,E&P,Operator,2-5 Years,Mid-Life (3-5yr),42.61,11.0,0.8904,0.0284,3.12,3.6,1,10.0,500.0
WC-001173_202508,2025-08-01,Southern,Southeast Texas,Residential,Driver,2-5 Years,Mid-Life (3-5yr),40.89,324.0,0.8663,0.0199,2.48,4.0,16,124.0,6548.0
WC-001174_202508,2025-08-01,Southern,Southeast Texas,Commercial,Helper,5-10 Years,Mid-Life (3-5yr),43.43,116.0,0.905,0.0234,2.71,6.3,6,37.0,1990.0
WC-001175_202508,2025-08-01,Southern,Southeast Texas,Industrial,Driver,1-2 Years,End-of-Life (9+yr),43.14,21.0,0.8847,0.0164,2.37,4.2,6,10.0,500.0
WC-001176_202508,2025-08-01,Southern,Southeast Texas,E&P,Helper,1-2 Years,New (0-2yr),46.16,16.0,0.9238,0.018,3.01,3.8,4,10.0,500.0
WC-001177_202508,2025-08-01,Southern,Florida Panhandle,Residential,Driver,5-10 Years,New (0-2yr),38.1,284.0,0.8837,0.0293,1.65,5.7,22,399.0,20451.0
WC-001178_202508,2025-08-01,Southern,Florida Panhandle,Commercial,Driver,10+ Years,Aging (6-8yr),50.3,96.0,0.8776,0.0192,3.44,4.6,10,50.0,3209.0
WC-001179_202508,2025-08-01,Southern,Florida Panhandle,Industrial,Driver,1-2 Years,New (0-2yr),41.73,25.0,0.8981,0.025,2.89,5.4,7,10.0,500.0
WC-001180_202508,2025-08-01,Southern,Florida Panhandle,E&P,Operator,5-10 Years,Aging (6-8yr),46.3,17.0,0.9016,0.0279,2.3,4.3,4,10.0,500.0
WC-001181_202508,2025-08-01,Southern,Carolinas,Residential,Driver,5-10 Years,End-of-Life (9+yr),47.22,271.0,0.9347,0.0216,1.52,3.6,15,170.0,9726.0
WC-001182_202508,2025-08-01,Southern,Carolinas,Commercial,Mechanic,2-5 Years,Mid-Life (3-5yr),42.65,84.0,0.92,0.0293,1.79,5.1,8,38.0,2092.0
WC-001183_202508,2025-08-01,Southern,Carolinas,Industrial,Driver,5-10 Years,Aging (6-8yr),40.7,32.0,0.905,0.0214,2.15,5.8,5,10.0,500.0
WC-001184_202508,2025-08-01,Southern,Carolinas,E&P,Driver,5-10 Years,New (0-2yr),42.06,18.0,0.9029,0.0209,3.43,4.0,3,10.0,500.0
WC-001185_202508,2025-08-01,Central,Great Plains,Residential,Driver,5-10 Years,Aging (6-8yr),51.91,317.0,0.86,0.0203,2.46,5.1,10,95.0,6393.0
WC-001186_202508,2025-08-01,Central,Great Plains,Commercial,Helper,< 1 Year,New (0-2yr),47.24,91.0,0.9531,0.0174,2.55,5.5,11,22.0,1343.0
WC-001187_202508,2025-08-01,Central,Great Plains,Industrial,Driver,5-10 Years,New (0-2yr),40.11,25.0,0.8775,0.0235,2.01,5.5,7,11.0,591.0
WC-001188_202508,2025-08-01,Central,Great Plains,E&P,Driver,5-10 Years,Aging (6-8yr),40.83,13.0,0.9584,0.0237,3.04,6.3,1,10.0,500.0
WC-001189_202508,2025-08-01,Central,Upper Midwest,Residential,Helper,5-10 Years,Mid-Life (3-5yr),51.09,301.0,0.8663,0.0241,1.84,4.9,10,63.0,3978.0
WC-001190_202508,2025-08-01,Central,Upper Midwest,Commercial,Operator,5-10 Years,Aging (6-8yr),50.4,128.0,0.8785,0.0296,1.97,3.9,6,56.0,3440.0
WC-001191_202508,2025-08-01,Central,Upper Midwest,Industrial,Mechanic,2-5 Years,Mid-Life (3-5yr),39.5,24.0,0.9101,0.0247,2.28,5.5,4,10.0,500.0
WC-001192_202508,2025-08-01,Central,Upper Midwest,E&P,Driver,5-10 Years,End-of-Life (9+yr),40.99,10.0,0.8773,0.0253,2.87,3.7,1,10.0,500.0
WC-001193_202508,2025-08-01,Central,Missouri Valley,Residential,Operator,10+ Years,New (0-2yr),45.83,272.0,0.9416,0.0155,3.13,3.5,11,81.0,5017.0
WC-001194_202508,2025-08-01,Central,Missouri Valley,Commercial,Mechanic,10+ Years,New (0-2yr),40.24,146.0,0.8979,0.0246,2.96,4.6,12,47.0,2226.0
WC-001195_202508,2025-08-01,Central,Missouri Valley,Industrial,Operator,1-2 Years,New (0-2yr),42.05,24.0,0.9471,0.0273,3.08,4.9,3,10.0,500.0
WC-001196_202508,2025-08-01,Central,Missouri Valley,E&P,Operator,10+ Years,New (0-2yr),44.33,17.0,0.8536,0.0273,1.65,5.1,2,10.0,500.0
WC-001197_202508,2025-08-01,Central,Ozarks,Residential,Mechanic,1-2 Years,Mid-Life (3-5yr),52.49,339.0,0.9067,0.0284,2.62,6.0,21,177.0,10992.0
WC-001198_202508,2025-08-01,Central,Ozarks,Commercial,Driver,10+ Years,New (0-2yr),44.08,123.0,0.9164,0.0228,3.11,4.5,11,85.0,4924.0
WC-001199_202508,2025-08-01,Central,Ozarks,Industrial,Mechanic,1-2 Years,New (0-2yr),39.63,16.0,0.8519,0.0255,3.02,5.9,6,10.0,500.0
WC-001200_202508,2025-08-01,Central,Ozarks,E&P,Driver,5-10 Years,Mid-Life (3-5yr),43.42,17.0,0.9287,0.0274,1.53,3.6,4,10.0,500.0
WC-001201_202508,2025-08-01,Eastern,Mid-Atlantic,Residential,Operator,< 1 Year,Aging (6-8yr),47.02,320.0,0.9359,0.0202,3.33,3.6,17,305.0,17190.0
WC-001202_202508,2025-08-01,Eastern,Mid-Atlantic,Commercial,Operator,10+ Years,New (0-2yr),42.75,125.0,0.9289,0.0228,2.13,5.0,12,66.0,3421.0
WC-001203_202508,2025-08-01,Eastern,Mid-Atlantic,Industrial,Driver,1-2 Years,End-of-Life (9+yr),45.72,36.0,0.9231,0.0287,3.33,5.8,6,15.0,864.0
WC-001204_202508,2025-08-01,Eastern,Mid-Atlantic,E&P,Driver,5-10 Years,Mid-Life (3-5yr),50.32,13.0,0.8929,0.0197,1.52,4.4,3,10.0,500.0
WC-001205_202508,2025-08-01,Eastern,New England,Residential,Driver,2-5 Years,New (0-2yr),49.16,296.0,0.9227,0.0183,2.23,5.4,12,273.0,17622.0
WC-001206_202508,2025-08-01,Eastern,New England,Commercial,Driver,5-10 Years,Mid-Life (3-5yr),48.75,136.0,0.8608,0.0227,2.43,4.4,6,43.0,2830.0
WC-001207_202508,2025-08-01,Eastern,New England,Industrial,Helper,2-5 Years,Aging (6-8yr),49.92,32.0,0.9596,0.021,3.2,6.0,6,10.0,683.0
WC-001208_202508,2025-08-01,Eastern,New England,E&P,Operator,10+ Years,Aging (6-8yr),40.42,19.0,0.8915,0.0248,2.7,4.7,1,10.0,500.0
WC-001209_202508,2025-08-01,Eastern,Great Lakes,Residential,Driver,10+ Years,Mid-Life (3-5yr),44.73,271.0,0.9331,0.0263,1.63,5.8,14,212.0,11865.0
WC-001210_202508,2025-08-01,Eastern,Great Lakes,Commercial,Helper,1-2 Years,Aging (6-8yr),43.66,130.0,0.8401,0.0218,2.71,4.8,12,104.0,5338.0
WC-001211_202508,2025-08-01,Eastern,Great Lakes,Industrial,Operator,< 1 Year,Mid-Life (3-5yr),45.08,25.0,0.8586,0.0255,2.47,3.5,2,10.0,500.0
WC-001212_202508,2025-08-01,Eastern,Great Lakes,E&P,Mechanic,< 1 Year,End-of-Life (9+yr),43.34,17.0,0.9265,0.0279,2.18,5.1,3,10.0,500.0
WC-001213_202508,2025-08-01,Eastern,Ohio Valley,Residential,Driver,< 1 Year,Mid-Life (3-5yr),44.97,301.0,0.9093,0.0263,2.73,5.8,17,374.0,21595.0
WC-001214_202508,2025-08-01,Eastern,Ohio Valley,Commercial,Driver,< 1 Year,New (0-2yr),52.06,140.0,0.9028,0.0221,2.7,4.5,5,15.0,903.0
WC-001215_202508,2025-08-01,Eastern,Ohio Valley,Industrial,Mechanic,2-5 Years,New (0-2yr),42.26,17.0,0.9064,0.0187,2.23,6.0,5,10.0,500.0
WC-001216_202508,2025-08-01,Eastern,Ohio Valley,E&P,Helper,5-10 Years,New (0-2yr),39.78,9.0,0.8781,0.0286,2.83,4.3,4,10.0,500.0
WC-001217_202508,2025-08-01,Canada,Ontario,Residential,Driver,1-2 Years,Mid-Life (3-5yr),41.01,254.0,0.9183,0.0271,2.48,4.0,22,431.0,21876.0
WC-001218_202508,2025-08-01,Canada,Ontario,Commercial,Operator,1-2 Years,Mid-Life (3-5yr),44.7,130.0,0.9025,0.0281,2.92,6.2,10,29.0,1522.0
WC-001219_202508,2025-08-01,Canada,Ontario,Industrial,Operator,1-2 Years,Mid-Life (3-5yr),39.19,36.0,0.8897,0.0274,2.67,5.2,5,10.0,500.0
WC-001220_202508,2025-08-01,Canada,Ontario,E&P,Driver,< 1 Year,Aging (6-8yr),38.26,12.0,0.8919,0.0287,2.66,5.0,4,10.0,500.0
WC-001221_202508,2025-08-01,Canada,Alberta,Residential,Driver,1-2 Years,New (0-2yr),39.4,342.0,0.9039,0.0168,2.25,5.0,17,380.0,19037.0
WC-001222_202508,2025-08-01,Canada,Alberta,Commercial,Driver,10+ Years,New (0-2yr),54.15,93.0,0.9265,0.0191,3.5,6.4,10,62.0,4314.0
WC-001223_202508,2025-08-01,Canada,Alberta,Industrial,Driver,< 1 Year,Mid-Life (3-5yr),49.5,31.0,0.8854,0.0173,2.26,6.1,4,10.0,500.0
WC-001224_202508,2025-08-01,Canada,Alberta,E&P,Helper,2-5 Years,Aging (6-8yr),38.05,16.0,0.8907,0.0168,2.75,5.2,2,10.0,500.0
WC-001225_202508,2025-08-01,Canada,British Columbia,Residential,Mechanic,10+ Years,Mid-Life (3-5yr),41.09,275.0,0.9391,0.0158,2.28,4.3,22,181.0,8646.0
WC-001226_202508,2025-08-01,Canada,British Columbia,Commercial,Helper,2-5 Years,Mid-Life (3-5yr),46.98,85.0,0.905,0.025,2.95,5.4,5,10.0,550.0
WC-001227_202508,2025-08-01,Canada,British Columbia,Industrial,Driver,2-5 Years,End-of-Life (9+yr),40.68,28.0,0.8748,0.0253,1.76,4.2,5,11.0,550.0
WC-001228_202508,2025-08-01,Canada,British Columbia,E&P,Driver,5-10 Years,Aging (6-8yr),46.72,19.0,0.9335,0.0179,3.27,4.4,4,10.0,500.0
WC-001229_202508,2025-08-01,Canada,Quebec,Residential,Driver,1-2 Years,New (0-2yr),38.87,309.0,0.9524,0.0164,2.82,5.6,22,315.0,16015.0
WC-001230_202508,2025-08-01,Canada,Quebec,Commercial,Driver,2-5 Years,Aging (6-8yr),39.83,89.0,0.9348,0.0195,3.11,5.1,5,12.0,573.0
WC-001231_202508,2025-08-01,Canada,Quebec,Industrial,Driver,5-10 Years,Mid-Life (3-5yr),43.07,27.0,0.9217,0.0226,1.51,4.9,6,10.0,500.0
WC-001232_202508,2025-08-01,Canada,Quebec,E&P,Driver,10+ Years,Mid-Life (3-5yr),38.7,16.0,0.9136,0.0257,2.8,6.1,2,10.0,500.0
WC-001233_202508,2025-08-01,MidSouth,Tennessee Valley,Residential,Mechanic,2-5 Years,New (0-2yr),47.8,309.0,0.8738,0.0199,1.8,6.2,17,266.0,17063.0
WC-001234_202508,2025-08-01,MidSouth,Tennessee Valley,Commercial,Driver,5-10 Years,New (0-2yr),51.31,140.0,0.908,0.0252,2.01,6.2,6,25.0,1672.0
WC-001235_202508,2025-08-01,MidSouth,Tennessee Valley,Industrial,Operator,< 1 Year,New (0-2yr),47.51,29.0,0.8976,0.0169,3.33,5.3,5,10.0,500.0
WC-001236_202508,2025-08-01,MidSouth,Tennessee Valley,E&P,Driver,2-5 Years,Aging (6-8yr),39.29,14.0,0.8949,0.0211,2.22,4.4,1,10.0,500.0
WC-001237_202508,2025-08-01,MidSouth,Mississippi Delta,Residential,Mechanic,5-10 Years,Aging (6-8yr),53.19,309.0,0.9272,0.0158,2.66,5.8,10,67.0,4358.0
WC-001238_202508,2025-08-01,MidSouth,Mississippi Delta,Commercial,Driver,10+ Years,Mid-Life (3-5yr),45.87,116.0,0.932,0.019,1.86,6.1,5,41.0,2409.0
WC-001239_202508,2025-08-01,MidSouth,Mississippi Delta,Industrial,Driver,5-10 Years,End-of-Life (9+yr),50.63,22.0,0.8625,0.0177,1.62,4.3,2,10.0,500.0
WC-001240_202508,2025-08-01,MidSouth,Mississippi Delta,E&P,Helper,1-2 Years,End-of-Life (9+yr),37.39,15.0,0.8808,0.0267,2.64,3.8,2,10.0,500.0
WC-001241_202508,2025-08-01,MidSouth,Arkansas,Residential,Driver,10+ Years,New (0-2yr),39.84,264.0,0.9172,0.0166,3.29,3.6,20,310.0,16229.0
WC-001242_202508,2025-08-01,MidSouth,Arkansas,Commercial,Driver,5-10 Years,Mid-Life (3-5yr),40.77,139.0,0.8893,0.0273,3.52,6.3,10,37.0,1919.0
WC-001243_202508,2025-08-01,MidSouth,Arkansas,Industrial,Driver,5-10 Years,Aging (6-8yr),46.7,34.0,0.9454,0.0158,3.37,6.0,2,10.0,500.0
WC-001244_202508,2025-08-01,MidSouth,Arkansas,E&P,Driver,1-2 Years,Mid-Life (3-5yr),47.83,8.0,0.9699,0.0263,2.11,4.9,2,10.0,500.0
WC-001245_202508,2025-08-01,MidSouth,Oklahoma,Residential,Helper,5-10 Years,Mid-Life (3-5yr),45.61,300.0,0.9037,0.0258,2.02,5.4,24,379.0,21861.0
WC-001246_202508,2025-08-01,MidSouth,Oklahoma,Commercial,Driver,5-10 Years,Aging (6-8yr),49.0,138.0,0.8731,0.0237,1.83,4.7,14,76.0,4414.0
WC-001247_202508,2025-08-01,MidSouth,Oklahoma,Industrial,Operator,2-5 Years,End-of-Life (9+yr),43.51,33.0,0.933,0.028,2.05,4.9,5,10.0,500.0
WC-001248_202508,2025-08-01,MidSouth,Oklahoma,E&P,Driver,1-2 Years,End-of-Life (9+yr),45.05,19.0,0.9274,0.019,3.48,5.9,4,10.0,500.0
WC-001249_202509,2025-09-01,Western,Pacific Northwest,Residential,Operator,1-2 Years,New (0-2yr),37.62,269.0,0.9501,0.0221,2.05,4.3,11,216.0,10446.0
WC-001250_202509,2025-09-01,Western,Pacific Northwest,Commercial,Operator,< 1 Year,New (0-2yr),50.28,127.0,0.9041,0.0236,2.79,5.1,14,93.0,5731.0
WC-001251_202509,2025-09-01,Western,Pacific Northwest,Industrial,Mechanic,1-2 Years,End-of-Life (9+yr),47.63,31.0,0.8983,0.0211,1.77,3.7,3,10.0,500.0
WC-001252_202509,2025-09-01,Western,Pacific Northwest,E&P,Driver,< 1 Year,New (0-2yr),45.97,8.0,0.9367,0.0167,2.47,4.5,2,10.0,500.0
WC-001253_202509,2025-09-01,Western,Northern California,Residential,Driver,5-10 Years,Mid-Life (3-5yr),50.65,262.0,0.9332,0.0197,2.4,4.3,8,154.0,9450.0
WC-001254_202509,2025-09-01,Western,Northern California,Commercial,Driver,10+ Years,End-of-Life (9+yr),40.64,100.0,0.9186,0.0295,2.27,4.3,7,46.0,2476.0
WC-001255_202509,2025-09-01,Western,Northern California,Industrial,Mechanic,2-5 Years,Aging (6-8yr),44.12,16.0,0.8765,0.0206,3.34,4.9,3,10.0,500.0
WC-001256_202509,2025-09-01,Western,Northern California,E&P,Driver,1-2 Years,Mid-Life (3-5yr),42.99,14.0,0.8715,0.0213,2.94,3.8,4,10.0,500.0
WC-001257_202509,2025-09-01,Western,Southern California,Residential,Operator,2-5 Years,End-of-Life (9+yr),46.1,256.0,0.8917,0.0228,1.44,5.2,21,161.0,9037.0
WC-001258_202509,2025-09-01,Western,Southern California,Commercial,Mechanic,5-10 Years,New (0-2yr),39.96,95.0,0.9122,0.0202,2.33,4.4,11,28.0,1278.0
WC-001259_202509,2025-09-01,Western,Southern California,Industrial,Mechanic,5-10 Years,Aging (6-8yr),49.8,30.0,0.894,0.0171,2.66,4.2,2,10.0,500.0
WC-001260_202509,2025-09-01,Western,Southern California,E&P,Mechanic,2-5 Years,New (0-2yr),52.01,13.0,0.8703,0.0253,3.35,3.5,2,10.0,500.0
WC-001261_202509,2025-09-01,Western,Mountain West,Residential,Driver,5-10 Years,Mid-Life (3-5yr),51.84,352.0,0.8572,0.0201,1.78,6.3,20,319.0,22086.0
WC-001262_202509,2025-09-01,Western,Mountain West,Commercial,Helper,1-2 Years,New (0-2yr),47.61,103.0,0.9476,0.0152,2.08,6.2,7,55.0,3160.0
WC-001263_202509,2025-09-01,Western,Mountain West,Industrial,Driver,10+ Years,End-of-Life (9+yr),37.06,27.0,0.8818,0.0158,2.42,4.4,7,12.0,519.0
WC-001264_202509,2025-09-01,Western,Mountain West,E&P,Mechanic,10+ Years,Mid-Life (3-5yr),38.77,9.0,0.9661,0.0238,2.28,5.9,4,10.0,500.0
WC-001265_202509,2025-09-01,Southern,Gulf Coast,Residential,Driver,1-2 Years,Mid-Life (3-5yr),41.64,313.0,0.9448,0.0203,2.36,4.8,17,193.0,10039.0
WC-001266_202509,2025-09-01,Southern,Gulf Coast,Commercial,Mechanic,1-2 Years,Mid-Life (3-5yr),38.9,146.0,0.8932,0.0257,2.14,6.5,8,52.0,2350.0
WC-001267_202509,2025-09-01,Southern,Gulf Coast,Industrial,Mechanic,2-5 Years,Aging (6-8yr),40.06,20.0,0.9065,0.0297,2.95,3.8,3,10.0,500.0
WC-001268_202509,2025-09-01,Southern,Gulf Coast,E&P,Driver,1-2 Years,Mid-Life (3-5yr),41.84,13.0,0.8581,0.022,2.83,4.8,4,10.0,500.0
WC-001269_202509,2025-09-01,Southern,Southeast Texas,Residential,Driver,1-2 Years,Mid-Life (3-5yr),44.32,269.0,0.9659,0.0277,2.66,4.8,16,116.0,6466.0
WC-001270_202509,2025-09-01,Southern,Southeast Texas,Commercial,Driver,1-2 Years,End-of-Life (9+yr),44.27,118.0,0.8824,0.0266,1.89,6.4,11,86.0,5023.0
WC-001271_202509,2025-09-01,Southern,Southeast Texas,Industrial,Driver,10+ Years,Aging (6-8yr),53.27,19.0,0.8537,0.0237,2.3,5.4,7,10.0,591.0
WC-001272_202509,2025-09-01,Southern,Southeast Texas,E&P,Driver,5-10 Years,Aging (6-8yr),43.3,19.0,0.8709,0.0276,2.54,4.7,4,10.0,500.0
WC-001273_202509,2025-09-01,Southern,Florida Panhandle,Residential,Driver,5-10 Years,Aging (6-8yr),49.29,307.0,0.9095,0.0179,1.72,4.6,13,180.0,11600.0
WC-001274_202509,2025-09-01,Southern,Florida Panhandle,Commercial,Operator,< 1 Year,New (0-2yr),46.25,137.0,0.8992,0.0268,1.53,5.3,13,124.0,7360.0
WC-001275_202509,2025-09-01,Southern,Florida Panhandle,Industrial,Driver,< 1 Year,End-of-Life (9+yr),40.43,17.0,0.9015,0.0192,2.68,3.7,5,10.0,500.0
WC-001276_202509,2025-09-01,Southern,Florida Panhandle,E&P,Operator,5-10 Years,Aging (6-8yr),43.32,10.0,0.8863,0.0272,1.76,5.8,2,10.0,500.0
WC-001277_202509,2025-09-01,Southern,Carolinas,Residential,Operator,10+ Years,End-of-Life (9+yr),46.73,298.0,0.9393,0.0214,1.85,4.4,9,63.0,3487.0
WC-001278_202509,2025-09-01,Southern,Carolinas,Commercial,Driver,1-2 Years,Aging (6-8yr),44.48,142.0,0.9166,0.0264,3.1,4.1,5,33.0,1768.0
WC-001279_202509,2025-09-01,Southern,Carolinas,Industrial,Helper,1-2 Years,Mid-Life (3-5yr),38.19,28.0,0.966,0.0255,1.52,5.3,5,10.0,500.0
WC-001280_202509,2025-09-01,Southern,Carolinas,E&P,Operator,10+ Years,Mid-Life (3-5yr),44.76,14.0,0.9026,0.0265,2.22,3.8,3,10.0,500.0
WC-001281_202509,2025-09-01,Central,Great Plains,Residential,Driver,2-5 Years,Mid-Life (3-5yr),51.5,276.0,0.8691,0.0189,3.23,5.5,18,374.0,23497.0
WC-001282_202509,2025-09-01,Central,Great Plains,Commercial,Mechanic,10+ Years,Mid-Life (3-5yr),47.67,125.0,0.8886,0.0182,1.85,6.5,10,79.0,4443.0
WC-001283_202509,2025-09-01,Central,Great Plains,Industrial,Helper,5-10 Years,Mid-Life (3-5yr),35.85,35.0,0.9227,0.0192,2.52,4.5,5,10.0,500.0
WC-001284_202509,2025-09-01,Central,Great Plains,E&P,Helper,1-2 Years,New (0-2yr),49.4,13.0,0.8455,0.026,3.54,4.6,4,10.0,500.0
WC-001285_202509,2025-09-01,Central,Upper Midwest,Residential,Driver,2-5 Years,Aging (6-8yr),48.0,259.0,0.9119,0.0298,1.67,4.6,21,398.0,24215.0
WC-001286_202509,2025-09-01,Central,Upper Midwest,Commercial,Driver,1-2 Years,Mid-Life (3-5yr),47.75,110.0,0.9243,0.0199,1.84,4.7,8,54.0,2985.0
WC-001287_202509,2025-09-01,Central,Upper Midwest,Industrial,Driver,2-5 Years,Mid-Life (3-5yr),45.44,23.0,0.8962,0.0247,3.6,6.0,2,10.0,500.0
WC-001288_202509,2025-09-01,Central,Upper Midwest,E&P,Driver,1-2 Years,New (0-2yr),48.19,17.0,0.917,0.0228,2.28,6.0,3,10.0,500.0
WC-001289_202509,2025-09-01,Central,Missouri Valley,Residential,Helper,5-10 Years,Aging (6-8yr),46.5,267.0,0.9287,0.0239,2.93,4.8,22,346.0,20967.0
WC-001290_202509,2025-09-01,Central,Missouri Valley,Commercial,Driver,10+ Years,Mid-Life (3-5yr),50.44,121.0,0.9165,0.0169,2.5,3.6,7,17.0,1089.0
WC-001291_202509,2025-09-01,Central,Missouri Valley,Industrial,Operator,2-5 Years,Aging (6-8yr),49.13,30.0,0.86,0.0279,2.21,6.3,4,10.0,555.0
WC-001292_202509,2025-09-01,Central,Missouri Valley,E&P,Driver,10+ Years,Mid-Life (3-5yr),36.61,19.0,0.8521,0.028,3.59,3.8,3,10.0,500.0
WC-001293_202509,2025-09-01,Central,Ozarks,Residential,Driver,2-5 Years,Mid-Life (3-5yr),43.02,348.0,0.8583,0.0218,2.68,3.6,20,476.0,25441.0
WC-001294_202509,2025-09-01,Central,Ozarks,Commercial,Driver,5-10 Years,Mid-Life (3-5yr),41.52,94.0,0.8991,0.0225,2.18,6.3,5,24.0,1169.0
WC-001295_202509,2025-09-01,Central,Ozarks,Industrial,Operator,2-5 Years,Mid-Life (3-5yr),38.86,21.0,0.9184,0.0211,3.12,5.8,6,10.0,500.0
WC-001296_202509,2025-09-01,Central,Ozarks,E&P,Helper,< 1 Year,New (0-2yr),45.86,13.0,0.8501,0.0202,2.86,4.1,1,10.0,500.0
WC-001297_202509,2025-09-01,Eastern,Mid-Atlantic,Residential,Driver,5-10 Years,Aging (6-8yr),42.24,343.0,0.941,0.0291,3.35,6.1,23,230.0,13000.0
WC-001298_202509,2025-09-01,Eastern,Mid-Atlantic,Commercial,Driver,2-5 Years,Mid-Life (3-5yr),42.77,141.0,0.8997,0.0213,2.59,3.6,7,39.0,2142.0
WC-001299_202509,2025-09-01,Eastern,Mid-Atlantic,Industrial,Driver,5-10 Years,Aging (6-8yr),43.23,28.0,0.9313,0.0183,2.29,3.8,7,10.0,540.0
WC-001300_202509,2025-09-01,Eastern,Mid-Atlantic,E&P,Driver,5-10 Years,New (0-2yr),41.97,19.0,0.8599,0.0194,2.65,5.6,4,10.0,500.0
WC-001301_202509,2025-09-01,Eastern,New England,Residential,Operator,5-10 Years,New (0-2yr),41.91,280.0,0.9151,0.017,2.16,3.5,24,520.0,27570.0
WC-001302_202509,2025-09-01,Eastern,New England,Commercial,Driver,2-5 Years,End-of-Life (9+yr),40.92,111.0,0.8772,0.018,2.52,3.9,7,17.0,890.0
WC-001303_202509,2025-09-01,Eastern,New England,Industrial,Operator,2-5 Years,New (0-2yr),41.02,35.0,0.8597,0.0187,1.53,3.6,4,10.0,500.0
WC-001304_202509,2025-09-01,Eastern,New England,E&P,Driver,1-2 Years,Mid-Life (3-5yr),41.97,18.0,0.8732,0.025,2.58,3.6,4,10.0,500.0
WC-001305_202509,2025-09-01,Eastern,Great Lakes,Residential,Mechanic,< 1 Year,End-of-Life (9+yr),41.83,301.0,0.9066,0.0204,2.95,3.6,13,181.0,9365.0
WC-001306_202509,2025-09-01,Eastern,Great Lakes,Commercial,Mechanic,5-10 Years,Mid-Life (3-5yr),40.78,113.0,0.8742,0.0217,2.36,6.2,9,24.0,1254.0
WC-001307_202509,2025-09-01,Eastern,Great Lakes,Industrial,Driver,5-10 Years,New (0-2yr),48.23,29.0,0.8592,0.0293,1.7,3.7,5,10.0,500.0
WC-001308_202509,2025-09-01,Eastern,Great Lakes,E&P,Driver,1-2 Years,Aging (6-8yr),51.92,16.0,0.9541,0.0291,2.5,4.9,4,10.0,500.0
WC-001309_202509,2025-09-01,Eastern,Ohio Valley,Residential,Driver,1-2 Years,Aging (6-8yr),44.7,291.0,0.9476,0.0297,2.82,5.2,15,268.0,15123.0
WC-001310_202509,2025-09-01,Eastern,Ohio Valley,Commercial,Driver,1-2 Years,New (0-2yr),40.57,89.0,0.89,0.0196,3.22,5.9,12,71.0,3489.0
WC-001311_202509,2025-09-01,Eastern,Ohio Valley,Industrial,Driver,2-5 Years,Aging (6-8yr),52.24,16.0,0.8368,0.0214,2.73,4.4,3,10.0,500.0
WC-001312_202509,2025-09-01,Eastern,Ohio Valley,E&P,Driver,1-2 Years,New (0-2yr),48.76,10.0,0.8589,0.027,1.57,4.4,2,10.0,500.0
WC-001313_202509,2025-09-01,Canada,Ontario,Residential,Mechanic,< 1 Year,Mid-Life (3-5yr),44.16,330.0,0.9257,0.0234,2.19,4.1,24,562.0,33466.0
WC-001314_202509,2025-09-01,Canada,Ontario,Commercial,Driver,10+ Years,Aging (6-8yr),44.25,81.0,0.9422,0.0295,2.89,5.9,10,48.0,2639.0
WC-001315_202509,2025-09-01,Canada,Ontario,Industrial,Operator,5-10 Years,Mid-Life (3-5yr),41.01,26.0,0.8995,0.0296,2.42,6.1,4,10.0,500.0
WC-001316_202509,2025-09-01,Canada,Ontario,E&P,Driver,1-2 Years,Aging (6-8yr),37.31,14.0,0.8867,0.0206,1.67,4.3,1,10.0,500.0
WC-001317_202509,2025-09-01,Canada,Alberta,Residential,Mechanic,10+ Years,Mid-Life (3-5yr),51.23,345.0,0.9345,0.0194,2.34,4.5,13,318.0,21969.0
WC-001318_202509,2025-09-01,Canada,Alberta,Commercial,Mechanic,2-5 Years,Mid-Life (3-5yr),42.09,90.0,0.9505,0.0171,2.15,4.2,7,23.0,1205.0
WC-001319_202509,2025-09-01,Canada,Alberta,Industrial,Helper,5-10 Years,Mid-Life (3-5yr),41.41,24.0,0.9247,0.0162,2.8,5.3,3,10.0,500.0
WC-001320_202509,2025-09-01,Canada,Alberta,E&P,Operator,2-5 Years,New (0-2yr),51.75,18.0,0.8958,0.0196,1.57,4.3,4,10.0,500.0
WC-001321_202509,2025-09-01,Canada,British Columbia,Residential,Operator,1-2 Years,Mid-Life (3-5yr),47.52,337.0,0.8881,0.0189,2.43,6.2,15,187.0,11377.0
WC-001322_202509,2025-09-01,Canada,British Columbia,Commercial,Driver,< 1 Year,Aging (6-8yr),47.54,128.0,0.8765,0.0252,3.11,3.9,9,86.0,5095.0
WC-001323_202509,2025-09-01,Canada,British Columbia,Industrial,Operator,10+ Years,Aging (6-8yr),47.88,20.0,0.9221,0.0171,3.08,5.3,3,10.0,500.0
WC-001324_202509,2025-09-01,Canada,British Columbia,E&P,Driver,10+ Years,Mid-Life (3-5yr),49.36,16.0,0.8919,0.0293,2.58,4.1,4,10.0,500.0
WC-001325_202509,2025-09-01,Canada,Quebec,Residential,Driver,1-2 Years,Mid-Life (3-5yr),50.44,318.0,0.92,0.0251,2.53,5.4,11,208.0,12439.0
WC-001326_202509,2025-09-01,Canada,Quebec,Commercial,Mechanic,2-5 Years,New (0-2yr),46.96,122.0,0.8746,0.0234,2.34,5.4,7,63.0,3552.0
WC-001327_202509,2025-09-01,Canada,Quebec,Industrial,Mechanic,5-10 Years,Mid-Life (3-5yr),47.63,34.0,0.8958,0.0151,2.07,4.4,3,10.0,500.0
WC-001328_202509,2025-09-01,Canada,Quebec,E&P,Driver,2-5 Years,Mid-Life (3-5yr),51.72,11.0,0.8518,0.0152,2.19,5.1,1,10.0,500.0
WC-001329_202509,2025-09-01,MidSouth,Tennessee Valley,Residential,Driver,< 1 Year,Mid-Life (3-5yr),46.44,293.0,0.8645,0.0161,2.08,4.9,9,104.0,5693.0
WC-001330_202509,2025-09-01,MidSouth,Tennessee Valley,Commercial,Operator,10+ Years,Aging (6-8yr),41.56,147.0,0.9312,0.0151,2.85,4.4,8,94.0,4818.0
WC-001331_202509,2025-09-01,MidSouth,Tennessee Valley,Industrial,Mechanic,1-2 Years,Mid-Life (3-5yr),51.95,23.0,0.8862,0.0221,3.13,4.5,5,10.0,500.0
WC-001332_202509,2025-09-01,MidSouth,Tennessee Valley,E&P,Driver,2-5 Years,New (0-2yr),53.11,15.0,0.8563,0.0176,2.94,4.8,2,10.0,500.0
WC-001333_202509,2025-09-01,MidSouth,Mississippi Delta,Residential,Driver,1-2 Years,Mid-Life (3-5yr),37.52,341.0,0.8552,0.0175,1.61,5.1,24,174.0,7995.0
WC-001334_202509,2025-09-01,MidSouth,Mississippi Delta,Commercial,Helper,2-5 Years,Aging (6-8yr),48.79,118.0,0.9084,0.0298,2.07,4.0,5,22.0,1426.0
WC-001335_202509,2025-09-01,MidSouth,Mississippi Delta,Industrial,Mechanic,2-5 Years,End-of-Life (9+yr),38.32,25.0,0.9186,0.0189,3.27,4.6,4,10.0,500.0
WC-001336_202509,2025-09-01,MidSouth,Mississippi Delta,E&P,Mechanic,1-2 Years,Mid-Life (3-5yr),44.47,10.0,0.8721,0.0189,3.49,5.7,3,10.0,500.0
WC-001337_202509,2025-09-01,MidSouth,Arkansas,Residential,Driver,5-10 Years,Aging (6-8yr),44.49,340.0,0.9237,0.0206,2.84,3.5,23,286.0,16145.0
WC-001338_202509,2025-09-01,MidSouth,Arkansas,Commercial,Operator,2-5 Years,Aging (6-8yr),41.32,90.0,0.8602,0.028,2.31,4.0,12,54.0,2788.0
WC-001339_202509,2025-09-01,MidSouth,Arkansas,Industrial,Mechanic,2-5 Years,New (0-2yr),51.18,16.0,0.9041,0.026,3.45,5.3,7,10.0,500.0
WC-001340_202509,2025-09-01,MidSouth,Arkansas,E&P,Mechanic,1-2 Years,Aging (6-8yr),46.14,12.0,0.888,0.027,3.49,5.8,3,10.0,500.0
WC-001341_202509,2025-09-01,MidSouth,Oklahoma,Residential,Driver,5-10 Years,Aging (6-8yr),46.63,265.0,0.8704,0.0221,2.49,5.3,24,194.0,11014.0
WC-001342_202509,2025-09-01,MidSouth,Oklahoma,Commercial,Helper,10+ Years,End-of-Life (9+yr),42.05,86.0,0.9337,0.0273,3.0,4.5,11,43.0,2323.0
WC-001343_202509,2025-09-01,MidSouth,Oklahoma,Industrial,Driver,1-2 Years,Mid-Life (3-5yr),41.7,17.0,0.9098,0.0169,1.92,4.3,7,10.0,500.0
WC-001344_202509,2025-09-01,MidSouth,Oklahoma,E&P,Driver,5-10 Years,New (0-2yr),47.86,18.0,0.9593,0.0227,2.11,4.7,1,10.0,500.0
WC-001345_202510,2025-10-01,Western,Pacific Northwest,Residential,Operator,10+ Years,Aging (6-8yr),49.14,270.0,0.9162,0.0284,2.77,6.0,14,186.0,10836.0
WC-001346_202510,2025-10-01,Western,Pacific Northwest,Commercial,Driver,10+ Years,End-of-Life (9+yr),49.18,89.0,0.9197,0.0186,2.84,4.3,11,24.0,1444.0
WC-001347_202510,2025-10-01,Western,Pacific Northwest,Industrial,Driver,1-2 Years,New (0-2yr),40.27,27.0,0.8515,0.0221,2.62,5.5,4,10.0,500.0
WC-001348_202510,2025-10-01,Western,Pacific Northwest,E&P,Mechanic,2-5 Years,New (0-2yr),49.23,8.0,0.878,0.0158,3.34,4.7,4,10.0,500.0
WC-001349_202510,2025-10-01,Western,Northern California,Residential,Operator,2-5 Years,Mid-Life (3-5yr),48.3,294.0,0.9132,0.0186,2.25,6.0,12,148.0,9621.0
WC-001350_202510,2025-10-01,Western,Northern California,Commercial,Operator,5-10 Years,Aging (6-8yr),41.14,117.0,0.8875,0.0219,3.31,4.2,6,21.0,1029.0
WC-001351_202510,2025-10-01,Western,Northern California,Industrial,Driver,10+ Years,Mid-Life (3-5yr),42.61,22.0,0.8712,0.0249,2.14,3.8,7,10.0,500.0
WC-001352_202510,2025-10-01,Western,Northern California,E&P,Operator,10+ Years,Mid-Life (3-5yr),47.22,14.0,0.9071,0.0178,2.95,5.0,3,10.0,500.0
WC-001353_202510,2025-10-01,Western,Southern California,Residential,Operator,10+ Years,End-of-Life (9+yr),43.05,334.0,0.9027,0.0206,1.95,5.1,10,185.0,10160.0
WC-001354_202510,2025-10-01,Western,Southern California,Commercial,Driver,5-10 Years,End-of-Life (9+yr),49.88,125.0,0.869,0.0167,3.07,3.7,11,93.0,5973.0
WC-001355_202510,2025-10-01,Western,Southern California,Industrial,Driver,5-10 Years,New (0-2yr),51.41,18.0,0.903,0.0274,2.63,6.4,2,10.0,500.0
WC-001356_202510,2025-10-01,Western,Southern California,E&P,Driver,5-10 Years,Mid-Life (3-5yr),47.33,9.0,0.8965,0.0245,3.25,4.4,3,10.0,500.0
WC-001357_202510,2025-10-01,Western,Mountain West,Residential,Operator,5-10 Years,New (0-2yr),41.12,341.0,0.9046,0.0199,2.2,3.8,23,236.0,12039.0
WC-001358_202510,2025-10-01,Western,Mountain West,Commercial,Driver,1-2 Years,Mid-Life (3-5yr),48.35,99.0,0.9566,0.0291,3.26,4.0,8,45.0,2789.0
WC-001359_202510,2025-10-01,Western,Mountain West,Industrial,Driver,2-5 Years,Aging (6-8yr),44.16,20.0,0.8529,0.0231,2.04,5.0,6,10.0,500.0
WC-001360_202510,2025-10-01,Western,Mountain West,E&P,Operator,10+ Years,New (0-2yr),40.44,15.0,0.8782,0.0287,2.75,5.8,2,10.0,500.0
WC-001361_202510,2025-10-01,Southern,Gulf Coast,Residential,Driver,1-2 Years,Mid-Life (3-5yr),45.07,309.0,0.8231,0.0164,3.23,4.9,23,147.0,8708.0
WC-001362_202510,2025-10-01,Southern,Gulf Coast,Commercial,Operator,1-2 Years,Aging (6-8yr),49.09,149.0,0.9343,0.0296,3.28,4.9,11,92.0,6003.0
WC-001363_202510,2025-10-01,Southern,Gulf Coast,Industrial,Operator,2-5 Years,New (0-2yr),45.39,17.0,0.8658,0.0221,3.19,6.5,7,10.0,500.0
WC-001364_202510,2025-10-01,Southern,Gulf Coast,E&P,Operator,2-5 Years,End-of-Life (9+yr),39.93,10.0,0.9152,0.0228,2.75,4.4,1,10.0,500.0
WC-001365_202510,2025-10-01,Southern,Southeast Texas,Residential,Driver,2-5 Years,Mid-Life (3-5yr),41.33,327.0,0.9296,0.0176,1.51,6.0,16,133.0,7340.0
WC-001366_202510,2025-10-01,Southern,Southeast Texas,Commercial,Driver,10+ Years,Mid-Life (3-5yr),50.71,139.0,0.8629,0.0176,2.06,4.1,5,54.0,3369.0
WC-001367_202510,2025-10-01,Southern,Southeast Texas,Industrial,Mechanic,1-2 Years,New (0-2yr),41.0,38.0,0.9372,0.0153,3.03,4.5,3,10.0,500.0
WC-001368_202510,2025-10-01,Southern,Southeast Texas,E&P,Mechanic,5-10 Years,Mid-Life (3-5yr),43.9,10.0,0.9348,0.0222,3.24,4.2,4,10.0,500.0
WC-001369_202510,2025-10-01,Southern,Florida Panhandle,Residential,Helper,2-5 Years,New (0-2yr),40.81,270.0,0.9008,0.0187,2.52,6.6,15,108.0,5800.0
WC-001370_202510,2025-10-01,Southern,Florida Panhandle,Commercial,Driver,1-2 Years,Aging (6-8yr),38.52,104.0,0.8779,0.0235,2.51,6.0,10,42.0,2061.0
WC-001371_202510,2025-10-01,Southern,Florida Panhandle,Industrial,Driver,1-2 Years,Aging (6-8yr),49.76,39.0,0.8667,0.0174,3.3,3.9,3,10.0,560.0
WC-001372_202510,2025-10-01,Southern,Florida Panhandle,E&P,Driver,1-2 Years,End-of-Life (9+yr),40.73,13.0,0.8875,0.0243,1.87,4.8,2,10.0,500.0
WC-001373_202510,2025-10-01,Southern,Carolinas,Residential,Driver,< 1 Year,Aging (6-8yr),43.53,297.0,0.9001,0.0293,3.03,6.3,18,194.0,10376.0
WC-001374_202510,2025-10-01,Southern,Carolinas,Commercial,Driver,1-2 Years,Mid-Life (3-5yr),45.46,139.0,0.8349,0.0266,2.53,5.0,10,51.0,2882.0
WC-001375_202510,2025-10-01,Southern,Carolinas,Industrial,Mechanic,2-5 Years,Mid-Life (3-5yr),41.65,34.0,0.8781,0.0297,2.75,4.5,3,10.0,500.0
WC-001376_202510,2025-10-01,Southern,Carolinas,E&P,Mechanic,2-5 Years,New (0-2yr),50.96,12.0,0.9142,0.0285,3.55,5.9,2,10.0,500.0
WC-001377_202510,2025-10-01,Central,Great Plains,Residential,Driver,< 1 Year,End-of-Life (9+yr),49.29,331.0,0.9147,0.0246,3.46,4.7,11,134.0,8442.0
WC-001378_202510,2025-10-01,Central,Great Plains,Commercial,Mechanic,1-2 Years,Aging (6-8yr),45.79,135.0,0.8357,0.0162,1.89,3.6,12,52.0,2746.0
WC-001379_202510,2025-10-01,Central,Great Plains,Industrial,Mechanic,2-5 Years,New (0-2yr),43.42,17.0,0.9074,0.0255,3.4,5.1,2,10.0,500.0
WC-001380_202510,2025-10-01,Central,Great Plains,E&P,Driver,2-5 Years,Mid-Life (3-5yr),43.46,13.0,0.947,0.0176,1.86,5.2,2,10.0,500.0
WC-001381_202510,2025-10-01,Central,Upper Midwest,Residential,Mechanic,1-2 Years,Aging (6-8yr),44.14,259.0,0.9041,0.0235,2.64,6.2,15,176.0,9615.0
WC-001382_202510,2025-10-01,Central,Upper Midwest,Commercial,Driver,2-5 Years,New (0-2yr),44.16,137.0,0.9038,0.0254,1.97,6.3,12,58.0,3190.0
WC-001383_202510,2025-10-01,Central,Upper Midwest,Industrial,Mechanic,5-10 Years,Mid-Life (3-5yr),45.01,30.0,0.9447,0.0171,2.92,5.6,5,12.0,674.0
WC-001384_202510,2025-10-01,Central,Upper Midwest,E&P,Operator,5-10 Years,New (0-2yr),44.61,15.0,0.8384,0.023,1.95,5.7,1,10.0,500.0
WC-001385_202510,2025-10-01,Central,Missouri Valley,Residential,Driver,2-5 Years,Aging (6-8yr),42.6,262.0,0.9115,0.0195,3.36,4.6,8,155.0,7716.0
WC-001386_202510,2025-10-01,Central,Missouri Valley,Commercial,Driver,2-5 Years,End-of-Life (9+yr),51.73,105.0,0.9194,0.0178,3.4,5.5,14,73.0,4735.0
WC-001387_202510,2025-10-01,Central,Missouri Valley,Industrial,Helper,10+ Years,Mid-Life (3-5yr),50.33,19.0,0.8725,0.0168,3.13,6.0,5,10.0,500.0
WC-001388_202510,2025-10-01,Central,Missouri Valley,E&P,Mechanic,5-10 Years,New (0-2yr),48.48,8.0,0.8868,0.0225,3.2,4.4,1,10.0,500.0
WC-001389_202510,2025-10-01,Central,Ozarks,Residential,Driver,10+ Years,Aging (6-8yr),50.37,318.0,0.8726,0.0208,1.48,5.4,11,190.0,12643.0
WC-001390_202510,2025-10-01,Central,Ozarks,Commercial,Driver,2-5 Years,End-of-Life (9+yr),39.95,90.0,0.8866,0.0223,1.83,5.5,7,27.0,1279.0
WC-001391_202510,2025-10-01,Central,Ozarks,Industrial,Mechanic,< 1 Year,Mid-Life (3-5yr),39.95,22.0,0.9171,0.0231,3.24,5.8,6,10.0,500.0
WC-001392_202510,2025-10-01,Central,Ozarks,E&P,Helper,1-2 Years,Aging (6-8yr),38.0,16.0,0.9192,0.0232,3.45,4.8,4,10.0,500.0
WC-001393_202510,2025-10-01,Eastern,Mid-Atlantic,Residential,Driver,5-10 Years,End-of-Life (9+yr),41.06,319.0,0.9212,0.0191,2.64,6.1,14,103.0,5053.0
WC-001394_202510,2025-10-01,Eastern,Mid-Atlantic,Commercial,Driver,2-5 Years,Aging (6-8yr),49.06,112.0,0.9372,0.0164,2.65,4.1,6,49.0,2962.0
WC-001395_202510,2025-10-01,Eastern,Mid-Atlantic,Industrial,Driver,5-10 Years,Aging (6-8yr),50.33,28.0,0.9598,0.0188,1.94,5.5,7,14.0,912.0
WC-001396_202510,2025-10-01,Eastern,Mid-Atlantic,E&P,Mechanic,< 1 Year,New (0-2yr),42.34,11.0,0.9418,0.0298,2.98,3.8,2,10.0,500.0
WC-001397_202510,2025-10-01,Eastern,New England,Residential,Operator,10+ Years,Mid-Life (3-5yr),47.76,349.0,0.8833,0.017,2.79,6.4,9,251.0,13875.0
WC-001398_202510,2025-10-01,Eastern,New England,Commercial,Driver,1-2 Years,End-of-Life (9+yr),50.18,112.0,0.8872,0.0286,2.59,4.8,12,56.0,3501.0
WC-001399_202510,2025-10-01,Eastern,New England,Industrial,Helper,< 1 Year,Aging (6-8yr),40.96,37.0,0.816,0.025,2.89,6.4,4,11.0,549.0
WC-001400_202510,2025-10-01,Eastern,New England,E&P,Mechanic,1-2 Years,New (0-2yr),38.16,16.0,0.8931,0.0263,2.75,4.5,1,10.0,500.0
WC-001401_202510,2025-10-01,Eastern,Great Lakes,Residential,Helper,2-5 Years,End-of-Life (9+yr),39.61,256.0,0.9082,0.0263,2.39,4.0,20,383.0,19404.0
WC-001402_202510,2025-10-01,Eastern,Great Lakes,Commercial,Driver,2-5 Years,Mid-Life (3-5yr),41.54,110.0,0.9384,0.0299,1.56,5.0,10,72.0,4030.0
WC-001403_202510,2025-10-01,Eastern,Great Lakes,Industrial,Driver,2-5 Years,Mid-Life (3-5yr),53.45,21.0,0.8875,0.0238,3.3,5.7,4,10.0,500.0
WC-001404_202510,2025-10-01,Eastern,Great Lakes,E&P,Mechanic,1-2 Years,End-of-Life (9+yr),52.33,19.0,0.8811,0.0295,2.48,5.6,2,10.0,500.0
WC-001405_202510,2025-10-01,Eastern,Ohio Valley,Residential,Driver,5-10 Years,End-of-Life (9+yr),39.24,323.0,0.9307,0.0252,2.11,5.1,16,403.0,20894.0
WC-001406_202510,2025-10-01,Eastern,Ohio Valley,Commercial,Driver,5-10 Years,Mid-Life (3-5yr),50.98,95.0,0.8855,0.0255,1.92,3.7,9,47.0,2863.0
WC-001407_202510,2025-10-01,Eastern,Ohio Valley,Industrial,Driver,10+ Years,New (0-2yr),36.27,19.0,0.9643,0.0239,1.73,4.2,7,10.0,500.0
WC-001408_202510,2025-10-01,Eastern,Ohio Valley,E&P,Driver,1-2 Years,End-of-Life (9+yr),42.63,16.0,0.9401,0.0151,2.67,4.9,3,10.0,500.0
WC-001409_202510,2025-10-01,Canada,Ontario,Residential,Driver,2-5 Years,Mid-Life (3-5yr),48.22,257.0,0.842,0.0165,2.96,6.0,22,430.0,26136.0
WC-001410_202510,2025-10-01,Canada,Ontario,Commercial,Driver,2-5 Years,Aging (6-8yr),48.31,132.0,0.8882,0.0171,1.64,5.1,14,74.0,4149.0
WC-001411_202510,2025-10-01,Canada,Ontario,Industrial,Operator,5-10 Years,End-of-Life (9+yr),51.3,20.0,0.8888,0.0214,2.33,6.0,6,10.0,500.0
WC-001412_202510,2025-10-01,Canada,Ontario,E&P,Operator,10+ Years,New (0-2yr),50.38,15.0,0.8987,0.0207,3.39,5.9,2,10.0,500.0
WC-001413_202510,2025-10-01,Canada,Alberta,Residential,Mechanic,< 1 Year,Aging (6-8yr),39.93,284.0,0.9345,0.0152,1.98,5.5,14,288.0,14148.0
WC-001414_202510,2025-10-01,Canada,Alberta,Commercial,Mechanic,5-10 Years,Mid-Life (3-5yr),47.1,151.0,0.9318,0.0302,3.4,5.4,9,99.0,5816.0
WC-001415_202510,2025-10-01,Canada,Alberta,Industrial,Driver,5-10 Years,End-of-Life (9+yr),45.15,23.0,0.9167,0.024,2.37,6.3,3,10.0,500.0
WC-001416_202510,2025-10-01,Canada,Alberta,E&P,Helper,2-5 Years,New (0-2yr),42.09,20.0,0.8661,0.0159,2.16,6.3,4,10.0,500.0
WC-001417_202510,2025-10-01,Canada,British Columbia,Residential,Driver,1-2 Years,Mid-Life (3-5yr),44.57,352.0,0.8483,0.0156,3.0,4.1,16,245.0,12714.0
WC-001418_202510,2025-10-01,Canada,British Columbia,Commercial,Driver,2-5 Years,Mid-Life (3-5yr),41.78,131.0,0.8551,0.022,2.22,6.4,7,50.0,2587.0
WC-001419_202510,2025-10-01,Canada,British Columbia,Industrial,Driver,10+ Years,Mid-Life (3-5yr),49.83,29.0,0.9241,0.0171,1.84,6.1,5,10.0,500.0
WC-001420_202510,2025-10-01,Canada,British Columbia,E&P,Driver,10+ Years,Aging (6-8yr),42.74,10.0,0.8824,0.0165,3.67,3.7,4,10.0,500.0
WC-001421_202510,2025-10-01,Canada,Quebec,Residential,Driver,2-5 Years,Mid-Life (3-5yr),49.19,339.0,0.9384,0.0242,3.14,4.4,12,317.0,18740.0
WC-001422_202510,2025-10-01,Canada,Quebec,Commercial,Operator,< 1 Year,Aging (6-8yr),37.6,114.0,0.8943,0.0158,3.07,4.2,5,35.0,1633.0
WC-001423_202510,2025-10-01,Canada,Quebec,Industrial,Driver,2-5 Years,Aging (6-8yr),41.68,34.0,0.9223,0.0274,1.69,4.7,3,10.0,500.0
WC-001424_202510,2025-10-01,Canada,Quebec,E&P,Operator,10+ Years,Mid-Life (3-5yr),44.89,20.0,0.858,0.0161,3.06,5.7,2,10.0,500.0
WC-001425_202510,2025-10-01,MidSouth,Tennessee Valley,Residential,Operator,< 1 Year,End-of-Life (9+yr),53.61,351.0,0.8602,0.0199,2.37,4.8,22,507.0,35896.0
WC-001426_202510,2025-10-01,MidSouth,Tennessee Valley,Commercial,Driver,5-10 Years,Mid-Life (3-5yr),42.5,83.0,0.8594,0.0268,2.99,5.2,10,33.0,1604.0
WC-001427_202510,2025-10-01,MidSouth,Tennessee Valley,Industrial,Mechanic,5-10 Years,Aging (6-8yr),44.07,36.0,0.92,0.0216,1.93,4.8,2,10.0,500.0
WC-001428_202510,2025-10-01,MidSouth,Tennessee Valley,E&P,Driver,10+ Years,Mid-Life (3-5yr),40.5,11.0,0.9404,0.0162,2.8,4.6,3,10.0,500.0
WC-001429_202510,2025-10-01,MidSouth,Mississippi Delta,Residential,Driver,< 1 Year,Aging (6-8yr),50.56,268.0,0.884,0.0216,2.16,6.0,12,82.0,5245.0
WC-001430_202510,2025-10-01,MidSouth,Mississippi Delta,Commercial,Driver,10+ Years,End-of-Life (9+yr),37.79,105.0,0.9288,0.0271,2.12,5.6,7,37.0,1812.0
WC-001431_202510,2025-10-01,MidSouth,Mississippi Delta,Industrial,Driver,2-5 Years,End-of-Life (9+yr),43.42,26.0,0.8935,0.0292,2.53,4.2,6,10.0,510.0
WC-001432_202510,2025-10-01,MidSouth,Mississippi Delta,E&P,Driver,2-5 Years,Aging (6-8yr),44.79,16.0,0.8878,0.0218,3.08,4.7,1,10.0,500.0
WC-001433_202510,2025-10-01,MidSouth,Arkansas,Residential,Helper,5-10 Years,New (0-2yr),53.44,346.0,0.8493,0.0275,3.27,6.3,19,458.0,31923.0
WC-001434_202510,2025-10-01,MidSouth,Arkansas,Commercial,Driver,1-2 Years,Mid-Life (3-5yr),36.09,100.0,0.8632,0.0201,2.84,4.2,10,49.0,2041.0
WC-001435_202510,2025-10-01,MidSouth,Arkansas,Industrial,Driver,1-2 Years,Aging (6-8yr),51.56,31.0,0.9622,0.0256,1.87,4.5,2,10.0,500.0
WC-001436_202510,2025-10-01,MidSouth,Arkansas,E&P,Driver,2-5 Years,New (0-2yr),48.61,15.0,0.9002,0.0235,2.57,6.4,2,10.0,500.0
WC-001437_202510,2025-10-01,MidSouth,Oklahoma,Residential,Operator,5-10 Years,Aging (6-8yr),43.34,331.0,0.8937,0.024,2.63,4.3,24,432.0,24108.0
WC-001438_202510,2025-10-01,MidSouth,Oklahoma,Commercial,Driver,10+ Years,New (0-2yr),51.53,127.0,0.8635,0.0278,3.06,6.3,11,34.0,2345.0
WC-001439_202510,2025-10-01,MidSouth,Oklahoma,Industrial,Mechanic,1-2 Years,Mid-Life (3-5yr),46.8,37.0,0.8846,0.0286,3.24,6.4,5,14.0,764.0
WC-001440_202510,2025-10-01,MidSouth,Oklahoma,E&P,Driver,< 1 Year,End-of-Life (9+yr),48.28,8.0,0.8772,0.0219,3.47,5.6,4,10.0,500.0
WC-001441_202511,2025-11-01,Western,Pacific Northwest,Residential,Mechanic,10+ Years,New (0-2yr),48.12,286.0,0.8695,0.0227,2.44,4.9,19,430.0,24051.0
WC-001442_202511,2025-11-01,Western,Pacific Northwest,Commercial,Mechanic,10+ Years,Aging (6-8yr),47.42,133.0,0.9174,0.0271,1.72,5.9,14,147.0,8757.0
WC-001443_202511,2025-11-01,Western,Pacific Northwest,Industrial,Driver,5-10 Years,Aging (6-8yr),46.13,38.0,0.8519,0.0235,3.12,5.1,7,10.0,500.0
WC-001444_202511,2025-11-01,Western,Pacific Northwest,E&P,Mechanic,2-5 Years,Aging (6-8yr),43.46,20.0,0.9435,0.0184,2.02,3.6,1,10.0,500.0
WC-001445_202511,2025-11-01,Western,Northern California,Residential,Driver,1-2 Years,Mid-Life (3-5yr),37.96,328.0,0.9455,0.0161,2.89,3.7,15,237.0,10942.0
WC-001446_202511,2025-11-01,Western,Northern California,Commercial,Driver,< 1 Year,Aging (6-8yr),44.47,124.0,0.855,0.0289,1.46,6.4,12,41.0,2327.0
WC-001447_202511,2025-11-01,Western,Northern California,Industrial,Driver,1-2 Years,New (0-2yr),45.02,32.0,0.8561,0.0244,1.92,3.8,7,14.0,710.0
WC-001448_202511,2025-11-01,Western,Northern California,E&P,Driver,5-10 Years,Aging (6-8yr),49.15,12.0,0.8582,0.0212,3.33,4.7,3,10.0,500.0
WC-001449_202511,2025-11-01,Western,Southern California,Residential,Operator,< 1 Year,Aging (6-8yr),40.69,248.0,0.8984,0.0288,1.6,6.4,9,159.0,8449.0
WC-001450_202511,2025-11-01,Western,Southern California,Commercial,Helper,5-10 Years,End-of-Life (9+yr),42.5,83.0,0.8758,0.0224,2.27,5.2,14,56.0,3174.0
WC-001451_202511,2025-11-01,Western,Southern California,Industrial,Driver,< 1 Year,Aging (6-8yr),50.85,27.0,0.9001,0.0273,2.99,4.0,2,10.0,500.0
WC-001452_202511,2025-11-01,Western,Southern California,E&P,Operator,< 1 Year,New (0-2yr),40.11,12.0,0.9586,0.0168,2.36,5.1,4,10.0,500.0
WC-001453_202511,2025-11-01,Western,Mountain West,Residential,Driver,2-5 Years,Mid-Life (3-5yr),49.23,249.0,0.8968,0.0252,2.47,5.2,19,262.0,17338.0
WC-001454_202511,2025-11-01,Western,Mountain West,Commercial,Helper,< 1 Year,End-of-Life (9+yr),38.37,118.0,0.8588,0.0236,2.9,3.7,13,90.0,4409.0
WC-001455_202511,2025-11-01,Western,Mountain West,Industrial,Driver,2-5 Years,New (0-2yr),49.39,20.0,0.8886,0.0236,3.02,6.1,4,10.0,500.0
WC-001456_202511,2025-11-01,Western,Mountain West,E&P,Driver,2-5 Years,Aging (6-8yr),45.03,12.0,0.8357,0.0195,3.21,5.8,3,10.0,500.0
WC-001457_202511,2025-11-01,Southern,Gulf Coast,Residential,Operator,2-5 Years,Mid-Life (3-5yr),45.93,307.0,0.9134,0.0212,2.78,5.4,11,107.0,6542.0
WC-001458_202511,2025-11-01,Southern,Gulf Coast,Commercial,Driver,10+ Years,Aging (6-8yr),45.14,127.0,0.8766,0.0292,2.26,5.6,9,71.0,3925.0
WC-001459_202511,2025-11-01,Southern,Gulf Coast,Industrial,Driver,2-5 Years,Aging (6-8yr),40.53,38.0,0.9407,0.0269,2.95,5.5,7,19.0,966.0
WC-001460_202511,2025-11-01,Southern,Gulf Coast,E&P,Driver,1-2 Years,Aging (6-8yr),48.99,11.0,0.9073,0.018,2.22,3.6,1,10.0,500.0
WC-001461_202511,2025-11-01,Southern,Southeast Texas,Residential,Operator,1-2 Years,End-of-Life (9+yr),45.7,287.0,0.8864,0.0193,2.96,3.6,13,231.0,12344.0
WC-001462_202511,2025-11-01,Southern,Southeast Texas,Commercial,Driver,5-10 Years,Aging (6-8yr),52.07,123.0,0.8589,0.0285,2.18,4.9,6,19.0,1201.0
WC-001463_202511,2025-11-01,Southern,Southeast Texas,Industrial,Driver,2-5 Years,Mid-Life (3-5yr),39.39,38.0,0.8681,0.0271,2.6,5.4,2,10.0,500.0
WC-001464_202511,2025-11-01,Southern,Southeast Texas,E&P,Driver,5-10 Years,New (0-2yr),43.63,15.0,0.8593,0.0288,3.11,5.4,4,10.0,500.0
WC-001465_202511,2025-11-01,Southern,Florida Panhandle,Residential,Mechanic,< 1 Year,Aging (6-8yr),45.28,276.0,0.8794,0.0264,1.48,4.7,16,156.0,9129.0
WC-001466_202511,2025-11-01,Southern,Florida Panhandle,Commercial,Helper,10+ Years,Mid-Life (3-5yr),43.2,115.0,0.9057,0.0277,3.29,4.8,9,75.0,4172.0
WC-001467_202511,2025-11-01,Southern,Florida Panhandle,Industrial,Mechanic,5-10 Years,Mid-Life (3-5yr),52.28,26.0,0.9689,0.0294,2.09,4.6,2,10.0,500.0
WC-001468_202511,2025-11-01,Southern,Florida Panhandle,E&P,Driver,1-2 Years,Aging (6-8yr),51.86,12.0,0.8644,0.0159,3.01,5.8,4,10.0,500.0
WC-001469_202511,2025-11-01,Southern,Carolinas,Residential,Driver,5-10 Years,Mid-Life (3-5yr),39.74,291.0,0.857,0.0249,1.91,5.0,14,299.0,15089.0
WC-001470_202511,2025-11-01,Southern,Carolinas,Commercial,Driver,10+ Years,New (0-2yr),47.2,89.0,0.9114,0.0291,2.54,5.3,13,77.0,4719.0
WC-001471_202511,2025-11-01,Southern,Carolinas,Industrial,Driver,5-10 Years,New (0-2yr),45.57,20.0,0.8629,0.0156,2.19,5.3,7,11.0,656.0
WC-001472_202511,2025-11-01,Southern,Carolinas,E&P,Mechanic,2-5 Years,End-of-Life (9+yr),47.44,16.0,0.9455,0.0216,2.52,6.0,4,10.0,500.0
WC-001473_202511,2025-11-01,Central,Great Plains,Residential,Mechanic,5-10 Years,End-of-Life (9+yr),48.31,254.0,0.8415,0.019,1.5,6.2,23,411.0,23041.0
WC-001474_202511,2025-11-01,Central,Great Plains,Commercial,Operator,< 1 Year,Mid-Life (3-5yr),51.05,90.0,0.8973,0.0299,2.13,4.2,13,38.0,2564.0
WC-001475_202511,2025-11-01,Central,Great Plains,Industrial,Driver,< 1 Year,Mid-Life (3-5yr),49.45,16.0,0.9857,0.0167,2.73,5.1,3,10.0,500.0
WC-001476_202511,2025-11-01,Central,Great Plains,E&P,Operator,< 1 Year,End-of-Life (9+yr),45.5,11.0,0.9021,0.0235,2.04,6.3,2,10.0,500.0
WC-001477_202511,2025-11-01,Central,Upper Midwest,Residential,Helper,5-10 Years,Aging (6-8yr),45.31,273.0,0.8818,0.0166,2.37,3.7,17,185.0,10899.0
WC-001478_202511,2025-11-01,Central,Upper Midwest,Commercial,Driver,10+ Years,New (0-2yr),43.31,90.0,0.8553,0.0239,3.46,5.5,6,23.0,1135.0
WC-001479_202511,2025-11-01,Central,Upper Midwest,Industrial,Driver,10+ Years,Mid-Life (3-5yr),41.96,21.0,0.9255,0.0184,1.46,5.2,7,10.0,500.0
WC-001480_202511,2025-11-01,Central,Upper Midwest,E&P,Operator,2-5 Years,Mid-Life (3-5yr),50.92,12.0,0.8485,0.0194,2.25,6.3,1,10.0,500.0
WC-001481_202511,2025-11-01,Central,Missouri Valley,Residential,Driver,< 1 Year,Aging (6-8yr),42.64,343.0,0.9231,0.0214,3.17,3.9,20,499.0,24603.0
WC-001482_202511,2025-11-01,Central,Missouri Valley,Commercial,Driver,10+ Years,Mid-Life (3-5yr),50.05,93.0,0.8518,0.019,3.26,5.5,9,44.0,2796.0
WC-001483_202511,2025-11-01,Central,Missouri Valley,Industrial,Driver,10+ Years,Mid-Life (3-5yr),49.28,36.0,0.8616,0.0295,1.67,5.6,7,13.0,858.0
WC-001484_202511,2025-11-01,Central,Missouri Valley,E&P,Operator,2-5 Years,Mid-Life (3-5yr),50.21,14.0,0.9049,0.0254,2.76,5.9,3,10.0,500.0
WC-001485_202511,2025-11-01,Central,Ozarks,Residential,Mechanic,< 1 Year,New (0-2yr),42.74,328.0,0.8577,0.0274,3.25,3.7,11,189.0,10182.0
WC-001486_202511,2025-11-01,Central,Ozarks,Commercial,Operator,1-2 Years,End-of-Life (9+yr),50.72,137.0,0.8566,0.0203,1.5,4.4,12,89.0,5242.0
WC-001487_202511,2025-11-01,Central,Ozarks,Industrial,Driver,1-2 Years,End-of-Life (9+yr),41.51,33.0,0.9222,0.0244,2.71,5.0,2,10.0,500.0
WC-001488_202511,2025-11-01,Central,Ozarks,E&P,Driver,5-10 Years,Mid-Life (3-5yr),45.51,19.0,0.9239,0.0223,2.56,5.9,4,10.0,500.0
WC-001489_202511,2025-11-01,Eastern,Mid-Atlantic,Residential,Driver,2-5 Years,Mid-Life (3-5yr),48.46,337.0,0.9308,0.0187,3.33,4.0,10,72.0,4619.0
WC-001490_202511,2025-11-01,Eastern,Mid-Atlantic,Commercial,Driver,5-10 Years,New (0-2yr),37.54,84.0,0.8467,0.017,1.88,3.7,14,47.0,2017.0
WC-001491_202511,2025-11-01,Eastern,Mid-Atlantic,Industrial,Driver,10+ Years,Mid-Life (3-5yr),50.78,22.0,0.8713,0.0225,3.32,3.9,3,10.0,500.0
WC-001492_202511,2025-11-01,Eastern,Mid-Atlantic,E&P,Mechanic,2-5 Years,Aging (6-8yr),39.67,15.0,0.8535,0.0245,3.57,4.4,2,10.0,500.0
WC-001493_202511,2025-11-01,Eastern,New England,Residential,Driver,5-10 Years,Mid-Life (3-5yr),39.99,347.0,0.8501,0.0182,2.79,4.8,16,172.0,8110.0
WC-001494_202511,2025-11-01,Eastern,New England,Commercial,Driver,1-2 Years,Aging (6-8yr),41.85,141.0,0.9114,0.0277,1.69,4.6,9,80.0,4151.0
WC-001495_202511,2025-11-01,Eastern,New England,Industrial,Driver,1-2 Years,New (0-2yr),47.58,19.0,0.8811,0.0192,2.62,5.8,5,10.0,500.0
WC-001496_202511,2025-11-01,Eastern,New England,E&P,Driver,5-10 Years,Mid-Life (3-5yr),39.76,19.0,0.9626,0.0284,3.1,4.0,2,10.0,500.0
WC-001497_202511,2025-11-01,Eastern,Great Lakes,Residential,Operator,10+ Years,New (0-2yr),45.78,268.0,0.87,0.0151,2.65,4.9,14,118.0,6985.0
WC-001498_202511,2025-11-01,Eastern,Great Lakes,Commercial,Helper,5-10 Years,Mid-Life (3-5yr),47.17,126.0,0.9284,0.0268,1.88,4.9,11,91.0,5113.0
WC-001499_202511,2025-11-01,Eastern,Great Lakes,Industrial,Driver,1-2 Years,Mid-Life (3-5yr),42.96,36.0,0.8957,0.0287,1.61,3.8,5,10.0,546.0
WC-001500_202511,2025-11-01,Eastern,Great Lakes,E&P,Operator,10+ Years,New (0-2yr),49.85,16.0,0.917,0.02,2.78,4.1,3,10.0,500.0
WC-001501_202511,2025-11-01,Eastern,Ohio Valley,Residential,Driver,10+ Years,New (0-2yr),39.09,299.0,0.9182,0.027,1.95,3.9,21,157.0,7159.0
WC-001502_202511,2025-11-01,Eastern,Ohio Valley,Commercial,Driver,1-2 Years,Aging (6-8yr),46.64,119.0,0.9287,0.0201,1.43,3.5,11,52.0,2993.0
WC-001503_202511,2025-11-01,Eastern,Ohio Valley,Industrial,Driver,1-2 Years,Aging (6-8yr),51.73,24.0,0.912,0.0196,2.04,4.7,6,10.0,500.0
WC-001504_202511,2025-11-01,Eastern,Ohio Valley,E&P,Driver,5-10 Years,Mid-Life (3-5yr),45.25,10.0,0.9008,0.0297,1.62,5.0,2,10.0,500.0
WC-001505_202511,2025-11-01,Canada,Ontario,Residential,Driver,2-5 Years,Mid-Life (3-5yr),42.3,276.0,0.9199,0.0233,2.26,5.5,18,265.0,14533.0
WC-001506_202511,2025-11-01,Canada,Ontario,Commercial,Mechanic,2-5 Years,Aging (6-8yr),46.03,125.0,0.9351,0.016,1.93,5.1,6,20.0,1161.0
WC-001507_202511,2025-11-01,Canada,Ontario,Industrial,Driver,1-2 Years,Aging (6-8yr),50.12,41.0,0.9087,0.0283,1.99,3.7,5,14.0,879.0
WC-001508_202511,2025-11-01,Canada,Ontario,E&P,Driver,1-2 Years,Mid-Life (3-5yr),42.84,11.0,0.9035,0.0232,2.24,5.7,2,10.0,500.0
WC-001509_202511,2025-11-01,Canada,Alberta,Residential,Driver,1-2 Years,Mid-Life (3-5yr),41.44,289.0,0.8986,0.0295,2.83,4.1,19,123.0,6784.0
WC-001510_202511,2025-11-01,Canada,Alberta,Commercial,Driver,5-10 Years,End-of-Life (9+yr),40.49,140.0,0.8797,0.0277,2.22,5.9,6,45.0,2220.0
WC-001511_202511,2025-11-01,Canada,Alberta,Industrial,Driver,1-2 Years,Aging (6-8yr),47.97,39.0,0.8634,0.0191,3.47,4.0,6,10.0,597.0
WC-001512_202511,2025-11-01,Canada,Alberta,E&P,Driver,< 1 Year,New (0-2yr),40.84,17.0,0.8703,0.0177,2.47,6.3,2,10.0,500.0
WC-001513_202511,2025-11-01,Canada,British Columbia,Residential,Mechanic,5-10 Years,End-of-Life (9+yr),51.25,276.0,0.881,0.0204,2.36,5.4,20,187.0,12952.0
WC-001514_202511,2025-11-01,Canada,British Columbia,Commercial,Driver,10+ Years,New (0-2yr),37.88,138.0,0.8832,0.0155,1.82,5.8,11,108.0,4827.0
WC-001515_202511,2025-11-01,Canada,British Columbia,Industrial,Mechanic,< 1 Year,Aging (6-8yr),40.28,33.0,0.8553,0.0177,2.93,5.7,7,18.0,956.0
WC-001516_202511,2025-11-01,Canada,British Columbia,E&P,Helper,10+ Years,New (0-2yr),44.84,8.0,0.9367,0.0292,1.73,5.8,1,10.0,500.0
WC-001517_202511,2025-11-01,Canada,Quebec,Residential,Driver,2-5 Years,End-of-Life (9+yr),47.4,321.0,0.9894,0.0225,2.16,5.5,23,457.0,27257.0
WC-001518_202511,2025-11-01,Canada,Quebec,Commercial,Driver,5-10 Years,Mid-Life (3-5yr),37.76,93.0,0.9218,0.0193,1.82,3.7,8,51.0,2269.0
WC-001519_202511,2025-11-01,Canada,Quebec,Industrial,Driver,< 1 Year,Mid-Life (3-5yr),44.91,39.0,0.9058,0.0182,3.36,3.9,3,10.0,504.0
WC-001520_202511,2025-11-01,Canada,Quebec,E&P,Driver,5-10 Years,New (0-2yr),45.18,10.0,0.8587,0.0173,1.74,4.1,3,10.0,500.0
WC-001521_202511,2025-11-01,MidSouth,Tennessee Valley,Residential,Driver,5-10 Years,End-of-Life (9+yr),38.81,316.0,0.8716,0.0178,2.01,5.6,12,230.0,10813.0
WC-001522_202511,2025-11-01,MidSouth,Tennessee Valley,Commercial,Driver,10+ Years,New (0-2yr),50.89,139.0,0.9287,0.018,1.69,5.8,14,54.0,3304.0
WC-001523_202511,2025-11-01,MidSouth,Tennessee Valley,Industrial,Mechanic,5-10 Years,Mid-Life (3-5yr),45.75,25.0,0.9543,0.0188,2.87,5.7,6,11.0,661.0
WC-001524_202511,2025-11-01,MidSouth,Tennessee Valley,E&P,Driver,1-2 Years,Mid-Life (3-5yr),40.25,8.0,0.8779,0.0273,3.46,6.2,4,10.0,500.0
WC-001525_202511,2025-11-01,MidSouth,Mississippi Delta,Residential,Driver,< 1 Year,Mid-Life (3-5yr),38.34,305.0,0.8865,0.0272,1.81,6.1,23,417.0,18805.0
WC-001526_202511,2025-11-01,MidSouth,Mississippi Delta,Commercial,Operator,2-5 Years,Aging (6-8yr),50.44,100.0,0.8533,0.02,3.05,4.0,5,30.0,1974.0
WC-001527_202511,2025-11-01,MidSouth,Mississippi Delta,Industrial,Driver,1-2 Years,Aging (6-8yr),38.6,32.0,0.8786,0.0283,2.46,5.6,6,10.0,500.0
WC-001528_202511,2025-11-01,MidSouth,Mississippi Delta,E&P,Driver,< 1 Year,Mid-Life (3-5yr),46.77,10.0,0.8726,0.0197,2.52,5.4,1,10.0,500.0
WC-001529_202511,2025-11-01,MidSouth,Arkansas,Residential,Driver,2-5 Years,Aging (6-8yr),44.78,247.0,0.9157,0.0214,2.5,5.6,22,399.0,22108.0
WC-001530_202511,2025-11-01,MidSouth,Arkansas,Commercial,Driver,< 1 Year,Mid-Life (3-5yr),42.1,103.0,0.8664,0.0269,2.98,4.7,7,28.0,1511.0
WC-001531_202511,2025-11-01,MidSouth,Arkansas,Industrial,Helper,1-2 Years,Aging (6-8yr),41.76,22.0,0.893,0.0183,2.0,3.7,5,10.0,500.0
WC-001532_202511,2025-11-01,MidSouth,Arkansas,E&P,Driver,1-2 Years,Mid-Life (3-5yr),38.41,11.0,0.8949,0.0212,2.33,5.8,4,10.0,500.0
WC-001533_202511,2025-11-01,MidSouth,Oklahoma,Residential,Driver,2-5 Years,Aging (6-8yr),50.69,326.0,0.9029,0.0215,2.01,5.7,22,506.0,32945.0
WC-001534_202511,2025-11-01,MidSouth,Oklahoma,Commercial,Mechanic,5-10 Years,End-of-Life (9+yr),48.83,109.0,0.8755,0.0247,2.96,3.7,9,37.0,2363.0
WC-001535_202511,2025-11-01,MidSouth,Oklahoma,Industrial,Driver,2-5 Years,New (0-2yr),48.1,27.0,0.9129,0.0182,2.86,3.7,7,10.0,512.0
WC-001536_202511,2025-11-01,MidSouth,Oklahoma,E&P,Operator,5-10 Years,End-of-Life (9+yr),39.06,19.0,0.9601,0.0212,3.19,5.5,3,10.0,500.0
WC-001537_202512,2025-12-01,Western,Pacific Northwest,Residential,Driver,5-10 Years,New (0-2yr),48.34,340.0,0.9593,0.0235,2.57,5.9,22,321.0,18460.0
WC-001538_202512,2025-12-01,Western,Pacific Northwest,Commercial,Driver,1-2 Years,Mid-Life (3-5yr),42.18,136.0,0.9257,0.0268,2.35,4.2,9,35.0,1801.0
WC-001539_202512,2025-12-01,Western,Pacific Northwest,Industrial,Operator,10+ Years,New (0-2yr),40.49,36.0,0.9381,0.0246,3.05,5.8,3,10.0,500.0
WC-001540_202512,2025-12-01,Western,Pacific Northwest,E&P,Driver,< 1 Year,Mid-Life (3-5yr),48.02,19.0,0.9144,0.019,2.38,4.0,3,10.0,500.0
WC-001541_202512,2025-12-01,Western,Northern California,Residential,Operator,1-2 Years,Aging (6-8yr),51.45,343.0,0.862,0.0292,2.11,5.2,19,344.0,22393.0
WC-001542_202512,2025-12-01,Western,Northern California,Commercial,Driver,5-10 Years,Mid-Life (3-5yr),45.23,137.0,0.8862,0.022,2.86,6.5,11,44.0,2536.0
WC-001543_202512,2025-12-01,Western,Northern California,Industrial,Driver,2-5 Years,End-of-Life (9+yr),47.66,35.0,0.9261,0.0236,2.98,3.6,5,13.0,756.0
WC-001544_202512,2025-12-01,Western,Northern California,E&P,Helper,10+ Years,New (0-2yr),49.01,12.0,0.9385,0.0276,3.19,5.9,4,10.0,500.0
WC-001545_202512,2025-12-01,Western,Southern California,Residential,Driver,5-10 Years,Mid-Life (3-5yr),48.98,253.0,0.9275,0.0194,1.63,4.8,8,81.0,5321.0
WC-001546_202512,2025-12-01,Western,Southern California,Commercial,Mechanic,10+ Years,Mid-Life (3-5yr),43.51,145.0,0.8848,0.0259,1.84,4.0,12,70.0,4056.0
WC-001547_202512,2025-12-01,Western,Southern California,Industrial,Driver,< 1 Year,New (0-2yr),44.91,32.0,0.8724,0.0267,2.63,5.3,3,10.0,500.0
WC-001548_202512,2025-12-01,Western,Southern California,E&P,Operator,2-5 Years,Mid-Life (3-5yr),50.3,12.0,0.856,0.0215,2.05,4.1,3,10.0,500.0
WC-001549_202512,2025-12-01,Western,Mountain West,Residential,Driver,< 1 Year,Mid-Life (3-5yr),47.55,308.0,0.8362,0.0191,2.61,6.2,15,200.0,12528.0
WC-001550_202512,2025-12-01,Western,Mountain West,Commercial,Driver,< 1 Year,Mid-Life (3-5yr),45.21,100.0,0.8752,0.0189,2.6,4.5,7,51.0,2992.0
WC-001551_202512,2025-12-01,Western,Mountain West,Industrial,Mechanic,< 1 Year,Mid-Life (3-5yr),43.42,20.0,0.8937,0.0269,2.96,5.7,4,10.0,500.0
WC-001552_202512,2025-12-01,Western,Mountain West,E&P,Driver,10+ Years,Mid-Life (3-5yr),35.64,19.0,0.8531,0.0259,1.46,5.3,4,10.0,500.0
WC-001553_202512,2025-12-01,Southern,Gulf Coast,Residential,Operator,10+ Years,End-of-Life (9+yr),49.25,295.0,0.9256,0.0222,2.01,4.6,15,205.0,13422.0
WC-001554_202512,2025-12-01,Southern,Gulf Coast,Commercial,Mechanic,2-5 Years,Mid-Life (3-5yr),42.11,118.0,0.8811,0.0229,2.02,3.9,11,60.0,3316.0
WC-001555_202512,2025-12-01,Southern,Gulf Coast,Industrial,Driver,< 1 Year,Mid-Life (3-5yr),47.3,20.0,0.9136,0.0215,2.96,5.5,4,10.0,500.0
WC-001556_202512,2025-12-01,Southern,Gulf Coast,E&P,Driver,2-5 Years,End-of-Life (9+yr),49.63,16.0,0.9421,0.028,3.38,4.9,1,10.0,500.0
WC-001557_202512,2025-12-01,Southern,Southeast Texas,Residential,Driver,10+ Years,Aging (6-8yr),38.87,283.0,0.8782,0.0177,3.11,4.4,15,184.0,9431.0
WC-001558_202512,2025-12-01,Southern,Southeast Texas,Commercial,Driver,2-5 Years,Aging (6-8yr),51.97,111.0,0.9023,0.0179,3.67,4.9,13,33.0,2081.0
WC-001559_202512,2025-12-01,Southern,Southeast Texas,Industrial,Driver,10+ Years,New (0-2yr),49.3,36.0,0.8695,0.0235,2.24,6.1,2,10.0,500.0
WC-001560_202512,2025-12-01,Southern,Southeast Texas,E&P,Mechanic,< 1 Year,End-of-Life (9+yr),51.98,10.0,0.8803,0.0206,1.92,3.9,4,10.0,500.0
WC-001561_202512,2025-12-01,Southern,Florida Panhandle,Residential,Driver,2-5 Years,New (0-2yr),45.7,299.0,0.8288,0.0279,1.77,5.1,17,153.0,8832.0
WC-001562_202512,2025-12-01,Southern,Florida Panhandle,Commercial,Driver,< 1 Year,Mid-Life (3-5yr),42.71,122.0,0.8866,0.0202,1.93,5.0,13,58.0,3261.0
WC-001563_202512,2025-12-01,Southern,Florida Panhandle,Industrial,Driver,5-10 Years,Mid-Life (3-5yr),48.17,31.0,0.8438,0.0281,3.06,5.3,3,10.0,500.0
WC-001564_202512,2025-12-01,Southern,Florida Panhandle,E&P,Driver,10+ Years,New (0-2yr),49.88,10.0,0.9425,0.0168,2.93,5.7,3,10.0,500.0
WC-001565_202512,2025-12-01,Southern,Carolinas,Residential,Driver,1-2 Years,Mid-Life (3-5yr),48.7,328.0,0.8925,0.0301,1.57,5.7,24,239.0,15280.0
WC-001566_202512,2025-12-01,Southern,Carolinas,Commercial,Helper,< 1 Year,Mid-Life (3-5yr),47.3,91.0,0.9542,0.0294,2.06,4.3,8,57.0,3128.0
WC-001567_202512,2025-12-01,Southern,Carolinas,Industrial,Helper,10+ Years,Aging (6-8yr),40.82,30.0,0.8975,0.0214,3.05,5.1,6,10.0,554.0
WC-001568_202512,2025-12-01,Southern,Carolinas,E&P,Driver,5-10 Years,New (0-2yr),39.95,15.0,0.8909,0.0189,3.09,3.6,2,10.0,500.0
WC-001569_202512,2025-12-01,Central,Great Plains,Residential,Driver,10+ Years,Aging (6-8yr),50.09,273.0,0.8552,0.0173,2.23,5.3,19,107.0,6278.0
WC-001570_202512,2025-12-01,Central,Great Plains,Commercial,Driver,10+ Years,End-of-Life (9+yr),46.34,145.0,0.9299,0.0252,1.91,3.8,11,80.0,4971.0
WC-001571_202512,2025-12-01,Central,Great Plains,Industrial,Driver,< 1 Year,New (0-2yr),40.86,40.0,0.9282,0.016,2.86,4.0,3,10.0,500.0
WC-001572_202512,2025-12-01,Central,Great Plains,E&P,Helper,5-10 Years,Aging (6-8yr),49.44,19.0,0.8804,0.0218,3.57,3.8,2,10.0,500.0
WC-001573_202512,2025-12-01,Central,Upper Midwest,Residential,Operator,< 1 Year,Aging (6-8yr),45.81,316.0,0.881,0.0165,1.63,4.4,19,210.0,12004.0
WC-001574_202512,2025-12-01,Central,Upper Midwest,Commercial,Driver,< 1 Year,Mid-Life (3-5yr),51.69,111.0,0.8522,0.023,2.62,5.1,12,51.0,3411.0
WC-001575_202512,2025-12-01,Central,Upper Midwest,Industrial,Driver,5-10 Years,New (0-2yr),46.32,25.0,0.8294,0.0242,2.69,6.4,2,10.0,500.0
WC-001576_202512,2025-12-01,Central,Upper Midwest,E&P,Driver,5-10 Years,Mid-Life (3-5yr),45.04,11.0,0.9484,0.0166,2.74,5.4,3,10.0,500.0
WC-001577_202512,2025-12-01,Central,Missouri Valley,Residential,Driver,10+ Years,Mid-Life (3-5yr),48.44,337.0,0.8783,0.0261,1.54,4.0,11,234.0,14355.0
WC-001578_202512,2025-12-01,Central,Missouri Valley,Commercial,Mechanic,5-10 Years,Mid-Life (3-5yr),46.37,87.0,0.9126,0.0239,2.02,4.4,12,32.0,1929.0
WC-001579_202512,2025-12-01,Central,Missouri Valley,Industrial,Operator,10+ Years,New (0-2yr),43.46,39.0,0.9246,0.0167,1.77,4.3,3,10.0,500.0
WC-001580_202512,2025-12-01,Central,Missouri Valley,E&P,Driver,2-5 Years,Aging (6-8yr),44.83,15.0,0.8728,0.0161,3.8,4.4,3,10.0,500.0
WC-001581_202512,2025-12-01,Central,Ozarks,Residential,Operator,10+ Years,Aging (6-8yr),44.11,306.0,0.8985,0.0159,1.99,3.6,16,217.0,12838.0
WC-001582_202512,2025-12-01,Central,Ozarks,Commercial,Operator,1-2 Years,New (0-2yr),45.27,100.0,0.8869,0.0209,2.76,5.3,6,23.0,1255.0
WC-001583_202512,2025-12-01,Central,Ozarks,Industrial,Operator,1-2 Years,End-of-Life (9+yr),51.11,20.0,0.9206,0.0295,2.16,4.6,2,10.0,500.0
WC-001584_202512,2025-12-01,Central,Ozarks,E&P,Driver,5-10 Years,End-of-Life (9+yr),45.23,12.0,0.8767,0.0209,2.12,5.2,4,10.0,500.0
WC-001585_202512,2025-12-01,Eastern,Mid-Atlantic,Residential,Driver,1-2 Years,End-of-Life (9+yr),48.12,261.0,0.8873,0.0165,3.33,6.1,18,331.0,19826.0
WC-001586_202512,2025-12-01,Eastern,Mid-Atlantic,Commercial,Driver,5-10 Years,Mid-Life (3-5yr),41.11,94.0,0.8883,0.0272,1.91,3.6,6,21.0,1080.0
WC-001587_202512,2025-12-01,Eastern,Mid-Atlantic,Industrial,Operator,1-2 Years,Mid-Life (3-5yr),44.94,34.0,0.9012,0.0283,2.27,5.0,5,10.0,536.0
WC-001588_202512,2025-12-01,Eastern,Mid-Atlantic,E&P,Mechanic,2-5 Years,New (0-2yr),48.74,12.0,0.8995,0.0177,1.46,4.1,2,10.0,500.0
WC-001589_202512,2025-12-01,Eastern,New England,Residential,Mechanic,< 1 Year,Aging (6-8yr),44.19,303.0,0.9157,0.0264,3.37,3.9,21,367.0,21882.0
WC-001590_202512,2025-12-01,Eastern,New England,Commercial,Driver,10+ Years,New (0-2yr),42.54,114.0,0.931,0.0288,1.45,4.5,5,29.0,1484.0
WC-001591_202512,2025-12-01,Eastern,New England,Industrial,Driver,2-5 Years,Aging (6-8yr),40.98,37.0,0.9164,0.0171,1.52,3.8,4,10.0,500.0
WC-001592_202512,2025-12-01,Eastern,New England,E&P,Mechanic,5-10 Years,New (0-2yr),47.35,20.0,0.9251,0.0195,1.57,5.6,2,10.0,500.0
WC-001593_202512,2025-12-01,Eastern,Great Lakes,Residential,Driver,5-10 Years,New (0-2yr),40.23,305.0,0.9059,0.0169,2.37,4.8,20,198.0,9794.0
WC-001594_202512,2025-12-01,Eastern,Great Lakes,Commercial,Driver,1-2 Years,Aging (6-8yr),46.96,123.0,0.8932,0.0225,3.16,6.5,5,36.0,2163.0
WC-001595_202512,2025-12-01,Eastern,Great Lakes,Industrial,Driver,< 1 Year,Mid-Life (3-5yr),49.94,23.0,0.8895,0.0168,1.84,5.0,3,10.0,500.0
WC-001596_202512,2025-12-01,Eastern,Great Lakes,E&P,Mechanic,10+ Years,End-of-Life (9+yr),36.54,12.0,0.9473,0.0197,3.44,4.4,3,10.0,500.0
WC-001597_202512,2025-12-01,Eastern,Ohio Valley,Residential,Mechanic,< 1 Year,Mid-Life (3-5yr),43.97,297.0,0.9471,0.0242,3.32,4.4,10,77.0,3988.0
WC-001598_202512,2025-12-01,Eastern,Ohio Valley,Commercial,Mechanic,< 1 Year,New (0-2yr),45.48,131.0,0.9167,0.0183,2.37,3.4,11,113.0,6173.0
WC-001599_202512,2025-12-01,Eastern,Ohio Valley,Industrial,Driver,2-5 Years,Mid-Life (3-5yr),41.81,37.0,0.8626,0.0152,2.07,4.5,2,10.0,500.0
WC-001600_202512,2025-12-01,Eastern,Ohio Valley,E&P,Driver,5-10 Years,End-of-Life (9+yr),38.77,11.0,0.8812,0.0229,3.74,4.0,1,10.0,500.0
WC-001601_202512,2025-12-01,Canada,Ontario,Residential,Operator,5-10 Years,Mid-Life (3-5yr),39.51,342.0,0.9357,0.0285,1.69,6.7,8,170.0,8111.0
WC-001602_202512,2025-12-01,Canada,Ontario,Commercial,Mechanic,1-2 Years,Mid-Life (3-5yr),51.36,106.0,0.8654,0.0182,3.25,4.0,12,59.0,3719.0
WC-001603_202512,2025-12-01,Canada,Ontario,Industrial,Driver,1-2 Years,End-of-Life (9+yr),45.59,24.0,0.9237,0.0285,1.94,6.3,7,10.0,500.0
WC-001604_202512,2025-12-01,Canada,Ontario,E&P,Mechanic,< 1 Year,Mid-Life (3-5yr),50.05,8.0,0.9192,0.0185,2.6,5.1,3,10.0,500.0
WC-001605_202512,2025-12-01,Canada,Alberta,Residential,Driver,5-10 Years,Aging (6-8yr),53.49,247.0,0.9158,0.0206,2.71,5.3,22,311.0,20624.0
WC-001606_202512,2025-12-01,Canada,Alberta,Commercial,Mechanic,10+ Years,Aging (6-8yr),44.62,79.0,0.8598,0.0175,2.72,4.1,5,17.0,911.0
WC-001607_202512,2025-12-01,Canada,Alberta,Industrial,Operator,5-10 Years,Mid-Life (3-5yr),40.98,24.0,0.9037,0.029,2.96,5.9,7,10.0,500.0
WC-001608_202512,2025-12-01,Canada,Alberta,E&P,Driver,< 1 Year,End-of-Life (9+yr),41.69,9.0,0.863,0.0292,3.49,6.4,1,10.0,500.0
WC-001609_202512,2025-12-01,Canada,British Columbia,Residential,Driver,1-2 Years,Mid-Life (3-5yr),37.81,337.0,0.8899,0.0173,4.04,4.3,20,493.0,24005.0
WC-001610_202512,2025-12-01,Canada,British Columbia,Commercial,Mechanic,5-10 Years,End-of-Life (9+yr),40.36,137.0,0.8416,0.0226,2.13,4.2,7,59.0,3145.0
WC-001611_202512,2025-12-01,Canada,British Columbia,Industrial,Driver,2-5 Years,End-of-Life (9+yr),45.26,37.0,0.9322,0.0276,2.19,4.7,7,14.0,832.0
WC-001612_202512,2025-12-01,Canada,British Columbia,E&P,Operator,< 1 Year,Mid-Life (3-5yr),50.75,12.0,0.8437,0.0211,1.8,5.3,4,10.0,500.0
WC-001613_202512,2025-12-01,Canada,Quebec,Residential,Driver,10+ Years,End-of-Life (9+yr),52.99,266.0,0.8987,0.0279,2.82,4.4,13,115.0,7901.0
WC-001614_202512,2025-12-01,Canada,Quebec,Commercial,Mechanic,10+ Years,New (0-2yr),45.72,97.0,0.9251,0.0213,3.42,5.9,11,85.0,4614.0
WC-001615_202512,2025-12-01,Canada,Quebec,Industrial,Driver,2-5 Years,Aging (6-8yr),48.19,19.0,0.9201,0.0274,2.23,3.7,6,10.0,500.0
WC-001616_202512,2025-12-01,Canada,Quebec,E&P,Mechanic,10+ Years,End-of-Life (9+yr),43.41,18.0,0.8938,0.0201,2.79,5.7,2,10.0,500.0
WC-001617_202512,2025-12-01,MidSouth,Tennessee Valley,Residential,Driver,10+ Years,Mid-Life (3-5yr),47.87,270.0,0.9315,0.029,3.6,5.5,23,334.0,21190.0
WC-001618_202512,2025-12-01,MidSouth,Tennessee Valley,Commercial,Mechanic,1-2 Years,Aging (6-8yr),39.79,126.0,0.8672,0.0209,2.64,3.5,5,35.0,1633.0
WC-001619_202512,2025-12-01,MidSouth,Tennessee Valley,Industrial,Driver,5-10 Years,New (0-2yr),38.4,26.0,0.9558,0.028,2.72,5.9,6,10.0,500.0
WC-001620_202512,2025-12-01,MidSouth,Tennessee Valley,E&P,Driver,10+ Years,New (0-2yr),45.18,19.0,0.8935,0.0264,2.77,4.9,4,10.0,500.0
WC-001621_202512,2025-12-01,MidSouth,Mississippi Delta,Residential,Mechanic,5-10 Years,Aging (6-8yr),43.91,297.0,0.8848,0.0254,1.48,3.9,22,469.0,24630.0
WC-001622_202512,2025-12-01,MidSouth,Mississippi Delta,Commercial,Mechanic,10+ Years,End-of-Life (9+yr),50.47,129.0,0.9216,0.0216,1.57,6.4,12,39.0,2519.0
WC-001623_202512,2025-12-01,MidSouth,Mississippi Delta,Industrial,Driver,5-10 Years,Mid-Life (3-5yr),48.07,20.0,0.8919,0.0224,2.54,4.8,3,10.0,500.0
WC-001624_202512,2025-12-01,MidSouth,Mississippi Delta,E&P,Driver,5-10 Years,End-of-Life (9+yr),52.16,19.0,0.8798,0.0233,2.39,5.8,3,10.0,500.0
WC-001625_202512,2025-12-01,MidSouth,Arkansas,Residential,Driver,2-5 Years,New (0-2yr),49.38,320.0,0.8383,0.0186,1.9,4.5,24,438.0,25473.0
WC-001626_202512,2025-12-01,MidSouth,Arkansas,Commercial,Driver,5-10 Years,New (0-2yr),40.87,110.0,0.9223,0.0177,1.66,4.6,11,65.0,3260.0
WC-001627_202512,2025-12-01,MidSouth,Arkansas,Industrial,Helper,5-10 Years,Aging (6-8yr),47.95,27.0,0.9308,0.0298,1.52,5.2,5,10.0,500.0
WC-001628_202512,2025-12-01,MidSouth,Arkansas,E&P,Helper,2-5 Years,Mid-Life (3-5yr),50.97,13.0,0.8811,0.0204,2.1,6.3,2,10.0,500.0
WC-001629_202512,2025-12-01,MidSouth,Oklahoma,Residential,Driver,5-10 Years,New (0-2yr),48.29,314.0,0.931,0.0292,1.92,5.8,20,423.0,25407.0
WC-001630_202512,2025-12-01,MidSouth,Oklahoma,Commercial,Driver,5-10 Years,Mid-Life (3-5yr),45.75,115.0,0.8964,0.0201,2.49,5.8,9,71.0,4405.0
WC-001631_202512,2025-12-01,MidSouth,Oklahoma,Industrial,Driver,2-5 Years,Mid-Life (3-5yr),48.44,20.0,0.8569,0.0179,1.46,5.0,5,10.0,500.0
WC-001632_202512,2025-12-01,MidSouth,Oklahoma,E&P,Driver,< 1 Year,Aging (6-8yr),39.96,9.0,0.9405,0.0282,1.52,4.1,4,10.0,500.0
WC-001633_202601,2026-01-01,Western,Pacific Northwest,Residential,Driver,< 1 Year,Mid-Life (3-5yr),40.2,322.0,0.9356,0.019,1.77,3.5,24,507.0,26472.0
WC-001634_202601,2026-01-01,Western,Pacific Northwest,Commercial,Mechanic,< 1 Year,Mid-Life (3-5yr),45.57,98.0,0.916,0.0278,3.3,5.3,5,24.0,1383.0
WC-001635_202601,2026-01-01,Western,Pacific Northwest,Industrial,Driver,10+ Years,New (0-2yr),50.93,16.0,0.8728,0.0297,3.35,4.8,2,10.0,500.0
WC-001636_202601,2026-01-01,Western,Pacific Northwest,E&P,Mechanic,5-10 Years,Mid-Life (3-5yr),41.0,13.0,0.9027,0.0176,1.85,6.3,4,10.0,500.0
WC-001637_202601,2026-01-01,Western,Northern California,Residential,Driver,2-5 Years,New (0-2yr),38.76,290.0,0.9457,0.0228,2.97,4.1,14,199.0,9189.0
WC-001638_202601,2026-01-01,Western,Northern California,Commercial,Mechanic,1-2 Years,New (0-2yr),47.17,85.0,0.9124,0.0266,2.01,5.4,14,75.0,4560.0
WC-001639_202601,2026-01-01,Western,Northern California,Industrial,Driver,1-2 Years,Aging (6-8yr),38.34,38.0,0.8662,0.0213,3.04,5.5,6,10.0,500.0
WC-001640_202601,2026-01-01,Western,Northern California,E&P,Driver,< 1 Year,End-of-Life (9+yr),55.54,19.0,0.9165,0.0208,1.99,4.0,4,10.0,500.0
WC-001641_202601,2026-01-01,Western,Southern California,Residential,Operator,2-5 Years,Aging (6-8yr),46.79,267.0,0.9135,0.0243,2.6,5.3,18,157.0,8942.0
WC-001642_202601,2026-01-01,Western,Southern California,Commercial,Driver,1-2 Years,New (0-2yr),42.7,115.0,0.9249,0.0281,1.91,4.3,7,53.0,2693.0
WC-001643_202601,2026-01-01,Western,Southern California,Industrial,Driver,1-2 Years,New (0-2yr),46.06,34.0,0.8717,0.0274,2.5,3.5,4,10.0,620.0
WC-001644_202601,2026-01-01,Western,Southern California,E&P,Driver,1-2 Years,New (0-2yr),48.13,17.0,0.8958,0.0158,3.47,6.4,1,10.0,500.0
WC-001645_202601,2026-01-01,Western,Mountain West,Residential,Mechanic,2-5 Years,Mid-Life (3-5yr),45.13,301.0,0.8622,0.0178,3.23,4.1,18,274.0,15980.0
WC-001646_202601,2026-01-01,Western,Mountain West,Commercial,Helper,< 1 Year,Mid-Life (3-5yr),44.56,110.0,0.8844,0.0235,2.54,4.9,8,23.0,1241.0
WC-001647_202601,2026-01-01,Western,Mountain West,Industrial,Driver,1-2 Years,Mid-Life (3-5yr),52.47,21.0,0.8934,0.0242,2.81,5.7,5,10.0,500.0
WC-001648_202601,2026-01-01,Western,Mountain West,E&P,Driver,5-10 Years,Aging (6-8yr),48.36,15.0,0.918,0.0188,2.31,3.9,4,10.0,500.0
WC-001649_202601,2026-01-01,Southern,Gulf Coast,Residential,Driver,10+ Years,Mid-Life (3-5yr),41.1,273.0,0.9245,0.0156,3.21,6.1,17,295.0,15982.0
WC-001650_202601,2026-01-01,Southern,Gulf Coast,Commercial,Driver,5-10 Years,Mid-Life (3-5yr),52.51,94.0,0.8882,0.0169,2.05,5.6,9,55.0,3586.0
WC-001651_202601,2026-01-01,Southern,Gulf Coast,Industrial,Driver,1-2 Years,End-of-Life (9+yr),39.51,40.0,0.9109,0.0228,1.64,4.6,4,10.0,500.0
WC-001652_202601,2026-01-01,Southern,Gulf Coast,E&P,Driver,5-10 Years,Mid-Life (3-5yr),45.49,20.0,0.861,0.0287,2.7,4.1,4,10.0,500.0
WC-001653_202601,2026-01-01,Southern,Southeast Texas,Residential,Mechanic,2-5 Years,Mid-Life (3-5yr),42.69,314.0,0.9052,0.0272,2.24,4.5,23,523.0,28285.0
WC-001654_202601,2026-01-01,Southern,Southeast Texas,Commercial,Driver,1-2 Years,End-of-Life (9+yr),42.71,133.0,0.9262,0.021,2.79,5.7,10,67.0,3716.0
WC-001655_202601,2026-01-01,Southern,Southeast Texas,Industrial,Driver,5-10 Years,New (0-2yr),50.89,32.0,0.9256,0.0278,2.23,3.6,6,10.0,500.0
WC-001656_202601,2026-01-01,Southern,Southeast Texas,E&P,Helper,< 1 Year,End-of-Life (9+yr),41.52,13.0,0.9137,0.0175,1.7,6.3,4,10.0,500.0
WC-001657_202601,2026-01-01,Southern,Florida Panhandle,Residential,Driver,2-5 Years,Mid-Life (3-5yr),49.1,325.0,0.8813,0.0224,3.19,5.3,11,131.0,8603.0
WC-001658_202601,2026-01-01,Southern,Florida Panhandle,Commercial,Driver,5-10 Years,End-of-Life (9+yr),39.86,133.0,0.895,0.0196,2.94,5.3,14,71.0,3424.0
WC-001659_202601,2026-01-01,Southern,Florida Panhandle,Industrial,Helper,5-10 Years,Aging (6-8yr),37.83,40.0,0.8891,0.0167,3.75,5.7,7,21.0,987.0
WC-001660_202601,2026-01-01,Southern,Florida Panhandle,E&P,Mechanic,5-10 Years,Mid-Life (3-5yr),44.73,19.0,0.9432,0.0251,3.1,3.8,1,10.0,500.0
WC-001661_202601,2026-01-01,Southern,Carolinas,Residential,Helper,5-10 Years,Mid-Life (3-5yr),45.75,305.0,0.8441,0.0262,2.74,3.8,12,100.0,5765.0
WC-001662_202601,2026-01-01,Southern,Carolinas,Commercial,Driver,5-10 Years,End-of-Life (9+yr),49.73,118.0,0.8766,0.0269,3.65,5.7,12,100.0,6583.0
WC-001663_202601,2026-01-01,Southern,Carolinas,Industrial,Helper,2-5 Years,Aging (6-8yr),51.22,27.0,0.8688,0.015,3.13,4.4,7,10.0,500.0
WC-001664_202601,2026-01-01,Southern,Carolinas,E&P,Driver,5-10 Years,New (0-2yr),46.16,12.0,0.9091,0.0234,1.35,6.0,1,10.0,500.0
WC-001665_202601,2026-01-01,Central,Great Plains,Residential,Operator,5-10 Years,New (0-2yr),45.57,274.0,0.9464,0.0213,2.6,3.6,19,150.0,8241.0
WC-001666_202601,2026-01-01,Central,Great Plains,Commercial,Mechanic,1-2 Years,End-of-Life (9+yr),38.77,112.0,0.8791,0.0179,1.58,4.2,8,67.0,3002.0
WC-001667_202601,2026-01-01,Central,Great Plains,Industrial,Driver,2-5 Years,End-of-Life (9+yr),41.34,30.0,0.8787,0.0277,2.55,6.2,3,10.0,500.0
WC-001668_202601,2026-01-01,Central,Great Plains,E&P,Driver,1-2 Years,New (0-2yr),45.96,8.0,0.9223,0.0167,2.12,4.5,3,10.0,500.0
WC-001669_202601,2026-01-01,Central,Upper Midwest,Residential,Driver,1-2 Years,Aging (6-8yr),47.22,282.0,0.8533,0.0224,2.88,5.4,12,138.0,8305.0
WC-001670_202601,2026-01-01,Central,Upper Midwest,Commercial,Driver,1-2 Years,Aging (6-8yr),52.4,133.0,0.8828,0.0194,1.84,5.3,6,24.0,1493.0
WC-001671_202601,2026-01-01,Central,Upper Midwest,Industrial,Driver,< 1 Year,End-of-Life (9+yr),43.87,35.0,0.864,0.0164,2.55,5.6,2,10.0,500.0
WC-001672_202601,2026-01-01,Central,Upper Midwest,E&P,Helper,10+ Years,Aging (6-8yr),50.34,17.0,0.8496,0.0211,2.2,3.8,4,10.0,500.0
WC-001673_202601,2026-01-01,Central,Missouri Valley,Residential,Operator,2-5 Years,Aging (6-8yr),47.02,267.0,0.9516,0.0265,3.15,3.9,18,191.0,12114.0
WC-001674_202601,2026-01-01,Central,Missouri Valley,Commercial,Driver,10+ Years,Mid-Life (3-5yr),50.65,118.0,0.8792,0.0228,2.81,3.7,8,75.0,4527.0
WC-001675_202601,2026-01-01,Central,Missouri Valley,Industrial,Operator,2-5 Years,Mid-Life (3-5yr),44.15,20.0,0.8647,0.0226,3.05,5.2,2,10.0,500.0
WC-001676_202601,2026-01-01,Central,Missouri Valley,E&P,Driver,5-10 Years,Aging (6-8yr),47.24,11.0,0.859,0.0247,2.79,4.1,4,10.0,500.0
WC-001677_202601,2026-01-01,Central,Ozarks,Residential,Helper,5-10 Years,New (0-2yr),51.03,328.0,0.9425,0.0239,1.71,3.7,10,109.0,7427.0
WC-001678_202601,2026-01-01,Central,Ozarks,Commercial,Driver,5-10 Years,End-of-Life (9+yr),48.7,97.0,0.9002,0.0238,2.82,4.2,9,59.0,3730.0
WC-001679_202601,2026-01-01,Central,Ozarks,Industrial,Driver,< 1 Year,Mid-Life (3-5yr),45.07,33.0,0.8862,0.024,2.96,4.4,3,10.0,500.0
WC-001680_202601,2026-01-01,Central,Ozarks,E&P,Driver,< 1 Year,Mid-Life (3-5yr),49.5,13.0,0.8997,0.0192,3.06,4.8,3,10.0,500.0
WC-001681_202601,2026-01-01,Eastern,Mid-Atlantic,Residential,Helper,5-10 Years,Mid-Life (3-5yr),36.66,291.0,0.8618,0.0177,2.4,4.6,12,71.0,3127.0
WC-001682_202601,2026-01-01,Eastern,Mid-Atlantic,Commercial,Mechanic,1-2 Years,Mid-Life (3-5yr),43.5,109.0,0.936,0.0204,2.32,5.7,5,39.0,2266.0
WC-001683_202601,2026-01-01,Eastern,Mid-Atlantic,Industrial,Mechanic,10+ Years,Mid-Life (3-5yr),50.02,21.0,0.8917,0.0205,1.83,4.4,6,10.0,500.0
WC-001684_202601,2026-01-01,Eastern,Mid-Atlantic,E&P,Driver,10+ Years,New (0-2yr),46.04,14.0,0.9028,0.0243,1.55,4.0,1,10.0,500.0
WC-001685_202601,2026-01-01,Eastern,New England,Residential,Helper,< 1 Year,Aging (6-8yr),46.17,262.0,0.9239,0.0193,2.92,5.3,20,131.0,7721.0
WC-001686_202601,2026-01-01,Eastern,New England,Commercial,Driver,< 1 Year,Mid-Life (3-5yr),45.38,135.0,0.9492,0.0288,2.5,4.8,14,70.0,3935.0
WC-001687_202601,2026-01-01,Eastern,New England,Industrial,Helper,< 1 Year,New (0-2yr),40.83,18.0,0.8838,0.0152,2.02,6.1,2,10.0,500.0
WC-001688_202601,2026-01-01,Eastern,New England,E&P,Driver,< 1 Year,Mid-Life (3-5yr),42.98,9.0,0.9564,0.0183,2.49,3.6,2,10.0,500.0
WC-001689_202601,2026-01-01,Eastern,Great Lakes,Residential,Driver,< 1 Year,Mid-Life (3-5yr),50.18,281.0,0.8711,0.0264,2.76,5.6,18,176.0,11643.0
WC-001690_202601,2026-01-01,Eastern,Great Lakes,Commercial,Helper,< 1 Year,End-of-Life (9+yr),42.43,96.0,0.8537,0.0175,1.63,5.0,6,19.0,1003.0
WC-001691_202601,2026-01-01,Eastern,Great Lakes,Industrial,Driver,5-10 Years,New (0-2yr),41.37,38.0,0.9197,0.0227,3.21,4.0,5,10.0,500.0
WC-001692_202601,2026-01-01,Eastern,Great Lakes,E&P,Driver,2-5 Years,Aging (6-8yr),45.94,13.0,0.9371,0.0267,2.01,4.9,3,10.0,500.0
WC-001693_202601,2026-01-01,Eastern,Ohio Valley,Residential,Driver,5-10 Years,Mid-Life (3-5yr),37.57,328.0,0.9387,0.0232,3.49,4.9,19,205.0,9666.0
WC-001694_202601,2026-01-01,Eastern,Ohio Valley,Commercial,Operator,2-5 Years,Mid-Life (3-5yr),39.19,88.0,0.8613,0.0293,2.82,4.8,9,18.0,823.0
WC-001695_202601,2026-01-01,Eastern,Ohio Valley,Industrial,Driver,< 1 Year,Mid-Life (3-5yr),50.34,27.0,0.9465,0.0222,1.67,5.0,5,10.0,500.0
WC-001696_202601,2026-01-01,Eastern,Ohio Valley,E&P,Driver,5-10 Years,New (0-2yr),43.37,15.0,0.9043,0.0224,1.87,3.6,3,10.0,500.0
WC-001697_202601,2026-01-01,Canada,Ontario,Residential,Driver,2-5 Years,Mid-Life (3-5yr),50.25,328.0,0.9112,0.0293,1.93,5.3,17,133.0,8590.0
WC-001698_202601,2026-01-01,Canada,Ontario,Commercial,Driver,2-5 Years,Aging (6-8yr),43.75,102.0,0.8504,0.0204,1.92,5.5,13,35.0,2012.0
WC-001699_202601,2026-01-01,Canada,Ontario,Industrial,Operator,10+ Years,New (0-2yr),52.2,34.0,0.8804,0.0251,3.11,3.5,4,10.0,500.0
WC-001700_202601,2026-01-01,Canada,Ontario,E&P,Driver,5-10 Years,End-of-Life (9+yr),43.56,9.0,0.883,0.024,1.64,5.2,4,10.0,500.0
WC-001701_202601,2026-01-01,Canada,Alberta,Residential,Driver,5-10 Years,New (0-2yr),54.62,313.0,0.8438,0.0249,2.2,5.0,16,282.0,20309.0
WC-001702_202601,2026-01-01,Canada,Alberta,Commercial,Mechanic,< 1 Year,Mid-Life (3-5yr),47.12,114.0,0.8975,0.027,2.86,4.1,6,18.0,985.0
WC-001703_202601,2026-01-01,Canada,Alberta,Industrial,Driver,10+ Years,Aging (6-8yr),39.3,29.0,0.9098,0.0203,1.45,4.2,4,10.0,500.0
WC-001704_202601,2026-01-01,Canada,Alberta,E&P,Helper,10+ Years,New (0-2yr),53.0,11.0,0.9395,0.0284,1.64,5.5,2,10.0,500.0
WC-001705_202601,2026-01-01,Canada,British Columbia,Residential,Driver,1-2 Years,Aging (6-8yr),37.37,341.0,0.8591,0.0161,3.29,5.4,24,375.0,18294.0
WC-001706_202601,2026-01-01,Canada,British Columbia,Commercial,Helper,10+ Years,New (0-2yr),49.26,105.0,0.9195,0.0265,3.18,6.2,5,25.0,1490.0
WC-001707_202601,2026-01-01,Canada,British Columbia,Industrial,Helper,2-5 Years,New (0-2yr),50.46,24.0,0.9434,0.0296,3.24,6.6,6,10.0,500.0
WC-001708_202601,2026-01-01,Canada,British Columbia,E&P,Driver,5-10 Years,Mid-Life (3-5yr),47.9,13.0,0.8546,0.0161,2.64,4.9,3,10.0,500.0
WC-001709_202601,2026-01-01,Canada,Quebec,Residential,Driver,2-5 Years,Mid-Life (3-5yr),46.94,270.0,0.8854,0.018,3.1,5.9,21,308.0,18399.0
WC-001710_202601,2026-01-01,Canada,Quebec,Commercial,Operator,5-10 Years,New (0-2yr),43.81,125.0,0.8783,0.0282,2.35,3.7,10,69.0,3992.0
WC-001711_202601,2026-01-01,Canada,Quebec,Industrial,Driver,1-2 Years,Aging (6-8yr),46.98,34.0,0.8735,0.03,1.93,3.8,7,10.0,529.0
WC-001712_202601,2026-01-01,Canada,Quebec,E&P,Driver,1-2 Years,Mid-Life (3-5yr),39.59,12.0,0.9257,0.0244,2.51,4.1,4,10.0,500.0
WC-001713_202601,2026-01-01,MidSouth,Tennessee Valley,Residential,Driver,5-10 Years,New (0-2yr),49.33,298.0,0.8806,0.029,1.56,4.0,24,402.0,23180.0
WC-001714_202601,2026-01-01,MidSouth,Tennessee Valley,Commercial,Mechanic,2-5 Years,Aging (6-8yr),45.41,107.0,0.8904,0.0167,1.65,3.7,9,58.0,3063.0
WC-001715_202601,2026-01-01,MidSouth,Tennessee Valley,Industrial,Driver,< 1 Year,Mid-Life (3-5yr),48.5,38.0,0.8958,0.024,3.52,3.9,4,10.0,500.0
WC-001716_202601,2026-01-01,MidSouth,Tennessee Valley,E&P,Operator,1-2 Years,New (0-2yr),41.52,12.0,0.9052,0.0284,2.24,4.4,1,10.0,500.0
WC-001717_202601,2026-01-01,MidSouth,Mississippi Delta,Residential,Driver,10+ Years,New (0-2yr),46.01,332.0,0.8696,0.0263,3.39,5.7,17,323.0,17184.0
WC-001718_202601,2026-01-01,MidSouth,Mississippi Delta,Commercial,Driver,2-5 Years,Aging (6-8yr),38.63,105.0,0.8607,0.0197,1.62,6.5,8,32.0,1448.0
WC-001719_202601,2026-01-01,MidSouth,Mississippi Delta,Industrial,Driver,5-10 Years,Mid-Life (3-5yr),37.83,17.0,0.8555,0.0205,1.6,5.6,3,10.0,500.0
WC-001720_202601,2026-01-01,MidSouth,Mississippi Delta,E&P,Driver,< 1 Year,End-of-Life (9+yr),43.88,14.0,0.8486,0.0159,3.23,5.1,1,10.0,500.0
WC-001721_202601,2026-01-01,MidSouth,Arkansas,Residential,Driver,5-10 Years,Aging (6-8yr),47.25,317.0,0.9324,0.0262,3.07,4.9,19,199.0,11893.0
WC-001722_202601,2026-01-01,MidSouth,Arkansas,Commercial,Driver,1-2 Years,End-of-Life (9+yr),50.05,118.0,0.868,0.0275,3.02,4.7,6,47.0,2971.0
WC-001723_202601,2026-01-01,MidSouth,Arkansas,Industrial,Helper,< 1 Year,New (0-2yr),53.12,32.0,0.8841,0.022,1.99,3.8,5,10.0,500.0
WC-001724_202601,2026-01-01,MidSouth,Arkansas,E&P,Driver,2-5 Years,Aging (6-8yr),49.84,11.0,0.8897,0.0211,2.63,6.3,3,10.0,500.0
WC-001725_202601,2026-01-01,MidSouth,Oklahoma,Residential,Driver,2-5 Years,Aging (6-8yr),48.02,292.0,0.9257,0.028,1.6,3.6,14,206.0,13168.0
WC-001726_202601,2026-01-01,MidSouth,Oklahoma,Commercial,Mechanic,5-10 Years,Aging (6-8yr),39.08,149.0,0.8771,0.0207,2.51,6.5,6,57.0,2633.0
WC-001727_202601,2026-01-01,MidSouth,Oklahoma,Industrial,Driver,2-5 Years,Mid-Life (3-5yr),43.94,36.0,0.9093,0.0216,3.37,5.6,6,10.0,519.0
WC-001728_202601,2026-01-01,MidSouth,Oklahoma,E&P,Mechanic,10+ Years,Mid-Life (3-5yr),38.62,14.0,0.9247,0.0196,2.08,4.9,2,10.0,500.0
WC-001729_202602,2026-02-01,Western,Pacific Northwest,Residential,Driver,< 1 Year,Mid-Life (3-5yr),38.64,254.0,0.89,0.0157,2.34,4.7,24,142.0,6815.0
WC-001730_202602,2026-02-01,Western,Pacific Northwest,Commercial,Driver,2-5 Years,End-of-Life (9+yr),48.63,131.0,0.8752,0.0153,2.39,4.8,12,57.0,3521.0
WC-001731_202602,2026-02-01,Western,Pacific Northwest,Industrial,Operator,10+ Years,Mid-Life (3-5yr),49.59,28.0,0.9024,0.0155,1.78,3.8,4,10.0,500.0
WC-001732_202602,2026-02-01,Western,Pacific Northwest,E&P,Mechanic,1-2 Years,New (0-2yr),38.91,19.0,0.8486,0.0278,3.3,3.6,2,10.0,500.0
WC-001733_202602,2026-02-01,Western,Northern California,Residential,Driver,2-5 Years,Aging (6-8yr),45.74,314.0,0.9077,0.0279,2.64,5.7,21,281.0,15670.0
WC-001734_202602,2026-02-01,Western,Northern California,Commercial,Driver,10+ Years,Aging (6-8yr),39.13,108.0,0.8877,0.0251,2.43,5.8,13,73.0,3348.0
WC-001735_202602,2026-02-01,Western,Northern California,Industrial,Driver,2-5 Years,Mid-Life (3-5yr),51.72,19.0,0.8655,0.023,2.18,4.4,7,10.0,500.0
WC-001736_202602,2026-02-01,Western,Northern California,E&P,Driver,5-10 Years,New (0-2yr),37.67,12.0,0.8855,0.027,3.39,5.8,1,10.0,500.0
WC-001737_202602,2026-02-01,Western,Southern California,Residential,Driver,10+ Years,End-of-Life (9+yr),50.02,280.0,0.9182,0.0262,2.34,6.3,17,160.0,9655.0
WC-001738_202602,2026-02-01,Western,Southern California,Commercial,Driver,10+ Years,Mid-Life (3-5yr),41.44,126.0,0.9287,0.026,2.65,4.4,14,115.0,6214.0
WC-001739_202602,2026-02-01,Western,Southern California,Industrial,Driver,5-10 Years,New (0-2yr),44.66,30.0,0.9224,0.0286,2.69,4.8,7,15.0,852.0
WC-001740_202602,2026-02-01,Western,Southern California,E&P,Driver,1-2 Years,Mid-Life (3-5yr),51.19,9.0,0.9121,0.0161,1.91,5.3,1,10.0,500.0
WC-001741_202602,2026-02-01,Western,Mountain West,Residential,Driver,10+ Years,Mid-Life (3-5yr),47.44,335.0,0.859,0.0277,2.34,4.4,20,329.0,20920.0
WC-001742_202602,2026-02-01,Western,Mountain West,Commercial,Operator,1-2 Years,Mid-Life (3-5yr),39.93,125.0,0.8711,0.0202,2.69,3.9,11,78.0,3917.0
WC-001743_202602,2026-02-01,Western,Mountain West,Industrial,Driver,1-2 Years,New (0-2yr),42.17,29.0,0.8886,0.0191,3.43,3.5,7,10.0,500.0
WC-001744_202602,2026-02-01,Western,Mountain West,E&P,Mechanic,< 1 Year,Aging (6-8yr),51.92,17.0,0.8857,0.0285,3.43,5.0,1,10.0,500.0
WC-001745_202602,2026-02-01,Southern,Gulf Coast,Residential,Mechanic,5-10 Years,Mid-Life (3-5yr),49.24,310.0,0.8977,0.0235,1.83,5.3,21,268.0,16887.0
WC-001746_202602,2026-02-01,Southern,Gulf Coast,Commercial,Driver,< 1 Year,Aging (6-8yr),40.85,99.0,0.928,0.0186,2.52,4.1,12,69.0,3323.0
WC-001747_202602,2026-02-01,Southern,Gulf Coast,Industrial,Mechanic,2-5 Years,Mid-Life (3-5yr),46.81,26.0,0.8599,0.0255,2.78,3.6,5,10.0,500.0
WC-001748_202602,2026-02-01,Southern,Gulf Coast,E&P,Driver,5-10 Years,End-of-Life (9+yr),37.79,12.0,0.9179,0.0283,3.01,5.0,3,10.0,500.0
WC-001749_202602,2026-02-01,Southern,Southeast Texas,Residential,Driver,1-2 Years,Aging (6-8yr),50.87,254.0,0.9093,0.0212,2.4,5.2,21,345.0,21993.0
WC-001750_202602,2026-02-01,Southern,Southeast Texas,Commercial,Mechanic,2-5 Years,Aging (6-8yr),52.36,92.0,0.8592,0.0209,2.11,4.6,11,21.0,1304.0
WC-001751_202602,2026-02-01,Southern,Southeast Texas,Industrial,Helper,1-2 Years,Mid-Life (3-5yr),45.25,33.0,0.8855,0.0234,3.01,5.0,3,10.0,500.0
WC-001752_202602,2026-02-01,Southern,Southeast Texas,E&P,Driver,10+ Years,Mid-Life (3-5yr),50.9,9.0,0.9008,0.0203,3.38,5.1,4,10.0,500.0
WC-001753_202602,2026-02-01,Southern,Florida Panhandle,Residential,Helper,5-10 Years,Aging (6-8yr),48.53,352.0,0.8512,0.0222,2.16,4.5,8,97.0,6067.0
WC-001754_202602,2026-02-01,Southern,Florida Panhandle,Commercial,Helper,5-10 Years,Mid-Life (3-5yr),47.7,94.0,0.912,0.0192,3.69,5.5,7,48.0,2983.0
WC-001755_202602,2026-02-01,Southern,Florida Panhandle,Industrial,Driver,5-10 Years,New (0-2yr),51.0,23.0,0.8511,0.0192,1.75,4.6,3,10.0,500.0
WC-001756_202602,2026-02-01,Southern,Florida Panhandle,E&P,Driver,5-10 Years,Mid-Life (3-5yr),38.53,8.0,0.917,0.0195,2.19,3.6,2,10.0,500.0
WC-001757_202602,2026-02-01,Southern,Carolinas,Residential,Driver,< 1 Year,Aging (6-8yr),47.42,337.0,0.9164,0.0248,1.71,4.3,23,161.0,9964.0
WC-001758_202602,2026-02-01,Southern,Carolinas,Commercial,Mechanic,5-10 Years,Aging (6-8yr),41.63,109.0,0.8908,0.0173,2.42,3.6,7,52.0,2544.0
WC-001759_202602,2026-02-01,Southern,Carolinas,Industrial,Mechanic,5-10 Years,End-of-Life (9+yr),50.1,24.0,0.8909,0.0243,2.7,4.2,5,10.0,611.0
WC-001760_202602,2026-02-01,Southern,Carolinas,E&P,Driver,< 1 Year,Mid-Life (3-5yr),48.19,19.0,0.9267,0.0293,1.58,6.3,4,10.0,500.0
WC-001761_202602,2026-02-01,Central,Great Plains,Residential,Driver,2-5 Years,Mid-Life (3-5yr),40.76,251.0,0.8645,0.0183,3.11,5.2,20,307.0,14962.0
WC-001762_202602,2026-02-01,Central,Great Plains,Commercial,Helper,1-2 Years,Mid-Life (3-5yr),47.37,94.0,0.9426,0.021,2.13,6.4,5,17.0,932.0
WC-001763_202602,2026-02-01,Central,Great Plains,Industrial,Operator,5-10 Years,End-of-Life (9+yr),42.19,40.0,0.9295,0.0228,2.96,5.2,3,10.0,500.0
WC-001764_202602,2026-02-01,Central,Great Plains,E&P,Operator,5-10 Years,New (0-2yr),40.56,18.0,0.9135,0.0195,1.68,6.3,3,10.0,500.0
WC-001765_202602,2026-02-01,Central,Upper Midwest,Residential,Driver,1-2 Years,Aging (6-8yr),49.24,267.0,0.9399,0.0187,1.86,3.6,8,46.0,2750.0
WC-001766_202602,2026-02-01,Central,Upper Midwest,Commercial,Helper,5-10 Years,New (0-2yr),42.68,127.0,0.8722,0.0242,2.52,4.6,11,49.0,2776.0
WC-001767_202602,2026-02-01,Central,Upper Midwest,Industrial,Driver,10+ Years,Aging (6-8yr),42.86,41.0,0.8567,0.0279,1.91,4.1,4,10.0,500.0
WC-001768_202602,2026-02-01,Central,Upper Midwest,E&P,Driver,1-2 Years,New (0-2yr),43.3,17.0,0.9333,0.0191,2.57,3.9,1,10.0,500.0
WC-001769_202602,2026-02-01,Central,Missouri Valley,Residential,Operator,10+ Years,End-of-Life (9+yr),51.34,297.0,0.9227,0.0151,3.08,4.1,8,58.0,3779.0
WC-001770_202602,2026-02-01,Central,Missouri Valley,Commercial,Driver,2-5 Years,New (0-2yr),43.18,101.0,0.8624,0.0214,3.82,5.9,6,28.0,1452.0
WC-001771_202602,2026-02-01,Central,Missouri Valley,Industrial,Driver,2-5 Years,Mid-Life (3-5yr),37.72,16.0,0.881,0.0276,1.98,6.1,3,10.0,500.0
WC-001772_202602,2026-02-01,Central,Missouri Valley,E&P,Driver,1-2 Years,End-of-Life (9+yr),43.92,17.0,0.8716,0.0272,2.93,6.0,1,10.0,500.0
WC-001773_202602,2026-02-01,Central,Ozarks,Residential,Driver,5-10 Years,Mid-Life (3-5yr),46.06,308.0,0.9568,0.0188,2.15,4.5,10,171.0,9607.0
WC-001774_202602,2026-02-01,Central,Ozarks,Commercial,Driver,< 1 Year,Aging (6-8yr),54.59,143.0,0.9347,0.0278,1.78,5.8,8,68.0,4648.0
WC-001775_202602,2026-02-01,Central,Ozarks,Industrial,Helper,1-2 Years,Mid-Life (3-5yr),48.74,37.0,0.8909,0.0187,2.1,3.6,7,10.0,500.0
WC-001776_202602,2026-02-01,Central,Ozarks,E&P,Driver,1-2 Years,New (0-2yr),50.95,19.0,0.8457,0.0248,3.08,6.5,2,10.0,500.0
WC-001777_202602,2026-02-01,Eastern,Mid-Atlantic,Residential,Mechanic,5-10 Years,Mid-Life (3-5yr),48.93,324.0,0.9113,0.0217,2.45,6.3,23,244.0,15271.0
WC-001778_202602,2026-02-01,Eastern,Mid-Atlantic,Commercial,Driver,5-10 Years,New (0-2yr),41.44,85.0,0.9358,0.0241,2.17,5.8,14,92.0,5094.0
WC-001779_202602,2026-02-01,Eastern,Mid-Atlantic,Industrial,Helper,< 1 Year,Aging (6-8yr),39.21,28.0,0.9314,0.0174,1.72,6.0,2,10.0,500.0
WC-001780_202602,2026-02-01,Eastern,Mid-Atlantic,E&P,Driver,5-10 Years,Mid-Life (3-5yr),42.77,15.0,0.9365,0.0187,2.35,5.8,1,10.0,500.0
WC-001781_202602,2026-02-01,Eastern,New England,Residential,Driver,10+ Years,End-of-Life (9+yr),46.97,331.0,0.8899,0.0237,3.02,5.0,14,248.0,14465.0
WC-001782_202602,2026-02-01,Eastern,New England,Commercial,Mechanic,1-2 Years,End-of-Life (9+yr),50.39,132.0,0.8648,0.0215,2.56,4.1,10,60.0,3749.0
WC-001783_202602,2026-02-01,Eastern,New England,Industrial,Driver,2-5 Years,Aging (6-8yr),43.16,34.0,0.8487,0.0299,2.99,5.4,6,10.0,535.0
WC-001784_202602,2026-02-01,Eastern,New England,E&P,Driver,10+ Years,New (0-2yr),52.43,13.0,0.8927,0.026,2.72,4.2,2,10.0,500.0
WC-001785_202602,2026-02-01,Eastern,Great Lakes,Residential,Helper,10+ Years,Aging (6-8yr),40.39,335.0,0.8556,0.0263,3.11,6.3,24,626.0,30779.0
WC-001786_202602,2026-02-01,Eastern,Great Lakes,Commercial,Driver,< 1 Year,Aging (6-8yr),46.66,125.0,0.9327,0.0209,2.33,3.5,7,37.0,2151.0
WC-001787_202602,2026-02-01,Eastern,Great Lakes,Industrial,Driver,1-2 Years,New (0-2yr),42.62,32.0,0.9005,0.0281,3.45,6.3,4,10.0,500.0
WC-001788_202602,2026-02-01,Eastern,Great Lakes,E&P,Mechanic,5-10 Years,Aging (6-8yr),51.11,20.0,0.8903,0.0258,2.67,3.7,4,10.0,500.0
WC-001789_202602,2026-02-01,Eastern,Ohio Valley,Residential,Driver,1-2 Years,New (0-2yr),48.73,281.0,0.912,0.0209,1.98,5.1,11,191.0,12311.0
WC-001790_202602,2026-02-01,Eastern,Ohio Valley,Commercial,Driver,5-10 Years,Mid-Life (3-5yr),39.05,97.0,0.8751,0.0197,2.64,3.6,10,31.0,1634.0
WC-001791_202602,2026-02-01,Eastern,Ohio Valley,Industrial,Driver,10+ Years,Mid-Life (3-5yr),53.55,27.0,0.9476,0.0261,1.75,4.8,3,10.0,500.0
WC-001792_202602,2026-02-01,Eastern,Ohio Valley,E&P,Driver,10+ Years,Mid-Life (3-5yr),49.1,18.0,0.9331,0.0193,2.41,4.5,2,10.0,500.0
WC-001793_202602,2026-02-01,Canada,Ontario,Residential,Driver,5-10 Years,Aging (6-8yr),49.08,311.0,0.8607,0.0191,3.25,6.0,11,250.0,15134.0
WC-001794_202602,2026-02-01,Canada,Ontario,Commercial,Mechanic,2-5 Years,Mid-Life (3-5yr),39.51,94.0,0.9234,0.0286,2.95,5.9,13,27.0,1222.0
WC-001795_202602,2026-02-01,Canada,Ontario,Industrial,Helper,5-10 Years,Aging (6-8yr),39.76,29.0,0.8785,0.021,1.55,5.4,6,14.0,706.0
WC-001796_202602,2026-02-01,Canada,Ontario,E&P,Driver,10+ Years,Mid-Life (3-5yr),41.29,18.0,0.8838,0.016,2.41,4.4,4,10.0,500.0
WC-001797_202602,2026-02-01,Canada,Alberta,Residential,Driver,< 1 Year,Aging (6-8yr),52.91,295.0,0.887,0.0216,2.01,5.2,9,161.0,10627.0
WC-001798_202602,2026-02-01,Canada,Alberta,Commercial,Driver,2-5 Years,Mid-Life (3-5yr),51.36,147.0,0.873,0.0196,1.71,4.4,6,36.0,2451.0
WC-001799_202602,2026-02-01,Canada,Alberta,Industrial,Driver,1-2 Years,Aging (6-8yr),43.02,38.0,0.8978,0.0277,2.53,4.1,5,10.0,500.0
WC-001800_202602,2026-02-01,Canada,Alberta,E&P,Driver,5-10 Years,End-of-Life (9+yr),50.08,18.0,0.8876,0.0296,1.47,4.9,2,10.0,500.0
WC-001801_202602,2026-02-01,Canada,British Columbia,Residential,Driver,5-10 Years,Aging (6-8yr),38.2,255.0,0.9233,0.025,1.95,5.3,21,359.0,17749.0
WC-001802_202602,2026-02-01,Canada,British Columbia,Commercial,Driver,10+ Years,End-of-Life (9+yr),46.7,122.0,0.8635,0.0154,2.26,5.3,6,32.0,2013.0
WC-001803_202602,2026-02-01,Canada,British Columbia,Industrial,Mechanic,5-10 Years,Mid-Life (3-5yr),48.89,28.0,0.9113,0.0225,2.39,4.7,2,10.0,500.0
WC-001804_202602,2026-02-01,Canada,British Columbia,E&P,Driver,5-10 Years,New (0-2yr),43.29,16.0,0.8789,0.0271,1.97,6.3,4,10.0,500.0
WC-001805_202602,2026-02-01,Canada,Quebec,Residential,Mechanic,< 1 Year,Mid-Life (3-5yr),46.17,316.0,0.9062,0.0153,2.15,6.4,14,139.0,8071.0
WC-001806_202602,2026-02-01,Canada,Quebec,Commercial,Helper,< 1 Year,Mid-Life (3-5yr),44.33,135.0,0.8663,0.0163,1.93,6.4,7,46.0,2737.0
WC-001807_202602,2026-02-01,Canada,Quebec,Industrial,Operator,10+ Years,Mid-Life (3-5yr),36.25,21.0,0.8721,0.0188,2.54,3.7,2,10.0,500.0
WC-001808_202602,2026-02-01,Canada,Quebec,E&P,Driver,2-5 Years,Mid-Life (3-5yr),40.08,11.0,0.9255,0.026,1.61,4.0,3,10.0,500.0
WC-001809_202602,2026-02-01,MidSouth,Tennessee Valley,Residential,Driver,< 1 Year,New (0-2yr),41.99,247.0,0.8866,0.0157,2.28,4.2,15,152.0,8544.0
WC-001810_202602,2026-02-01,MidSouth,Tennessee Valley,Commercial,Mechanic,10+ Years,End-of-Life (9+yr),40.9,88.0,0.9277,0.0166,2.22,5.5,6,37.0,1804.0
WC-001811_202602,2026-02-01,MidSouth,Tennessee Valley,Industrial,Helper,2-5 Years,Mid-Life (3-5yr),52.29,25.0,0.9078,0.0171,1.99,4.3,5,10.0,500.0
WC-001812_202602,2026-02-01,MidSouth,Tennessee Valley,E&P,Driver,10+ Years,New (0-2yr),44.8,19.0,0.8603,0.0188,1.83,4.5,2,10.0,500.0
WC-001813_202602,2026-02-01,MidSouth,Mississippi Delta,Residential,Driver,< 1 Year,New (0-2yr),40.71,328.0,0.9102,0.0171,1.78,5.0,20,515.0,24503.0
WC-001814_202602,2026-02-01,MidSouth,Mississippi Delta,Commercial,Driver,< 1 Year,New (0-2yr),50.06,115.0,0.8872,0.0201,2.08,5.3,12,59.0,3659.0
WC-001815_202602,2026-02-01,MidSouth,Mississippi Delta,Industrial,Mechanic,5-10 Years,Aging (6-8yr),39.46,21.0,0.8922,0.0188,1.83,5.8,6,10.0,500.0
WC-001816_202602,2026-02-01,MidSouth,Mississippi Delta,E&P,Driver,2-5 Years,Mid-Life (3-5yr),48.64,17.0,0.8762,0.0265,1.87,3.8,4,10.0,500.0
WC-001817_202602,2026-02-01,MidSouth,Arkansas,Residential,Operator,< 1 Year,Mid-Life (3-5yr),46.74,335.0,0.8651,0.0287,2.23,3.9,11,268.0,15565.0
WC-001818_202602,2026-02-01,MidSouth,Arkansas,Commercial,Mechanic,< 1 Year,Mid-Life (3-5yr),40.83,105.0,0.8719,0.0177,2.67,3.7,14,64.0,3084.0
WC-001819_202602,2026-02-01,MidSouth,Arkansas,Industrial,Driver,5-10 Years,Mid-Life (3-5yr),42.63,38.0,0.8952,0.0155,2.77,6.3,5,10.0,500.0
WC-001820_202602,2026-02-01,MidSouth,Arkansas,E&P,Mechanic,5-10 Years,New (0-2yr),38.44,19.0,0.8733,0.0181,2.68,5.1,3,10.0,500.0
WC-001821_202602,2026-02-01,MidSouth,Oklahoma,Residential,Driver,< 1 Year,End-of-Life (9+yr),45.82,252.0,0.9689,0.0255,2.06,4.1,9,166.0,8986.0
WC-001822_202602,2026-02-01,MidSouth,Oklahoma,Commercial,Helper,2-5 Years,Mid-Life (3-5yr),37.35,145.0,0.8521,0.0301,3.76,4.3,8,24.0,1194.0
WC-001823_202602,2026-02-01,MidSouth,Oklahoma,Industrial,Driver,1-2 Years,New (0-2yr),38.66,37.0,0.8694,0.0255,2.99,4.7,7,17.0,865.0
WC-001824_202602,2026-02-01,MidSouth,Oklahoma,E&P,Mechanic,< 1 Year,Mid-Life (3-5yr),41.2,16.0,0.8943,0.0182,2.62,6.2,4,10.0,500.0
WC-001825_202603,2026-03-01,Western,Pacific Northwest,Residential,Driver,< 1 Year,Aging (6-8yr),45.58,257.0,0.8877,0.018,2.42,5.9,24,408.0,24727.0
WC-001826_202603,2026-03-01,Western,Pacific Northwest,Commercial,Mechanic,5-10 Years,Aging (6-8yr),51.72,149.0,0.8837,0.0152,3.06,4.1,10,73.0,5068.0
WC-001827_202603,2026-03-01,Western,Pacific Northwest,Industrial,Driver,< 1 Year,Aging (6-8yr),43.08,34.0,0.8614,0.0229,1.72,5.3,4,10.0,500.0
WC-001828_202603,2026-03-01,Western,Pacific Northwest,E&P,Helper,10+ Years,New (0-2yr),50.38,13.0,0.9075,0.0296,3.31,4.7,1,10.0,500.0
WC-001829_202603,2026-03-01,Western,Northern California,Residential,Driver,1-2 Years,New (0-2yr),42.72,336.0,0.8994,0.0158,3.35,5.1,19,162.0,7999.0
WC-001830_202603,2026-03-01,Western,Northern California,Commercial,Mechanic,5-10 Years,Mid-Life (3-5yr),39.93,94.0,0.9322,0.025,3.15,4.6,10,64.0,2975.0
WC-001831_202603,2026-03-01,Western,Northern California,Industrial,Driver,< 1 Year,Mid-Life (3-5yr),50.7,32.0,0.9115,0.0165,2.8,4.8,5,11.0,704.0
WC-001832_202603,2026-03-01,Western,Northern California,E&P,Mechanic,2-5 Years,New (0-2yr),46.97,9.0,0.949,0.0215,2.24,3.7,1,10.0,500.0
WC-001833_202603,2026-03-01,Western,Southern California,Residential,Driver,< 1 Year,New (0-2yr),45.67,277.0,0.8607,0.0256,1.91,4.7,24,305.0,16790.0
WC-001834_202603,2026-03-01,Western,Southern California,Commercial,Driver,1-2 Years,End-of-Life (9+yr),42.63,135.0,0.9261,0.0189,2.07,5.7,9,89.0,4566.0
WC-001835_202603,2026-03-01,Western,Southern California,Industrial,Mechanic,5-10 Years,Mid-Life (3-5yr),47.17,28.0,0.8765,0.0298,1.96,6.5,2,10.0,500.0
WC-001836_202603,2026-03-01,Western,Southern California,E&P,Driver,10+ Years,Mid-Life (3-5yr),46.92,17.0,0.8602,0.0217,1.84,5.2,1,10.0,500.0
WC-001837_202603,2026-03-01,Western,Mountain West,Residential,Mechanic,5-10 Years,Mid-Life (3-5yr),45.87,351.0,0.8636,0.0245,2.65,4.2,23,574.0,33290.0
WC-001838_202603,2026-03-01,Western,Mountain West,Commercial,Driver,5-10 Years,Mid-Life (3-5yr),48.54,152.0,0.87,0.0155,1.87,6.3,14,44.0,2488.0
WC-001839_202603,2026-03-01,Western,Mountain West,Industrial,Driver,5-10 Years,Aging (6-8yr),39.93,26.0,0.9439,0.0294,2.33,6.0,2,10.0,500.0
WC-001840_202603,2026-03-01,Western,Mountain West,E&P,Operator,< 1 Year,Mid-Life (3-5yr),49.01,17.0,0.9417,0.0244,3.26,4.6,1,10.0,500.0
WC-001841_202603,2026-03-01,Southern,Gulf Coast,Residential,Helper,5-10 Years,New (0-2yr),43.91,272.0,0.8977,0.0293,2.89,5.9,20,189.0,10255.0
WC-001842_202603,2026-03-01,Southern,Gulf Coast,Commercial,Driver,2-5 Years,New (0-2yr),47.07,76.0,0.8649,0.0281,2.39,4.2,9,45.0,2499.0
WC-001843_202603,2026-03-01,Southern,Gulf Coast,Industrial,Helper,5-10 Years,Aging (6-8yr),40.77,15.0,0.9128,0.0167,2.48,5.7,4,10.0,500.0
WC-001844_202603,2026-03-01,Southern,Gulf Coast,E&P,Operator,5-10 Years,New (0-2yr),51.34,14.0,0.8532,0.0241,2.07,4.2,3,10.0,500.0
WC-001845_202603,2026-03-01,Southern,Southeast Texas,Residential,Operator,< 1 Year,Aging (6-8yr),49.08,322.0,0.9173,0.0253,2.52,6.0,12,161.0,9649.0
WC-001846_202603,2026-03-01,Southern,Southeast Texas,Commercial,Driver,2-5 Years,Mid-Life (3-5yr),53.25,126.0,0.8442,0.0294,2.66,4.7,12,67.0,4590.0
WC-001847_202603,2026-03-01,Southern,Southeast Texas,Industrial,Operator,2-5 Years,Aging (6-8yr),44.62,33.0,0.8287,0.0307,1.93,6.0,5,10.0,500.0
WC-001848_202603,2026-03-01,Southern,Southeast Texas,E&P,Driver,10+ Years,End-of-Life (9+yr),48.28,9.0,0.9548,0.0158,2.15,5.2,2,10.0,500.0
WC-001849_202603,2026-03-01,Southern,Florida Panhandle,Residential,Helper,2-5 Years,Aging (6-8yr),44.68,333.0,0.8757,0.0265,2.9,6.2,17,132.0,7715.0
WC-001850_202603,2026-03-01,Southern,Florida Panhandle,Commercial,Operator,2-5 Years,Aging (6-8yr),50.72,87.0,0.9272,0.0249,1.56,6.0,5,17.0,985.0
WC-001851_202603,2026-03-01,Southern,Florida Panhandle,Industrial,Driver,5-10 Years,End-of-Life (9+yr),56.71,21.0,0.9315,0.017,2.17,5.1,7,10.0,500.0
WC-001852_202603,2026-03-01,Southern,Florida Panhandle,E&P,Mechanic,< 1 Year,Mid-Life (3-5yr),50.21,13.0,0.8806,0.028,3.26,4.1,1,10.0,500.0
WC-001853_202603,2026-03-01,Southern,Carolinas,Residential,Driver,2-5 Years,Mid-Life (3-5yr),41.44,293.0,0.8762,0.024,2.13,4.7,22,500.0,25036.0
WC-001854_202603,2026-03-01,Southern,Carolinas,Commercial,Driver,1-2 Years,End-of-Life (9+yr),50.48,92.0,0.8636,0.0213,3.59,6.0,10,72.0,4425.0
WC-001855_202603,2026-03-01,Southern,Carolinas,Industrial,Driver,1-2 Years,Aging (6-8yr),54.22,30.0,0.9159,0.0236,2.55,4.0,2,10.0,500.0
WC-001856_202603,2026-03-01,Southern,Carolinas,E&P,Driver,2-5 Years,New (0-2yr),49.92,10.0,0.8827,0.0195,3.22,4.1,4,10.0,500.0
WC-001857_202603,2026-03-01,Central,Great Plains,Residential,Driver,1-2 Years,Mid-Life (3-5yr),43.11,348.0,0.9127,0.0172,1.76,6.0,13,317.0,16416.0
WC-001858_202603,2026-03-01,Central,Great Plains,Commercial,Mechanic,2-5 Years,New (0-2yr),44.23,134.0,0.8979,0.0166,1.64,5.0,6,59.0,3465.0
WC-001859_202603,2026-03-01,Central,Great Plains,Industrial,Operator,1-2 Years,New (0-2yr),45.93,17.0,0.8854,0.0206,3.74,4.9,4,10.0,500.0
WC-001860_202603,2026-03-01,Central,Great Plains,E&P,Driver,5-10 Years,End-of-Life (9+yr),47.8,14.0,0.9034,0.0212,3.02,6.1,1,10.0,500.0
WC-001861_202603,2026-03-01,Central,Upper Midwest,Residential,Operator,5-10 Years,Mid-Life (3-5yr),50.25,308.0,0.856,0.017,2.12,6.0,21,463.0,29790.0
WC-001862_202603,2026-03-01,Central,Upper Midwest,Commercial,Driver,2-5 Years,Aging (6-8yr),47.37,112.0,0.874,0.0308,2.13,5.2,11,93.0,5699.0
WC-001863_202603,2026-03-01,Central,Upper Midwest,Industrial,Driver,< 1 Year,Mid-Life (3-5yr),43.2,33.0,0.9308,0.0306,2.56,3.7,2,10.0,500.0
WC-001864_202603,2026-03-01,Central,Upper Midwest,E&P,Mechanic,2-5 Years,End-of-Life (9+yr),39.09,12.0,0.9411,0.0158,1.91,6.1,3,10.0,500.0
WC-001865_202603,2026-03-01,Central,Missouri Valley,Residential,Mechanic,10+ Years,Mid-Life (3-5yr),42.19,255.0,0.9115,0.0231,2.25,3.6,20,331.0,17742.0
WC-001866_202603,2026-03-01,Central,Missouri Valley,Commercial,Driver,5-10 Years,Aging (6-8yr),38.13,134.0,0.8662,0.0232,2.42,5.4,13,63.0,3175.0
WC-001867_202603,2026-03-01,Central,Missouri Valley,Industrial,Driver,5-10 Years,New (0-2yr),50.57,37.0,0.8242,0.0259,1.84,3.6,6,10.0,500.0
WC-001868_202603,2026-03-01,Central,Missouri Valley,E&P,Mechanic,2-5 Years,End-of-Life (9+yr),41.66,14.0,0.8746,0.0215,2.69,4.0,3,10.0,500.0
WC-001869_202603,2026-03-01,Central,Ozarks,Residential,Driver,5-10 Years,New (0-2yr),54.47,300.0,0.8559,0.021,1.89,6.1,12,221.0,14486.0
WC-001870_202603,2026-03-01,Central,Ozarks,Commercial,Driver,5-10 Years,End-of-Life (9+yr),54.54,119.0,0.8562,0.0177,2.52,6.2,6,38.0,2569.0
WC-001871_202603,2026-03-01,Central,Ozarks,Industrial,Driver,1-2 Years,Mid-Life (3-5yr),43.07,29.0,0.8581,0.0164,3.3,5.4,6,12.0,698.0
WC-001872_202603,2026-03-01,Central,Ozarks,E&P,Operator,1-2 Years,New (0-2yr),41.06,17.0,0.8428,0.0164,2.75,4.7,1,10.0,500.0
WC-001873_202603,2026-03-01,Eastern,Mid-Atlantic,Residential,Mechanic,1-2 Years,New (0-2yr),47.81,326.0,0.8972,0.0265,2.23,4.3,12,128.0,7816.0
WC-001874_202603,2026-03-01,Eastern,Mid-Atlantic,Commercial,Driver,< 1 Year,New (0-2yr),44.1,98.0,0.8707,0.0232,2.34,5.3,11,86.0,4542.0
WC-001875_202603,2026-03-01,Eastern,Mid-Atlantic,Industrial,Mechanic,< 1 Year,End-of-Life (9+yr),40.41,19.0,0.9218,0.0298,2.2,4.5,7,10.0,500.0
WC-001876_202603,2026-03-01,Eastern,Mid-Atlantic,E&P,Driver,10+ Years,Mid-Life (3-5yr),47.47,20.0,0.8695,0.0264,2.54,3.7,3,10.0,500.0
WC-001877_202603,2026-03-01,Eastern,New England,Residential,Driver,10+ Years,Aging (6-8yr),48.24,320.0,0.9244,0.0299,2.3,3.6,15,292.0,17899.0
WC-001878_202603,2026-03-01,Eastern,New England,Commercial,Driver,< 1 Year,New (0-2yr),50.61,145.0,0.8457,0.0164,3.15,5.5,9,49.0,3203.0
WC-001879_202603,2026-03-01,Eastern,New England,Industrial,Helper,5-10 Years,New (0-2yr),48.4,20.0,0.8712,0.0282,2.12,3.5,5,10.0,500.0
WC-001880_202603,2026-03-01,Eastern,New England,E&P,Driver,2-5 Years,End-of-Life (9+yr),38.57,10.0,0.866,0.0233,3.09,4.4,3,10.0,500.0
WC-001881_202603,2026-03-01,Eastern,Great Lakes,Residential,Mechanic,1-2 Years,Mid-Life (3-5yr),48.24,283.0,0.852,0.0225,2.18,5.3,8,139.0,8911.0
WC-001882_202603,2026-03-01,Eastern,Great Lakes,Commercial,Operator,10+ Years,Aging (6-8yr),47.6,125.0,0.876,0.0267,2.69,6.0,13,122.0,7438.0
WC-001883_202603,2026-03-01,Eastern,Great Lakes,Industrial,Mechanic,< 1 Year,New (0-2yr),41.99,31.0,0.9537,0.0194,3.34,6.0,5,10.0,500.0
WC-001884_202603,2026-03-01,Eastern,Great Lakes,E&P,Mechanic,< 1 Year,Aging (6-8yr),49.48,15.0,0.8879,0.0265,2.14,4.7,3,10.0,500.0
WC-001885_202603,2026-03-01,Eastern,Ohio Valley,Residential,Operator,< 1 Year,Mid-Life (3-5yr),42.31,282.0,0.9073,0.0173,1.87,3.8,16,338.0,19106.0
WC-001886_202603,2026-03-01,Eastern,Ohio Valley,Commercial,Mechanic,< 1 Year,End-of-Life (9+yr),46.3,83.0,0.8848,0.0286,2.28,3.6,13,70.0,3846.0
WC-001887_202603,2026-03-01,Eastern,Ohio Valley,Industrial,Driver,10+ Years,Mid-Life (3-5yr),55.82,31.0,0.9312,0.0178,2.77,4.0,3,10.0,500.0
WC-001888_202603,2026-03-01,Eastern,Ohio Valley,E&P,Mechanic,1-2 Years,New (0-2yr),45.38,18.0,0.8628,0.0163,2.22,6.1,3,10.0,500.0
WC-001889_202603,2026-03-01,Canada,Ontario,Residential,Mechanic,2-5 Years,End-of-Life (9+yr),44.96,280.0,0.8681,0.025,3.07,3.9,13,210.0,11748.0
WC-001890_202603,2026-03-01,Canada,Ontario,Commercial,Helper,10+ Years,New (0-2yr),45.82,113.0,0.9398,0.0284,1.45,4.3,13,33.0,1834.0
WC-001891_202603,2026-03-01,Canada,Ontario,Industrial,Operator,5-10 Years,Aging (6-8yr),44.82,17.0,0.8559,0.0196,3.2,3.6,6,10.0,500.0
WC-001892_202603,2026-03-01,Canada,Ontario,E&P,Driver,5-10 Years,Mid-Life (3-5yr),40.68,12.0,0.8512,0.0189,1.55,4.6,3,10.0,500.0
WC-001893_202603,2026-03-01,Canada,Alberta,Residential,Helper,2-5 Years,End-of-Life (9+yr),46.18,254.0,0.9415,0.028,1.7,5.2,9,146.0,8107.0
WC-001894_202603,2026-03-01,Canada,Alberta,Commercial,Helper,5-10 Years,New (0-2yr),49.81,110.0,0.8909,0.0189,2.27,6.5,8,36.0,2331.0
WC-001895_202603,2026-03-01,Canada,Alberta,Industrial,Driver,< 1 Year,New (0-2yr),50.71,31.0,0.9261,0.0187,2.31,4.4,5,12.0,743.0
WC-001896_202603,2026-03-01,Canada,Alberta,E&P,Mechanic,5-10 Years,Mid-Life (3-5yr),51.4,14.0,0.9206,0.0255,1.81,5.8,1,10.0,500.0
WC-001897_202603,2026-03-01,Canada,British Columbia,Residential,Mechanic,10+ Years,End-of-Life (9+yr),43.14,314.0,0.9088,0.0185,2.71,5.4,9,144.0,8064.0
WC-001898_202603,2026-03-01,Canada,British Columbia,Commercial,Helper,5-10 Years,Mid-Life (3-5yr),41.41,117.0,0.9487,0.0179,2.82,4.8,5,33.0,1775.0
WC-001899_202603,2026-03-01,Canada,British Columbia,Industrial,Driver,< 1 Year,End-of-Life (9+yr),43.63,27.0,0.9579,0.0166,2.97,5.6,6,10.0,500.0
WC-001900_202603,2026-03-01,Canada,British Columbia,E&P,Driver,5-10 Years,New (0-2yr),41.01,19.0,0.8522,0.0192,3.08,4.3,2,10.0,500.0
WC-001901_202603,2026-03-01,Canada,Quebec,Residential,Driver,5-10 Years,New (0-2yr),50.45,263.0,0.8684,0.0161,1.74,4.2,18,353.0,21215.0
WC-001902_202603,2026-03-01,Canada,Quebec,Commercial,Driver,5-10 Years,Mid-Life (3-5yr),45.54,111.0,0.9018,0.0279,2.56,5.6,9,31.0,1669.0
WC-001903_202603,2026-03-01,Canada,Quebec,Industrial,Driver,5-10 Years,Mid-Life (3-5yr),40.88,22.0,0.883,0.022,1.59,3.9,7,10.0,500.0
WC-001904_202603,2026-03-01,Canada,Quebec,E&P,Mechanic,1-2 Years,Aging (6-8yr),44.86,12.0,0.9377,0.0232,3.5,5.4,2,10.0,500.0
WC-001905_202603,2026-03-01,MidSouth,Tennessee Valley,Residential,Operator,2-5 Years,New (0-2yr),48.05,324.0,0.9074,0.0166,2.9,4.0,8,203.0,12701.0
WC-001906_202603,2026-03-01,MidSouth,Tennessee Valley,Commercial,Driver,2-5 Years,New (0-2yr),49.06,96.0,0.896,0.022,1.5,4.6,9,64.0,3996.0
WC-001907_202603,2026-03-01,MidSouth,Tennessee Valley,Industrial,Driver,2-5 Years,Aging (6-8yr),41.51,33.0,0.9117,0.0286,3.08,3.8,3,10.0,500.0
WC-001908_202603,2026-03-01,MidSouth,Tennessee Valley,E&P,Driver,1-2 Years,Aging (6-8yr),45.71,20.0,0.9061,0.024,2.3,6.3,2,10.0,500.0
WC-001909_202603,2026-03-01,MidSouth,Mississippi Delta,Residential,Driver,1-2 Years,Aging (6-8yr),45.31,320.0,0.9169,0.0267,2.79,5.9,13,226.0,13768.0
WC-001910_202603,2026-03-01,MidSouth,Mississippi Delta,Commercial,Mechanic,5-10 Years,Mid-Life (3-5yr),53.02,86.0,0.8227,0.0284,2.89,5.1,12,59.0,3801.0
WC-001911_202603,2026-03-01,MidSouth,Mississippi Delta,Industrial,Driver,1-2 Years,New (0-2yr),40.6,28.0,0.8633,0.0287,3.11,4.5,4,10.0,500.0
WC-001912_202603,2026-03-01,MidSouth,Mississippi Delta,E&P,Operator,10+ Years,End-of-Life (9+yr),42.75,12.0,0.8673,0.0223,2.89,5.1,4,10.0,500.0
WC-001913_202603,2026-03-01,MidSouth,Arkansas,Residential,Driver,2-5 Years,Aging (6-8yr),48.22,266.0,0.9185,0.0182,2.84,5.5,24,420.0,24998.0
WC-001914_202603,2026-03-01,MidSouth,Arkansas,Commercial,Operator,5-10 Years,New (0-2yr),53.8,81.0,0.8968,0.0296,2.56,4.2,6,23.0,1537.0
WC-001915_202603,2026-03-01,MidSouth,Arkansas,Industrial,Mechanic,2-5 Years,Mid-Life (3-5yr),45.44,17.0,0.8317,0.0178,2.08,6.3,2,10.0,500.0
WC-001916_202603,2026-03-01,MidSouth,Arkansas,E&P,Driver,1-2 Years,New (0-2yr),38.83,9.0,0.8482,0.0208,1.63,5.5,2,10.0,500.0
WC-001917_202603,2026-03-01,MidSouth,Oklahoma,Residential,Driver,2-5 Years,End-of-Life (9+yr),53.21,257.0,0.9216,0.0292,1.98,5.0,23,128.0,8256.0
WC-001918_202603,2026-03-01,MidSouth,Oklahoma,Commercial,Helper,1-2 Years,New (0-2yr),41.87,109.0,0.8464,0.0268,3.25,5.1,6,38.0,1935.0
WC-001919_202603,2026-03-01,MidSouth,Oklahoma,Industrial,Driver,5-10 Years,Mid-Life (3-5yr),45.18,38.0,0.8468,0.0182,2.74,6.2,3,10.0,546.0
WC-001920_202603,2026-03-01,MidSouth,Oklahoma,E&P,Driver,5-10 Years,Mid-Life (3-5yr),45.26,18.0,0.8439,0.0293,2.51,6.1,3,10.0,500.0
WC-001921_202604,2026-04-01,Western,Pacific Northwest,Residential,Driver,1-2 Years,Mid-Life (3-5yr),50.61,337.0,0.8563,0.0249,2.48,4.6,13,348.0,23286.0
WC-001922_202604,2026-04-01,Western,Pacific Northwest,Commercial,Mechanic,< 1 Year,Mid-Life (3-5yr),50.71,112.0,0.8318,0.0182,3.28,5.1,11,31.0,1917.0
WC-001923_202604,2026-04-01,Western,Pacific Northwest,Industrial,Driver,5-10 Years,New (0-2yr),44.04,27.0,0.8532,0.0219,2.42,5.9,2,10.0,500.0
WC-001924_202604,2026-04-01,Western,Pacific Northwest,E&P,Driver,1-2 Years,End-of-Life (9+yr),49.12,18.0,0.858,0.0258,1.76,5.9,4,10.0,500.0
WC-001925_202604,2026-04-01,Western,Northern California,Residential,Mechanic,1-2 Years,Aging (6-8yr),47.7,279.0,0.9479,0.0158,3.98,5.9,10,204.0,11959.0
WC-001926_202604,2026-04-01,Western,Northern California,Commercial,Driver,1-2 Years,End-of-Life (9+yr),40.26,130.0,0.928,0.0162,1.56,5.9,7,30.0,1624.0
WC-001927_202604,2026-04-01,Western,Northern California,Industrial,Driver,1-2 Years,Mid-Life (3-5yr),39.62,35.0,0.923,0.0217,1.68,5.2,6,16.0,745.0
WC-001928_202604,2026-04-01,Western,Northern California,E&P,Helper,5-10 Years,End-of-Life (9+yr),38.22,16.0,0.9139,0.0258,2.58,4.3,2,10.0,500.0
WC-001929_202604,2026-04-01,Western,Southern California,Residential,Mechanic,5-10 Years,Mid-Life (3-5yr),42.37,306.0,0.8835,0.0284,3.61,3.9,23,266.0,14208.0
WC-001930_202604,2026-04-01,Western,Southern California,Commercial,Driver,< 1 Year,Aging (6-8yr),45.27,118.0,0.9065,0.0165,3.45,4.0,10,80.0,4711.0
WC-001931_202604,2026-04-01,Western,Southern California,Industrial,Mechanic,5-10 Years,Aging (6-8yr),45.37,27.0,0.9414,0.0163,1.83,5.3,2,10.0,500.0
WC-001932_202604,2026-04-01,Western,Southern California,E&P,Driver,1-2 Years,Mid-Life (3-5yr),42.38,10.0,0.8624,0.0256,2.07,4.6,1,10.0,500.0
WC-001933_202604,2026-04-01,Western,Mountain West,Residential,Helper,2-5 Years,Aging (6-8yr),35.75,341.0,0.8929,0.0267,2.02,5.6,23,202.0,8812.0
WC-001934_202604,2026-04-01,Western,Mountain West,Commercial,Driver,< 1 Year,Aging (6-8yr),55.54,119.0,0.9066,0.0197,3.02,3.5,13,63.0,4371.0
WC-001935_202604,2026-04-01,Western,Mountain West,Industrial,Helper,10+ Years,Mid-Life (3-5yr),43.01,37.0,0.8751,0.0172,1.85,6.7,6,14.0,738.0
WC-001936_202604,2026-04-01,Western,Mountain West,E&P,Mechanic,2-5 Years,New (0-2yr),48.26,8.0,0.9425,0.0216,1.56,5.4,4,10.0,500.0
WC-001937_202604,2026-04-01,Southern,Gulf Coast,Residential,Driver,1-2 Years,Mid-Life (3-5yr),45.11,312.0,0.8311,0.0159,2.86,3.6,22,143.0,8333.0
WC-001938_202604,2026-04-01,Southern,Gulf Coast,Commercial,Driver,5-10 Years,Mid-Life (3-5yr),49.01,119.0,0.7886,0.0201,3.69,5.4,13,83.0,5387.0
WC-001939_202604,2026-04-01,Southern,Gulf Coast,Industrial,Driver,5-10 Years,New (0-2yr),45.24,27.0,0.8391,0.0185,2.16,5.9,6,11.0,634.0
WC-001940_202604,2026-04-01,Southern,Gulf Coast,E&P,Operator,10+ Years,Mid-Life (3-5yr),47.39,18.0,0.8358,0.0169,2.18,4.8,2,10.0,500.0
WC-001941_202604,2026-04-01,Southern,Southeast Texas,Residential,Driver,5-10 Years,New (0-2yr),41.15,251.0,0.9342,0.0183,2.22,5.7,11,110.0,5672.0
WC-001942_202604,2026-04-01,Southern,Southeast Texas,Commercial,Mechanic,2-5 Years,End-of-Life (9+yr),56.73,79.0,0.8478,0.0183,2.31,4.0,8,42.0,2903.0
WC-001943_202604,2026-04-01,Southern,Southeast Texas,Industrial,Driver,1-2 Years,New (0-2yr),54.15,36.0,0.8841,0.0196,3.08,5.5,6,10.0,620.0
WC-001944_202604,2026-04-01,Southern,Southeast Texas,E&P,Driver,< 1 Year,End-of-Life (9+yr),50.57,10.0,0.9098,0.0254,2.18,4.9,3,10.0,500.0
WC-001945_202604,2026-04-01,Southern,Florida Panhandle,Residential,Driver,10+ Years,New (0-2yr),48.23,344.0,0.8984,0.0199,2.07,4.2,15,129.0,7855.0
WC-001946_202604,2026-04-01,Southern,Florida Panhandle,Commercial,Driver,5-10 Years,End-of-Life (9+yr),47.79,121.0,0.7858,0.0313,2.28,6.3,13,56.0,3564.0
WC-001947_202604,2026-04-01,Southern,Florida Panhandle,Industrial,Helper,5-10 Years,End-of-Life (9+yr),56.98,31.0,0.8318,0.0288,3.14,3.8,2,10.0,500.0
WC-001948_202604,2026-04-01,Southern,Florida Panhandle,E&P,Driver,2-5 Years,New (0-2yr),39.98,11.0,0.9211,0.0188,2.57,4.7,3,10.0,500.0
WC-001949_202604,2026-04-01,Southern,Carolinas,Residential,Operator,5-10 Years,Mid-Life (3-5yr),48.84,292.0,0.8901,0.0239,2.85,5.1,24,427.0,27818.0
WC-001950_202604,2026-04-01,Southern,Carolinas,Commercial,Driver,5-10 Years,End-of-Life (9+yr),58.54,126.0,0.8613,0.0197,3.64,5.9,8,77.0,5575.0
WC-001951_202604,2026-04-01,Southern,Carolinas,Industrial,Driver,< 1 Year,Mid-Life (3-5yr),50.58,27.0,0.8215,0.0293,3.62,3.5,2,10.0,500.0
WC-001952_202604,2026-04-01,Southern,Carolinas,E&P,Mechanic,1-2 Years,Mid-Life (3-5yr),41.07,17.0,0.8748,0.026,3.22,5.2,1,10.0,500.0
WC-001953_202604,2026-04-01,Central,Great Plains,Residential,Mechanic,1-2 Years,Aging (6-8yr),40.84,310.0,0.8742,0.0263,3.17,5.8,19,450.0,24271.0
WC-001954_202604,2026-04-01,Central,Great Plains,Commercial,Driver,10+ Years,End-of-Life (9+yr),46.45,89.0,0.8603,0.0311,2.96,5.5,11,24.0,1380.0
WC-001955_202604,2026-04-01,Central,Great Plains,Industrial,Driver,2-5 Years,New (0-2yr),45.58,33.0,0.864,0.027,2.69,3.7,2,10.0,500.0
WC-001956_202604,2026-04-01,Central,Great Plains,E&P,Mechanic,10+ Years,Aging (6-8yr),43.93,9.0,0.8901,0.0262,2.33,6.2,4,10.0,500.0
WC-001957_202604,2026-04-01,Central,Upper Midwest,Residential,Driver,< 1 Year,Aging (6-8yr),46.27,338.0,0.8941,0.0265,2.51,5.4,9,73.0,4354.0
WC-001958_202604,2026-04-01,Central,Upper Midwest,Commercial,Mechanic,2-5 Years,Aging (6-8yr),48.61,91.0,0.8144,0.0215,2.46,4.7,11,39.0,2307.0
WC-001959_202604,2026-04-01,Central,Upper Midwest,Industrial,Driver,2-5 Years,End-of-Life (9+yr),50.9,32.0,0.8484,0.0197,2.23,3.9,4,10.0,602.0
WC-001960_202604,2026-04-01,Central,Upper Midwest,E&P,Helper,< 1 Year,Mid-Life (3-5yr),43.88,10.0,0.8684,0.0196,1.82,4.0,2,10.0,500.0
WC-001961_202604,2026-04-01,Central,Missouri Valley,Residential,Driver,2-5 Years,New (0-2yr),51.96,277.0,0.912,0.0241,2.4,4.2,16,305.0,19892.0
WC-001962_202604,2026-04-01,Central,Missouri Valley,Commercial,Driver,5-10 Years,Aging (6-8yr),49.03,127.0,0.8101,0.0315,1.98,3.4,10,73.0,4218.0
WC-001963_202604,2026-04-01,Central,Missouri Valley,Industrial,Helper,10+ Years,End-of-Life (9+yr),52.56,25.0,0.8595,0.0238,2.86,5.8,7,11.0,674.0
WC-001964_202604,2026-04-01,Central,Missouri Valley,E&P,Driver,< 1 Year,Mid-Life (3-5yr),53.94,13.0,0.9037,0.0306,2.29,3.7,3,10.0,500.0
WC-001965_202604,2026-04-01,Central,Ozarks,Residential,Operator,10+ Years,Aging (6-8yr),39.78,286.0,0.8641,0.0286,2.82,6.3,19,303.0,14853.0
WC-001966_202604,2026-04-01,Central,Ozarks,Commercial,Driver,2-5 Years,New (0-2yr),47.34,94.0,0.8142,0.0302,2.74,4.4,12,85.0,5264.0
WC-001967_202604,2026-04-01,Central,Ozarks,Industrial,Driver,< 1 Year,End-of-Life (9+yr),51.61,18.0,0.8256,0.0214,2.86,5.1,3,10.0,500.0
WC-001968_202604,2026-04-01,Central,Ozarks,E&P,Mechanic,5-10 Years,New (0-2yr),43.03,11.0,0.839,0.0303,2.95,3.9,3,10.0,500.0
WC-001969_202604,2026-04-01,Eastern,Mid-Atlantic,Residential,Driver,1-2 Years,New (0-2yr),43.61,320.0,0.9424,0.0245,2.66,6.2,14,213.0,10713.0
WC-001970_202604,2026-04-01,Eastern,Mid-Atlantic,Commercial,Driver,< 1 Year,New (0-2yr),48.22,108.0,0.8978,0.0236,3.28,5.0,8,18.0,1153.0
WC-001971_202604,2026-04-01,Eastern,Mid-Atlantic,Industrial,Driver,5-10 Years,End-of-Life (9+yr),41.48,23.0,0.8692,0.0204,2.22,5.2,7,10.0,500.0
WC-001972_202604,2026-04-01,Eastern,Mid-Atlantic,E&P,Driver,2-5 Years,Mid-Life (3-5yr),51.84,12.0,0.8562,0.0157,2.37,4.6,4,10.0,500.0
WC-001973_202604,2026-04-01,Eastern,New England,Residential,Driver,1-2 Years,Aging (6-8yr),42.25,327.0,0.8992,0.0261,1.75,5.2,18,399.0,22277.0
WC-001974_202604,2026-04-01,Eastern,New England,Commercial,Driver,< 1 Year,End-of-Life (9+yr),43.7,133.0,0.9067,0.0178,2.7,6.2,7,67.0,3617.0
WC-001975_202604,2026-04-01,Eastern,New England,Industrial,Driver,1-2 Years,New (0-2yr),45.81,37.0,0.9348,0.02,3.1,5.6,7,20.0,1194.0
WC-001976_202604,2026-04-01,Eastern,New England,E&P,Operator,5-10 Years,Aging (6-8yr),42.16,13.0,0.8249,0.0221,2.65,5.0,3,10.0,500.0
WC-001977_202604,2026-04-01,Eastern,Great Lakes,Residential,Operator,< 1 Year,Aging (6-8yr),41.26,286.0,0.8831,0.0216,1.87,6.3,24,278.0,13637.0
WC-001978_202604,2026-04-01,Eastern,Great Lakes,Commercial,Driver,2-5 Years,Mid-Life (3-5yr),40.16,138.0,0.8212,0.0274,2.85,5.1,9,51.0,2674.0
WC-001979_202604,2026-04-01,Eastern,Great Lakes,Industrial,Operator,10+ Years,End-of-Life (9+yr),42.83,35.0,0.9255,0.0242,1.76,4.8,5,10.0,500.0
WC-001980_202604,2026-04-01,Eastern,Great Lakes,E&P,Mechanic,2-5 Years,Aging (6-8yr),43.2,16.0,0.8672,0.0259,3.22,5.3,4,10.0,500.0
WC-001981_202604,2026-04-01,Eastern,Ohio Valley,Residential,Driver,5-10 Years,Mid-Life (3-5yr),46.31,353.0,0.8816,0.0288,3.59,6.3,12,145.0,8718.0
WC-001982_202604,2026-04-01,Eastern,Ohio Valley,Commercial,Driver,5-10 Years,New (0-2yr),42.29,115.0,0.8429,0.0286,2.55,4.5,11,45.0,2241.0
WC-001983_202604,2026-04-01,Eastern,Ohio Valley,Industrial,Helper,1-2 Years,Mid-Life (3-5yr),50.29,36.0,0.9194,0.0227,2.12,5.8,5,10.0,500.0
WC-001984_202604,2026-04-01,Eastern,Ohio Valley,E&P,Driver,1-2 Years,Mid-Life (3-5yr),53.31,15.0,0.9092,0.0156,2.33,3.8,1,10.0,500.0
WC-001985_202604,2026-04-01,Canada,Ontario,Residential,Driver,10+ Years,Aging (6-8yr),36.84,272.0,0.8836,0.0198,1.96,5.0,9,147.0,6392.0
WC-001986_202604,2026-04-01,Canada,Ontario,Commercial,Helper,2-5 Years,Mid-Life (3-5yr),46.03,132.0,0.9363,0.0268,1.77,4.3,6,22.0,1219.0
WC-001987_202604,2026-04-01,Canada,Ontario,Industrial,Mechanic,1-2 Years,New (0-2yr),46.67,21.0,0.8713,0.0241,3.26,5.8,4,10.0,500.0
WC-001988_202604,2026-04-01,Canada,Ontario,E&P,Driver,10+ Years,Aging (6-8yr),43.04,12.0,0.8867,0.0153,1.68,6.2,4,10.0,500.0
WC-001989_202604,2026-04-01,Canada,Alberta,Residential,Driver,2-5 Years,Aging (6-8yr),48.07,261.0,0.8996,0.0249,3.1,4.6,9,187.0,11714.0
WC-001990_202604,2026-04-01,Canada,Alberta,Commercial,Driver,1-2 Years,Aging (6-8yr),49.98,138.0,0.9399,0.0262,2.8,5.7,11,98.0,6511.0
WC-001991_202604,2026-04-01,Canada,Alberta,Industrial,Mechanic,< 1 Year,Aging (6-8yr),46.19,16.0,0.8908,0.0171,2.55,6.4,5,10.0,500.0
WC-001992_202604,2026-04-01,Canada,Alberta,E&P,Operator,5-10 Years,New (0-2yr),47.17,12.0,0.8846,0.0192,1.5,4.7,2,10.0,500.0
WC-001993_202604,2026-04-01,Canada,British Columbia,Residential,Mechanic,1-2 Years,Mid-Life (3-5yr),46.29,342.0,0.8712,0.023,2.91,4.3,18,490.0,29465.0
WC-001994_202604,2026-04-01,Canada,British Columbia,Commercial,Helper,10+ Years,End-of-Life (9+yr),49.13,111.0,0.9143,0.0162,2.66,5.1,9,76.0,4748.0
WC-001995_202604,2026-04-01,Canada,British Columbia,Industrial,Driver,5-10 Years,Aging (6-8yr),43.29,37.0,0.9043,0.0192,1.74,5.5,2,10.0,500.0
WC-001996_202604,2026-04-01,Canada,British Columbia,E&P,Mechanic,< 1 Year,New (0-2yr),41.36,9.0,0.9059,0.0224,2.56,3.8,1,10.0,500.0
WC-001997_202604,2026-04-01,Canada,Quebec,Residential,Driver,1-2 Years,Aging (6-8yr),39.67,275.0,0.8841,0.0247,3.15,6.0,14,263.0,13804.0
WC-001998_202604,2026-04-01,Canada,Quebec,Commercial,Helper,5-10 Years,New (0-2yr),40.6,98.0,0.8783,0.0216,2.45,3.4,14,32.0,1678.0
WC-001999_202604,2026-04-01,Canada,Quebec,Industrial,Helper,2-5 Years,Mid-Life (3-5yr),39.51,25.0,0.9144,0.029,3.0,5.0,6,10.0,500.0
WC-002000_202604,2026-04-01,Canada,Quebec,E&P,Driver,< 1 Year,Mid-Life (3-5yr),39.03,12.0,0.9023,0.0275,1.69,4.5,3,10.0,500.0
WC-002001_202604,2026-04-01,MidSouth,Tennessee Valley,Residential,Driver,5-10 Years,New (0-2yr),53.32,287.0,0.8907,0.0209,2.23,5.0,16,242.0,15799.0
WC-002002_202604,2026-04-01,MidSouth,Tennessee Valley,Commercial,Mechanic,< 1 Year,Mid-Life (3-5yr),42.63,98.0,0.853,0.0266,2.05,6.0,10,65.0,3376.0
WC-002003_202604,2026-04-01,MidSouth,Tennessee Valley,Industrial,Driver,10+ Years,End-of-Life (9+yr),49.26,29.0,0.8679,0.0215,1.84,5.0,2,10.0,500.0
WC-002004_202604,2026-04-01,MidSouth,Tennessee Valley,E&P,Driver,10+ Years,Mid-Life (3-5yr),49.93,10.0,0.9149,0.0201,3.38,6.2,1,10.0,500.0
WC-002005_202604,2026-04-01,MidSouth,Mississippi Delta,Residential,Mechanic,1-2 Years,New (0-2yr),49.59,341.0,0.8723,0.0242,2.56,5.2,13,125.0,8107.0
WC-002006_202604,2026-04-01,MidSouth,Mississippi Delta,Commercial,Driver,< 1 Year,Aging (6-8yr),42.85,77.0,0.8364,0.03,3.1,5.7,9,26.0,1416.0
WC-002007_202604,2026-04-01,MidSouth,Mississippi Delta,Industrial,Driver,5-10 Years,End-of-Life (9+yr),42.82,27.0,0.9104,0.0189,1.8,5.5,2,10.0,500.0
WC-002008_202604,2026-04-01,MidSouth,Mississippi Delta,E&P,Driver,1-2 Years,Aging (6-8yr),52.47,19.0,0.9154,0.0225,2.37,5.8,3,10.0,500.0
WC-002009_202604,2026-04-01,MidSouth,Arkansas,Residential,Mechanic,1-2 Years,End-of-Life (9+yr),48.71,285.0,0.8633,0.0277,1.64,6.5,15,235.0,15386.0
WC-002010_202604,2026-04-01,MidSouth,Arkansas,Commercial,Driver,5-10 Years,Aging (6-8yr),45.65,134.0,0.866,0.0215,3.1,5.1,6,37.0,2235.0
WC-002011_202604,2026-04-01,MidSouth,Arkansas,Industrial,Operator,1-2 Years,Mid-Life (3-5yr),42.15,29.0,0.9173,0.0189,3.69,5.5,7,10.0,528.0
WC-002012_202604,2026-04-01,MidSouth,Arkansas,E&P,Driver,< 1 Year,Mid-Life (3-5yr),50.64,14.0,0.8905,0.019,3.08,5.4,2,10.0,500.0
WC-002013_202604,2026-04-01,MidSouth,Oklahoma,Residential,Driver,2-5 Years,Mid-Life (3-5yr),47.37,275.0,0.8496,0.0301,2.72,5.4,20,318.0,18739.0
WC-002014_202604,2026-04-01,MidSouth,Oklahoma,Commercial,Operator,1-2 Years,Mid-Life (3-5yr),51.79,79.0,0.8626,0.0233,3.52,4.6,11,28.0,1699.0
WC-002015_202604,2026-04-01,MidSouth,Oklahoma,Industrial,Driver,10+ Years,Mid-Life (3-5yr),55.9,36.0,0.8911,0.022,1.8,6.1,2,10.0,500.0
WC-002016_202604,2026-04-01,MidSouth,Oklahoma,E&P,Driver,10+ Years,New (0-2yr),55.91,12.0,0.8846,0.0188,1.6,4.9,3,10.0,500.0
WC-002017_202605,2026-05-01,Western,Pacific Northwest,Residential,Operator,2-5 Years,New (0-2yr),50.79,289.0,0.8382,0.0187,2.79,5.1,20,139.0,9239.0
WC-002018_202605,2026-05-01,Western,Pacific Northwest,Commercial,Driver,5-10 Years,Mid-Life (3-5yr),51.48,117.0,0.8665,0.0166,1.88,4.1,7,29.0,1877.0
WC-002019_202605,2026-05-01,Western,Pacific Northwest,Industrial,Driver,1-2 Years,Mid-Life (3-5yr),49.43,29.0,0.8754,0.0305,2.89,5.4,2,10.0,500.0
WC-002020_202605,2026-05-01,Western,Pacific Northwest,E&P,Mechanic,10+ Years,Aging (6-8yr),43.93,16.0,0.9204,0.0162,3.44,5.2,1,10.0,500.0
WC-002021_202605,2026-05-01,Western,Northern California,Residential,Driver,2-5 Years,Aging (6-8yr),38.89,266.0,0.8801,0.0224,1.77,4.4,20,424.0,19290.0
WC-002022_202605,2026-05-01,Western,Northern California,Commercial,Driver,5-10 Years,Mid-Life (3-5yr),37.91,108.0,0.9171,0.0305,3.0,5.1,8,53.0,2381.0
WC-002023_202605,2026-05-01,Western,Northern California,Industrial,Driver,1-2 Years,New (0-2yr),54.41,39.0,0.8632,0.0175,3.0,3.4,6,10.0,500.0
WC-002024_202605,2026-05-01,Western,Northern California,E&P,Operator,2-5 Years,New (0-2yr),51.14,19.0,0.9641,0.0161,3.47,3.7,4,10.0,500.0
WC-002025_202605,2026-05-01,Western,Southern California,Residential,Driver,5-10 Years,Aging (6-8yr),49.37,274.0,0.9615,0.0298,3.16,6.2,13,121.0,7185.0
WC-002026_202605,2026-05-01,Western,Southern California,Commercial,Driver,< 1 Year,Mid-Life (3-5yr),48.8,121.0,0.917,0.0187,2.03,5.3,8,26.0,1484.0
WC-002027_202605,2026-05-01,Western,Southern California,Industrial,Mechanic,< 1 Year,New (0-2yr),50.42,30.0,0.9196,0.0173,1.96,5.4,7,12.0,706.0
WC-002028_202605,2026-05-01,Western,Southern California,E&P,Mechanic,2-5 Years,End-of-Life (9+yr),41.77,12.0,0.8607,0.0248,1.95,5.7,4,10.0,500.0
WC-002029_202605,2026-05-01,Western,Mountain West,Residential,Driver,2-5 Years,Mid-Life (3-5yr),47.4,322.0,0.9488,0.0298,1.55,3.7,12,239.0,14089.0
WC-002030_202605,2026-05-01,Western,Mountain West,Commercial,Driver,5-10 Years,New (0-2yr),42.67,129.0,0.8814,0.0243,2.74,5.8,13,100.0,5708.0
WC-002031_202605,2026-05-01,Western,Mountain West,Industrial,Driver,5-10 Years,Aging (6-8yr),48.29,33.0,0.8677,0.0242,1.93,4.1,2,10.0,500.0
WC-002032_202605,2026-05-01,Western,Mountain West,E&P,Operator,5-10 Years,Mid-Life (3-5yr),44.12,18.0,0.9536,0.0211,3.18,5.4,3,10.0,500.0
WC-002033_202605,2026-05-01,Southern,Gulf Coast,Residential,Helper,1-2 Years,Mid-Life (3-5yr),54.65,278.0,0.8398,0.0303,2.06,4.9,13,185.0,12118.0
WC-002034_202605,2026-05-01,Southern,Gulf Coast,Commercial,Driver,10+ Years,Mid-Life (3-5yr),56.79,104.0,0.7758,0.0319,3.44,4.3,6,32.0,2365.0
WC-002035_202605,2026-05-01,Southern,Gulf Coast,Industrial,Mechanic,1-2 Years,Aging (6-8yr),47.52,25.0,0.8465,0.0299,3.77,3.7,6,10.0,562.0
WC-002036_202605,2026-05-01,Southern,Gulf Coast,E&P,Driver,2-5 Years,End-of-Life (9+yr),50.68,9.0,0.9206,0.0217,3.21,3.6,3,10.0,500.0
WC-002037_202605,2026-05-01,Southern,Southeast Texas,Residential,Helper,2-5 Years,Mid-Life (3-5yr),49.34,290.0,0.8623,0.0178,1.52,4.4,18,349.0,21748.0
WC-002038_202605,2026-05-01,Southern,Southeast Texas,Commercial,Driver,< 1 Year,Aging (6-8yr),59.62,66.0,0.8151,0.0343,2.93,4.6,13,64.0,4498.0
WC-002039_202605,2026-05-01,Southern,Southeast Texas,Industrial,Mechanic,5-10 Years,Aging (6-8yr),49.42,34.0,0.8207,0.0342,3.01,5.6,4,10.0,500.0
WC-002040_202605,2026-05-01,Southern,Southeast Texas,E&P,Driver,< 1 Year,Mid-Life (3-5yr),54.11,12.0,0.8937,0.0285,3.2,6.2,4,10.0,500.0
WC-002041_202605,2026-05-01,Southern,Florida Panhandle,Residential,Mechanic,5-10 Years,Mid-Life (3-5yr),41.65,303.0,0.8624,0.0202,3.54,6.2,11,83.0,4294.0
WC-002042_202605,2026-05-01,Southern,Florida Panhandle,Commercial,Driver,1-2 Years,Aging (6-8yr),56.81,92.0,0.7619,0.032,2.67,3.9,9,18.0,1182.0
WC-002043_202605,2026-05-01,Southern,Florida Panhandle,Industrial,Driver,2-5 Years,New (0-2yr),60.2,14.0,0.7959,0.0269,2.6,3.5,5,10.0,500.0
WC-002044_202605,2026-05-01,Southern,Florida Panhandle,E&P,Mechanic,5-10 Years,New (0-2yr),39.9,16.0,0.8522,0.0252,3.07,3.9,1,10.0,500.0
WC-002045_202605,2026-05-01,Southern,Carolinas,Residential,Mechanic,1-2 Years,Aging (6-8yr),44.96,249.0,0.8913,0.0307,3.38,6.2,16,152.0,8144.0
WC-002046_202605,2026-05-01,Southern,Carolinas,Commercial,Operator,< 1 Year,Mid-Life (3-5yr),64.93,110.0,0.8264,0.0245,2.9,5.9,14,38.0,3195.0
WC-002047_202605,2026-05-01,Southern,Carolinas,Industrial,Mechanic,< 1 Year,New (0-2yr),51.29,23.0,0.8405,0.0215,3.63,4.2,3,10.0,500.0
WC-002048_202605,2026-05-01,Southern,Carolinas,E&P,Driver,5-10 Years,Mid-Life (3-5yr),47.17,13.0,0.8656,0.0243,3.02,4.3,2,10.0,500.0
WC-002049_202605,2026-05-01,Central,Great Plains,Residential,Driver,2-5 Years,New (0-2yr),51.33,321.0,0.8121,0.0296,3.29,3.4,17,202.0,13751.0
WC-002050_202605,2026-05-01,Central,Great Plains,Commercial,Mechanic,< 1 Year,Aging (6-8yr),50.24,89.0,0.8316,0.0347,3.84,5.4,13,32.0,1924.0
WC-002051_202605,2026-05-01,Central,Great Plains,Industrial,Driver,1-2 Years,Aging (6-8yr),48.16,23.0,0.8429,0.028,3.04,3.5,3,10.0,500.0
WC-002052_202605,2026-05-01,Central,Great Plains,E&P,Driver,< 1 Year,New (0-2yr),42.62,14.0,0.9012,0.0297,1.68,6.1,1,10.0,500.0
WC-002053_202605,2026-05-01,Central,Upper Midwest,Residential,Mechanic,< 1 Year,New (0-2yr),40.85,326.0,0.8666,0.0205,1.71,6.2,11,243.0,12652.0
WC-002054_202605,2026-05-01,Central,Upper Midwest,Commercial,Driver,2-5 Years,Aging (6-8yr),50.33,122.0,0.8262,0.0281,3.66,3.5,7,19.0,1275.0
WC-002055_202605,2026-05-01,Central,Upper Midwest,Industrial,Driver,1-2 Years,Aging (6-8yr),56.09,19.0,0.8303,0.0333,1.81,6.0,7,10.0,517.0
WC-002056_202605,2026-05-01,Central,Upper Midwest,E&P,Driver,5-10 Years,New (0-2yr),49.91,8.0,0.9023,0.0301,2.85,5.6,3,10.0,500.0
WC-002057_202605,2026-05-01,Central,Missouri Valley,Residential,Driver,2-5 Years,New (0-2yr),54.75,240.0,0.859,0.027,1.9,4.1,9,168.0,11314.0
WC-002058_202605,2026-05-01,Central,Missouri Valley,Commercial,Helper,1-2 Years,Mid-Life (3-5yr),54.75,129.0,0.8036,0.0199,2.75,4.9,7,46.0,3320.0
WC-002059_202605,2026-05-01,Central,Missouri Valley,Industrial,Helper,< 1 Year,Aging (6-8yr),52.29,28.0,0.8119,0.0171,3.41,5.3,5,10.0,620.0
WC-002060_202605,2026-05-01,Central,Missouri Valley,E&P,Driver,1-2 Years,New (0-2yr),40.58,14.0,0.8759,0.0213,2.72,5.2,2,10.0,500.0
WC-002061_202605,2026-05-01,Central,Ozarks,Residential,Driver,1-2 Years,Mid-Life (3-5yr),45.94,311.0,0.8152,0.0214,2.83,5.2,20,245.0,13756.0
WC-002062_202605,2026-05-01,Central,Ozarks,Commercial,Mechanic,2-5 Years,End-of-Life (9+yr),57.93,118.0,0.8275,0.0265,2.91,4.4,5,37.0,2866.0
WC-002063_202605,2026-05-01,Central,Ozarks,Industrial,Mechanic,2-5 Years,Mid-Life (3-5yr),57.66,15.0,0.8386,0.0337,3.42,4.9,5,10.0,500.0
WC-002064_202605,2026-05-01,Central,Ozarks,E&P,Driver,10+ Years,New (0-2yr),49.66,19.0,0.9297,0.0226,3.39,4.2,2,10.0,500.0
WC-002065_202605,2026-05-01,Eastern,Mid-Atlantic,Residential,Driver,5-10 Years,Aging (6-8yr),48.0,291.0,0.8995,0.0183,2.27,3.8,18,299.0,17853.0
WC-002066_202605,2026-05-01,Eastern,Mid-Atlantic,Commercial,Mechanic,10+ Years,Aging (6-8yr),45.25,78.0,0.887,0.0238,3.1,4.5,12,29.0,1498.0
WC-002067_202605,2026-05-01,Eastern,Mid-Atlantic,Industrial,Driver,< 1 Year,End-of-Life (9+yr),51.57,20.0,0.8933,0.0276,3.0,4.2,3,10.0,500.0
WC-002068_202605,2026-05-01,Eastern,Mid-Atlantic,E&P,Driver,5-10 Years,End-of-Life (9+yr),51.4,17.0,0.9177,0.0292,2.08,3.8,4,10.0,500.0
WC-002069_202605,2026-05-01,Eastern,New England,Residential,Driver,5-10 Years,New (0-2yr),45.44,325.0,0.8914,0.0241,2.09,5.2,20,505.0,26727.0
WC-002070_202605,2026-05-01,Eastern,New England,Commercial,Operator,5-10 Years,New (0-2yr),45.64,87.0,0.8077,0.0231,2.75,5.9,9,29.0,1552.0
WC-002071_202605,2026-05-01,Eastern,New England,Industrial,Driver,10+ Years,Mid-Life (3-5yr),39.86,19.0,0.9223,0.0286,2.29,4.7,3,10.0,500.0
WC-002072_202605,2026-05-01,Eastern,New England,E&P,Driver,2-5 Years,Aging (6-8yr),42.58,10.0,0.8866,0.0293,3.15,6.2,4,10.0,500.0
WC-002073_202605,2026-05-01,Eastern,Great Lakes,Residential,Driver,5-10 Years,Aging (6-8yr),51.6,343.0,0.8773,0.0302,3.26,4.9,12,137.0,9201.0
WC-002074_202605,2026-05-01,Eastern,Great Lakes,Commercial,Driver,2-5 Years,Mid-Life (3-5yr),47.35,136.0,0.8644,0.0252,2.41,6.0,5,48.0,2994.0
WC-002075_202605,2026-05-01,Eastern,Great Lakes,Industrial,Mechanic,5-10 Years,Mid-Life (3-5yr),42.49,35.0,0.9111,0.0157,2.44,3.3,5,10.0,500.0
WC-002076_202605,2026-05-01,Eastern,Great Lakes,E&P,Driver,2-5 Years,Mid-Life (3-5yr),42.12,16.0,0.9266,0.0277,1.84,6.0,2,10.0,500.0
WC-002077_202605,2026-05-01,Eastern,Ohio Valley,Residential,Driver,2-5 Years,End-of-Life (9+yr),40.99,277.0,0.8834,0.0263,2.89,5.2,22,186.0,9014.0
WC-002078_202605,2026-05-01,Eastern,Ohio Valley,Commercial,Driver,1-2 Years,New (0-2yr),56.7,105.0,0.9175,0.0192,3.37,5.5,8,33.0,2418.0
WC-002079_202605,2026-05-01,Eastern,Ohio Valley,Industrial,Mechanic,2-5 Years,Aging (6-8yr),52.09,14.0,0.8227,0.0293,2.59,6.3,3,10.0,500.0
WC-002080_202605,2026-05-01,Eastern,Ohio Valley,E&P,Mechanic,< 1 Year,End-of-Life (9+yr),39.52,11.0,0.8681,0.0172,2.03,3.8,3,10.0,500.0
WC-002081_202605,2026-05-01,Canada,Ontario,Residential,Operator,< 1 Year,Aging (6-8yr),43.0,333.0,0.9224,0.028,2.97,4.3,11,211.0,10931.0
WC-002082_202605,2026-05-01,Canada,Ontario,Commercial,Operator,1-2 Years,Aging (6-8yr),40.51,136.0,0.8844,0.019,1.45,6.4,14,128.0,6547.0
WC-002083_202605,2026-05-01,Canada,Ontario,Industrial,Operator,2-5 Years,Mid-Life (3-5yr),49.17,20.0,0.8878,0.022,2.62,3.7,7,10.0,500.0
WC-002084_202605,2026-05-01,Canada,Ontario,E&P,Driver,< 1 Year,Mid-Life (3-5yr),49.33,17.0,0.9391,0.0245,2.22,6.4,1,10.0,500.0
WC-002085_202605,2026-05-01,Canada,Alberta,Residential,Driver,2-5 Years,Mid-Life (3-5yr),45.67,274.0,0.9256,0.0288,1.49,5.7,16,343.0,20332.0
WC-002086_202605,2026-05-01,Canada,Alberta,Commercial,Operator,5-10 Years,End-of-Life (9+yr),46.8,112.0,0.9577,0.0152,2.22,4.0,12,107.0,6402.0
WC-002087_202605,2026-05-01,Canada,Alberta,Industrial,Driver,2-5 Years,Mid-Life (3-5yr),35.46,40.0,0.9574,0.0214,3.26,5.1,7,10.0,500.0
WC-002088_202605,2026-05-01,Canada,Alberta,E&P,Operator,5-10 Years,New (0-2yr),48.7,15.0,0.9031,0.0218,3.31,5.7,2,10.0,500.0
WC-002089_202605,2026-05-01,Canada,British Columbia,Residential,Driver,1-2 Years,New (0-2yr),45.59,327.0,0.942,0.0159,1.9,5.1,9,180.0,10307.0
WC-002090_202605,2026-05-01,Canada,British Columbia,Commercial,Operator,2-5 Years,Mid-Life (3-5yr),38.07,130.0,0.8807,0.0247,1.91,3.9,5,49.0,2434.0
WC-002091_202605,2026-05-01,Canada,British Columbia,Industrial,Mechanic,1-2 Years,End-of-Life (9+yr),38.1,23.0,0.9008,0.0256,2.49,3.9,5,10.0,500.0
WC-002092_202605,2026-05-01,Canada,British Columbia,E&P,Mechanic,5-10 Years,New (0-2yr),44.11,11.0,0.9039,0.0198,2.93,3.9,2,10.0,500.0
WC-002093_202605,2026-05-01,Canada,Quebec,Residential,Driver,2-5 Years,Aging (6-8yr),48.84,349.0,0.917,0.0212,3.32,6.6,11,271.0,17485.0
WC-002094_202605,2026-05-01,Canada,Quebec,Commercial,Driver,2-5 Years,Aging (6-8yr),50.34,92.0,0.9299,0.0189,1.96,4.0,12,41.0,2581.0
WC-002095_202605,2026-05-01,Canada,Quebec,Industrial,Operator,2-5 Years,End-of-Life (9+yr),44.17,40.0,0.8416,0.0178,2.18,6.2,4,11.0,572.0
WC-002096_202605,2026-05-01,Canada,Quebec,E&P,Driver,5-10 Years,New (0-2yr),45.46,8.0,0.9213,0.0161,1.85,3.7,3,10.0,500.0
WC-002097_202605,2026-05-01,MidSouth,Tennessee Valley,Residential,Driver,5-10 Years,Aging (6-8yr),46.01,249.0,0.8987,0.028,2.64,3.7,24,407.0,22574.0
WC-002098_202605,2026-05-01,MidSouth,Tennessee Valley,Commercial,Mechanic,10+ Years,Aging (6-8yr),44.23,76.0,0.8884,0.0278,1.92,4.7,11,54.0,3016.0
WC-002099_202605,2026-05-01,MidSouth,Tennessee Valley,Industrial,Driver,5-10 Years,Mid-Life (3-5yr),44.2,14.0,0.9068,0.0211,1.68,3.7,6,10.0,500.0
WC-002100_202605,2026-05-01,MidSouth,Tennessee Valley,E&P,Operator,5-10 Years,New (0-2yr),49.16,18.0,0.8862,0.027,2.2,3.8,4,10.0,500.0
WC-002101_202605,2026-05-01,MidSouth,Mississippi Delta,Residential,Mechanic,5-10 Years,New (0-2yr),43.88,249.0,0.9266,0.0166,2.09,4.2,18,292.0,16217.0
WC-002102_202605,2026-05-01,MidSouth,Mississippi Delta,Commercial,Operator,2-5 Years,Aging (6-8yr),47.52,121.0,0.8498,0.0292,2.34,5.9,11,28.0,1608.0
WC-002103_202605,2026-05-01,MidSouth,Mississippi Delta,Industrial,Driver,10+ Years,Mid-Life (3-5yr),44.8,21.0,0.9156,0.0315,3.33,4.5,5,10.0,500.0
WC-002104_202605,2026-05-01,MidSouth,Mississippi Delta,E&P,Driver,2-5 Years,End-of-Life (9+yr),40.76,12.0,0.9159,0.0228,3.13,5.4,1,10.0,500.0
WC-002105_202605,2026-05-01,MidSouth,Arkansas,Residential,Driver,10+ Years,Mid-Life (3-5yr),51.84,269.0,0.909,0.021,3.81,4.2,18,384.0,25073.0
WC-002106_202605,2026-05-01,MidSouth,Arkansas,Commercial,Mechanic,5-10 Years,End-of-Life (9+yr),43.67,121.0,0.794,0.0236,2.04,5.5,5,48.0,2546.0
WC-002107_202605,2026-05-01,MidSouth,Arkansas,Industrial,Operator,1-2 Years,New (0-2yr),50.89,22.0,0.8443,0.0317,2.65,5.8,3,10.0,500.0
WC-002108_202605,2026-05-01,MidSouth,Arkansas,E&P,Mechanic,1-2 Years,Mid-Life (3-5yr),49.64,16.0,0.9072,0.0238,3.38,4.4,2,10.0,500.0
WC-002109_202605,2026-05-01,MidSouth,Oklahoma,Residential,Mechanic,5-10 Years,New (0-2yr),50.18,302.0,0.848,0.0232,3.44,4.0,18,371.0,21599.0
WC-002110_202605,2026-05-01,MidSouth,Oklahoma,Commercial,Operator,1-2 Years,Aging (6-8yr),48.46,111.0,0.8082,0.0321,2.72,6.1,13,106.0,6022.0
WC-002111_202605,2026-05-01,MidSouth,Oklahoma,Industrial,Operator,2-5 Years,Mid-Life (3-5yr),49.82,23.0,0.837,0.0294,1.84,5.1,2,10.0,500.0
WC-002112_202605,2026-05-01,MidSouth,Oklahoma,E&P,Driver,10+ Years,End-of-Life (9+yr),54.84,8.0,0.9086,0.0271,1.65,5.4,1,10.0,500.0
WC-002113_202606,2026-06-01,Western,Pacific Northwest,Residential,Driver,1-2 Years,New (0-2yr),52.74,248.0,0.9361,0.0192,1.64,4.6,11,142.0,8796.0
WC-002114_202606,2026-06-01,Western,Pacific Northwest,Commercial,Driver,5-10 Years,Aging (6-8yr),42.35,79.0,0.8454,0.019,1.58,3.7,7,22.0,1258.0
WC-002115_202606,2026-06-01,Western,Pacific Northwest,Industrial,Helper,10+ Years,Mid-Life (3-5yr),44.89,37.0,0.9019,0.0265,2.36,6.1,6,13.0,768.0
WC-002116_202606,2026-06-01,Western,Pacific Northwest,E&P,Operator,< 1 Year,Mid-Life (3-5yr),40.9,13.0,0.8316,0.0192,2.94,3.9,1,10.0,500.0
WC-002117_202606,2026-06-01,Western,Northern California,Residential,Driver,5-10 Years,Aging (6-8yr),47.45,280.0,0.9373,0.0281,2.86,4.4,10,113.0,6810.0
WC-002118_202606,2026-06-01,Western,Northern California,Commercial,Operator,10+ Years,Aging (6-8yr),41.61,109.0,0.8872,0.0277,1.62,4.0,12,72.0,3848.0
WC-002119_202606,2026-06-01,Western,Northern California,Industrial,Driver,5-10 Years,Aging (6-8yr),41.4,33.0,0.8679,0.0173,2.2,6.0,4,10.0,500.0
WC-002120_202606,2026-06-01,Western,Northern California,E&P,Helper,5-10 Years,Mid-Life (3-5yr),42.96,16.0,0.8942,0.0233,2.78,5.1,3,10.0,500.0
WC-002121_202606,2026-06-01,Western,Southern California,Residential,Driver,5-10 Years,Aging (6-8yr),42.03,297.0,0.8811,0.0188,2.42,5.9,11,174.0,8806.0
WC-002122_202606,2026-06-01,Western,Southern California,Commercial,Driver,5-10 Years,End-of-Life (9+yr),41.74,135.0,0.8826,0.0174,2.89,5.7,5,48.0,2566.0
WC-002123_202606,2026-06-01,Western,Southern California,Industrial,Driver,1-2 Years,End-of-Life (9+yr),47.13,31.0,0.9174,0.029,2.7,4.1,2,10.0,500.0
WC-002124_202606,2026-06-01,Western,Southern California,E&P,Driver,2-5 Years,New (0-2yr),39.35,20.0,0.9253,0.0199,3.49,5.6,2,10.0,500.0
WC-002125_202606,2026-06-01,Western,Mountain West,Residential,Driver,2-5 Years,End-of-Life (9+yr),48.75,288.0,0.8959,0.0173,2.76,5.1,21,266.0,17320.0
WC-002126_202606,2026-06-01,Western,Mountain West,Commercial,Mechanic,1-2 Years,Mid-Life (3-5yr),44.77,135.0,0.9099,0.02,2.44,5.0,8,77.0,4586.0
WC-002127_202606,2026-06-01,Western,Mountain West,Industrial,Mechanic,10+ Years,Mid-Life (3-5yr),46.08,38.0,0.8562,0.0281,2.39,6.4,3,10.0,500.0
WC-002128_202606,2026-06-01,Western,Mountain West,E&P,Mechanic,1-2 Years,End-of-Life (9+yr),41.52,17.0,0.9,0.0174,1.46,5.1,2,10.0,500.0
WC-002129_202606,2026-06-01,Southern,Gulf Coast,Residential,Mechanic,2-5 Years,Aging (6-8yr),56.74,279.0,0.811,0.0178,3.0,3.6,24,479.0,32985.0
WC-002130_202606,2026-06-01,Southern,Gulf Coast,Commercial,Driver,< 1 Year,Mid-Life (3-5yr),57.71,67.0,0.7398,0.0342,2.03,3.6,11,34.0,2482.0
WC-002131_202606,2026-06-01,Southern,Gulf Coast,Industrial,Operator,1-2 Years,Mid-Life (3-5yr),62.87,29.0,0.8016,0.0259,1.62,3.3,5,10.0,500.0
WC-002132_202606,2026-06-01,Southern,Gulf Coast,E&P,Driver,< 1 Year,Aging (6-8yr),51.28,8.0,0.9251,0.0181,3.12,5.6,4,10.0,500.0
WC-002133_202606,2026-06-01,Southern,Southeast Texas,Residential,Mechanic,2-5 Years,Aging (6-8yr),59.38,267.0,0.8018,0.032,2.69,4.6,12,106.0,7865.0
WC-002134_202606,2026-06-01,Southern,Southeast Texas,Commercial,Mechanic,2-5 Years,Aging (6-8yr),57.21,70.0,0.7331,0.0334,3.78,3.5,14,61.0,4314.0
WC-002135_202606,2026-06-01,Southern,Southeast Texas,Industrial,Driver,1-2 Years,End-of-Life (9+yr),65.11,24.0,0.7998,0.0349,3.42,3.7,5,10.0,500.0
WC-002136_202606,2026-06-01,Southern,Southeast Texas,E&P,Driver,10+ Years,Mid-Life (3-5yr),41.83,11.0,0.8912,0.018,2.27,3.4,3,10.0,500.0
WC-002137_202606,2026-06-01,Southern,Florida Panhandle,Residential,Helper,< 1 Year,Mid-Life (3-5yr),49.39,285.0,0.8037,0.0214,3.18,5.6,8,75.0,4694.0
WC-002138_202606,2026-06-01,Southern,Florida Panhandle,Commercial,Mechanic,2-5 Years,Mid-Life (3-5yr),70.15,81.0,0.7212,0.0257,3.72,4.3,12,54.0,4907.0
WC-002139_202606,2026-06-01,Southern,Florida Panhandle,Industrial,Driver,10+ Years,Aging (6-8yr),57.88,22.0,0.7793,0.0219,1.97,5.0,4,10.0,500.0
WC-002140_202606,2026-06-01,Southern,Florida Panhandle,E&P,Mechanic,10+ Years,End-of-Life (9+yr),43.98,13.0,0.8742,0.0234,3.07,3.6,2,10.0,500.0
WC-002141_202606,2026-06-01,Southern,Carolinas,Residential,Operator,2-5 Years,Aging (6-8yr),45.46,300.0,0.8475,0.032,2.0,5.3,9,84.0,4654.0
WC-002142_202606,2026-06-01,Southern,Carolinas,Commercial,Mechanic,1-2 Years,End-of-Life (9+yr),71.15,86.0,0.7329,0.0242,2.62,4.5,6,22.0,1824.0
WC-002143_202606,2026-06-01,Southern,Carolinas,Industrial,Driver,< 1 Year,End-of-Life (9+yr),66.03,27.0,0.7464,0.0281,3.19,3.2,5,10.0,508.0
WC-002144_202606,2026-06-01,Southern,Carolinas,E&P,Operator,5-10 Years,Mid-Life (3-5yr),44.69,8.0,0.8426,0.0311,2.29,5.6,3,10.0,500.0
WC-002145_202606,2026-06-01,Central,Great Plains,Residential,Driver,1-2 Years,End-of-Life (9+yr),54.55,251.0,0.8628,0.0263,2.12,4.7,20,322.0,20580.0
WC-002146_202606,2026-06-01,Central,Great Plains,Commercial,Driver,< 1 Year,End-of-Life (9+yr),54.2,80.0,0.7673,0.0306,4.2,3.7,10,19.0,1361.0
WC-002147_202606,2026-06-01,Central,Great Plains,Industrial,Driver,< 1 Year,End-of-Life (9+yr),53.68,24.0,0.7554,0.0216,3.15,6.1,3,10.0,500.0
WC-002148_202606,2026-06-01,Central,Great Plains,E&P,Mechanic,10+ Years,End-of-Life (9+yr),54.79,15.0,0.8952,0.0204,2.24,4.5,3,10.0,500.0
WC-002149_202606,2026-06-01,Central,Upper Midwest,Residential,Driver,5-10 Years,Mid-Life (3-5yr),57.89,288.0,0.8252,0.0282,3.27,5.9,18,162.0,11298.0
WC-002150_202606,2026-06-01,Central,Upper Midwest,Commercial,Mechanic,< 1 Year,New (0-2yr),52.18,81.0,0.7316,0.0219,2.86,4.6,5,10.0,674.0
WC-002151_202606,2026-06-01,Central,Upper Midwest,Industrial,Driver,5-10 Years,Aging (6-8yr),53.32,29.0,0.7786,0.0275,2.74,5.4,4,10.0,500.0
WC-002152_202606,2026-06-01,Central,Upper Midwest,E&P,Operator,10+ Years,Mid-Life (3-5yr),44.59,12.0,0.8395,0.0213,2.94,4.8,2,10.0,500.0
WC-002153_202606,2026-06-01,Central,Missouri Valley,Residential,Driver,10+ Years,Mid-Life (3-5yr),43.39,250.0,0.8541,0.0283,2.21,4.0,15,85.0,4565.0
WC-002154_202606,2026-06-01,Central,Missouri Valley,Commercial,Mechanic,1-2 Years,End-of-Life (9+yr),63.03,89.0,0.8137,0.0363,2.45,4.6,8,26.0,2017.0
WC-002155_202606,2026-06-01,Central,Missouri Valley,Industrial,Mechanic,10+ Years,Aging (6-8yr),53.06,27.0,0.7765,0.0254,2.22,3.7,7,14.0,881.0
WC-002156_202606,2026-06-01,Central,Missouri Valley,E&P,Operator,< 1 Year,Aging (6-8yr),49.95,8.0,0.8284,0.0238,1.87,6.1,1,10.0,500.0
WC-002157_202606,2026-06-01,Central,Ozarks,Residential,Helper,2-5 Years,New (0-2yr),54.46,308.0,0.857,0.0177,2.41,4.6,16,296.0,21127.0
WC-002158_202606,2026-06-01,Central,Ozarks,Commercial,Driver,< 1 Year,New (0-2yr),56.22,68.0,0.7419,0.0289,3.41,4.2,12,61.0,4336.0
WC-002159_202606,2026-06-01,Central,Ozarks,Industrial,Driver,5-10 Years,End-of-Life (9+yr),60.34,22.0,0.8582,0.0253,2.28,4.2,6,10.0,500.0
WC-002160_202606,2026-06-01,Central,Ozarks,E&P,Mechanic,5-10 Years,End-of-Life (9+yr),43.22,9.0,0.887,0.0183,2.4,3.9,4,10.0,500.0
WC-002161_202606,2026-06-01,Eastern,Mid-Atlantic,Residential,Mechanic,1-2 Years,Mid-Life (3-5yr),45.03,256.0,0.8365,0.0197,2.01,5.0,11,87.0,4554.0
WC-002162_202606,2026-06-01,Eastern,Mid-Atlantic,Commercial,Helper,5-10 Years,Aging (6-8yr),46.12,93.0,0.9057,0.0222,1.91,5.9,13,52.0,2948.0
WC-002163_202606,2026-06-01,Eastern,Mid-Atlantic,Industrial,Driver,10+ Years,Mid-Life (3-5yr),43.99,36.0,0.9045,0.0258,1.92,6.0,5,14.0,826.0
WC-002164_202606,2026-06-01,Eastern,Mid-Atlantic,E&P,Driver,2-5 Years,End-of-Life (9+yr),43.25,19.0,0.897,0.0223,1.79,4.5,4,10.0,500.0
WC-002165_202606,2026-06-01,Eastern,New England,Residential,Helper,2-5 Years,New (0-2yr),44.95,324.0,0.849,0.0161,2.36,5.6,20,381.0,20356.0
WC-002166_202606,2026-06-01,Eastern,New England,Commercial,Driver,5-10 Years,Aging (6-8yr),45.97,102.0,0.84,0.0311,3.0,6.0,10,43.0,2579.0
WC-002167_202606,2026-06-01,Eastern,New England,Industrial,Driver,2-5 Years,Mid-Life (3-5yr),42.44,32.0,0.8235,0.0255,2.41,4.0,5,10.0,500.0
WC-002168_202606,2026-06-01,Eastern,New England,E&P,Operator,5-10 Years,Aging (6-8yr),45.17,18.0,0.9305,0.0177,2.49,4.8,1,10.0,500.0
WC-002169_202606,2026-06-01,Eastern,Great Lakes,Residential,Driver,5-10 Years,Aging (6-8yr),41.32,331.0,0.9,0.0231,3.14,5.7,9,98.0,5030.0
WC-002170_202606,2026-06-01,Eastern,Great Lakes,Commercial,Operator,2-5 Years,New (0-2yr),48.69,127.0,0.8549,0.0231,2.78,5.7,8,21.0,1212.0
WC-002171_202606,2026-06-01,Eastern,Great Lakes,Industrial,Driver,1-2 Years,Mid-Life (3-5yr),48.46,30.0,0.8638,0.0316,3.59,5.0,3,10.0,500.0
WC-002172_202606,2026-06-01,Eastern,Great Lakes,E&P,Driver,1-2 Years,Mid-Life (3-5yr),53.21,13.0,0.9191,0.0302,2.83,3.7,3,10.0,500.0
WC-002173_202606,2026-06-01,Eastern,Ohio Valley,Residential,Helper,5-10 Years,Mid-Life (3-5yr),52.93,314.0,0.9205,0.0218,1.78,4.8,13,204.0,13584.0
WC-002174_202606,2026-06-01,Eastern,Ohio Valley,Commercial,Mechanic,5-10 Years,Mid-Life (3-5yr),48.96,100.0,0.8313,0.0249,2.9,5.0,10,21.0,1196.0
WC-002175_202606,2026-06-01,Eastern,Ohio Valley,Industrial,Driver,1-2 Years,New (0-2yr),52.66,38.0,0.8441,0.0188,2.59,4.1,5,13.0,768.0
WC-002176_202606,2026-06-01,Eastern,Ohio Valley,E&P,Mechanic,< 1 Year,Aging (6-8yr),38.11,17.0,0.8974,0.021,2.1,4.1,2,10.0,500.0
WC-002177_202606,2026-06-01,Canada,Ontario,Residential,Driver,5-10 Years,New (0-2yr),38.97,290.0,0.8847,0.0239,1.85,6.0,23,237.0,12444.0
WC-002178_202606,2026-06-01,Canada,Ontario,Commercial,Driver,1-2 Years,Mid-Life (3-5yr),41.1,121.0,0.8544,0.0241,3.52,6.2,9,40.0,2035.0
WC-002179_202606,2026-06-01,Canada,Ontario,Industrial,Driver,10+ Years,Mid-Life (3-5yr),48.0,26.0,0.9156,0.0245,2.05,3.9,2,10.0,500.0
WC-002180_202606,2026-06-01,Canada,Ontario,E&P,Mechanic,10+ Years,Mid-Life (3-5yr),48.1,13.0,0.8982,0.0165,2.58,4.5,2,10.0,500.0
WC-002181_202606,2026-06-01,Canada,Alberta,Residential,Helper,5-10 Years,New (0-2yr),43.77,289.0,0.948,0.0195,2.84,5.6,14,241.0,12905.0
WC-002182_202606,2026-06-01,Canada,Alberta,Commercial,Operator,2-5 Years,Mid-Life (3-5yr),44.6,89.0,0.9395,0.0277,2.39,5.3,8,47.0,2647.0
WC-002183_202606,2026-06-01,Canada,Alberta,Industrial,Driver,2-5 Years,Aging (6-8yr),40.43,23.0,0.93,0.0236,2.98,5.0,2,10.0,500.0
WC-002184_202606,2026-06-01,Canada,Alberta,E&P,Mechanic,10+ Years,End-of-Life (9+yr),47.53,17.0,0.8736,0.0279,1.82,6.1,4,10.0,500.0
WC-002185_202606,2026-06-01,Canada,British Columbia,Residential,Operator,5-10 Years,Aging (6-8yr),49.78,245.0,0.958,0.0258,2.73,4.9,12,79.0,5298.0
WC-002186_202606,2026-06-01,Canada,British Columbia,Commercial,Operator,2-5 Years,Mid-Life (3-5yr),40.0,113.0,0.9355,0.0153,2.59,4.2,6,48.0,2563.0
WC-002187_202606,2026-06-01,Canada,British Columbia,Industrial,Driver,2-5 Years,End-of-Life (9+yr),37.21,15.0,0.8995,0.0158,2.43,4.5,4,10.0,500.0
WC-002188_202606,2026-06-01,Canada,British Columbia,E&P,Driver,5-10 Years,Mid-Life (3-5yr),40.79,15.0,0.8941,0.0267,2.04,5.5,2,10.0,500.0
WC-002189_202606,2026-06-01,Canada,Quebec,Residential,Mechanic,2-5 Years,Aging (6-8yr),38.19,312.0,0.8996,0.0288,2.8,6.2,22,198.0,9361.0
WC-002190_202606,2026-06-01,Canada,Quebec,Commercial,Driver,2-5 Years,End-of-Life (9+yr),41.52,116.0,0.9134,0.0159,3.19,4.1,11,49.0,2461.0
WC-002191_202606,2026-06-01,Canada,Quebec,Industrial,Operator,2-5 Years,Mid-Life (3-5yr),45.56,20.0,0.9254,0.0224,1.83,5.6,6,10.0,500.0
WC-002192_202606,2026-06-01,Canada,Quebec,E&P,Driver,5-10 Years,New (0-2yr),49.81,17.0,0.8841,0.0239,3.39,4.5,3,10.0,500.0
WC-002193_202606,2026-06-01,MidSouth,Tennessee Valley,Residential,Mechanic,2-5 Years,New (0-2yr),43.49,270.0,0.8316,0.0178,1.72,4.6,12,168.0,8688.0
WC-002194_202606,2026-06-01,MidSouth,Tennessee Valley,Commercial,Mechanic,< 1 Year,End-of-Life (9+yr),50.63,84.0,0.8506,0.0291,2.05,5.0,9,21.0,1395.0
WC-002195_202606,2026-06-01,MidSouth,Tennessee Valley,Industrial,Driver,< 1 Year,Aging (6-8yr),51.37,29.0,0.8463,0.0327,3.53,3.5,5,10.0,500.0
WC-002196_202606,2026-06-01,MidSouth,Tennessee Valley,E&P,Operator,1-2 Years,Mid-Life (3-5yr),42.6,12.0,0.9114,0.016,1.96,3.6,1,10.0,500.0
WC-002197_202606,2026-06-01,MidSouth,Mississippi Delta,Residential,Driver,10+ Years,Mid-Life (3-5yr),43.22,304.0,0.8824,0.0186,3.33,5.0,12,149.0,7683.0
WC-002198_202606,2026-06-01,MidSouth,Mississippi Delta,Commercial,Mechanic,< 1 Year,End-of-Life (9+yr),49.52,78.0,0.7729,0.0311,1.77,4.5,11,27.0,1654.0
WC-002199_202606,2026-06-01,MidSouth,Mississippi Delta,Industrial,Operator,1-2 Years,Mid-Life (3-5yr),42.59,24.0,0.8411,0.0325,3.02,4.4,7,10.0,500.0
WC-002200_202606,2026-06-01,MidSouth,Mississippi Delta,E&P,Driver,2-5 Years,Aging (6-8yr),46.68,17.0,0.902,0.0229,1.89,3.6,2,10.0,500.0
WC-002201_202606,2026-06-01,MidSouth,Arkansas,Residential,Driver,10+ Years,New (0-2yr),52.88,306.0,0.9083,0.0181,1.66,4.5,16,152.0,9714.0
WC-002202_202606,2026-06-01,MidSouth,Arkansas,Commercial,Mechanic,5-10 Years,End-of-Life (9+yr),59.19,117.0,0.7829,0.0323,2.03,4.3,9,43.0,3431.0
WC-002203_202606,2026-06-01,MidSouth,Arkansas,Industrial,Driver,10+ Years,End-of-Life (9+yr),51.8,24.0,0.8727,0.0228,3.28,3.6,4,10.0,500.0
WC-002204_202606,2026-06-01,MidSouth,Arkansas,E&P,Mechanic,1-2 Years,New (0-2yr),52.17,18.0,0.8679,0.0185,2.25,4.5,3,10.0,500.0
WC-002205_202606,2026-06-01,MidSouth,Oklahoma,Residential,Driver,1-2 Years,Mid-Life (3-5yr),51.67,270.0,0.8286,0.0161,2.03,5.1,24,301.0,19399.0
WC-002206_202606,2026-06-01,MidSouth,Oklahoma,Commercial,Operator,1-2 Years,Mid-Life (3-5yr),44.86,88.0,0.8108,0.0218,3.41,5.6,10,63.0,3466.0
WC-002207_202606,2026-06-01,MidSouth,Oklahoma,Industrial,Driver,< 1 Year,Aging (6-8yr),53.9,35.0,0.816,0.0297,2.72,3.9,6,15.0,1000.0
WC-002208_202606,2026-06-01,MidSouth,Oklahoma,E&P,Mechanic,10+ Years,New (0-2yr),51.61,17.0,0.9046,0.0198,1.84,6.2,1,10.0,500.0
WC-002209_202607,2026-07-01,Western,Pacific Northwest,Residential,Mechanic,1-2 Years,Mid-Life (3-5yr),50.85,303.0,0.9119,0.021,1.76,5.4,10,193.0,11861.0
WC-002210_202607,2026-07-01,Western,Pacific Northwest,Commercial,Mechanic,2-5 Years,Mid-Life (3-5yr),46.53,83.0,0.8631,0.0268,1.59,3.8,5,26.0,1437.0
WC-002211_202607,2026-07-01,Western,Pacific Northwest,Industrial,Driver,2-5 Years,New (0-2yr),42.11,20.0,0.8509,0.0226,2.07,6.2,3,10.0,500.0
WC-002212_202607,2026-07-01,Western,Pacific Northwest,E&P,Driver,5-10 Years,Aging (6-8yr),49.17,17.0,0.8672,0.0185,1.91,5.5,4,10.0,500.0
WC-002213_202607,2026-07-01,Western,Northern California,Residential,Driver,< 1 Year,New (0-2yr),51.71,335.0,0.9147,0.0223,3.0,3.9,19,205.0,14138.0
WC-002214_202607,2026-07-01,Western,Northern California,Commercial,Mechanic,2-5 Years,New (0-2yr),53.85,135.0,0.9246,0.0279,2.3,6.3,8,66.0,4188.0
WC-002215_202607,2026-07-01,Western,Northern California,Industrial,Operator,5-10 Years,End-of-Life (9+yr),47.47,23.0,0.8753,0.0307,1.78,3.9,5,10.0,500.0
WC-002216_202607,2026-07-01,Western,Northern California,E&P,Driver,1-2 Years,Mid-Life (3-5yr),45.24,14.0,0.9224,0.021,3.09,3.7,1,10.0,500.0
WC-002217_202607,2026-07-01,Western,Southern California,Residential,Helper,1-2 Years,New (0-2yr),45.27,252.0,0.8933,0.0173,2.16,3.7,20,298.0,15696.0
WC-002218_202607,2026-07-01,Western,Southern California,Commercial,Mechanic,5-10 Years,Aging (6-8yr),45.54,140.0,0.8701,0.0238,3.05,5.7,5,22.0,1146.0
WC-002219_202607,2026-07-01,Western,Southern California,Industrial,Driver,2-5 Years,Mid-Life (3-5yr),50.7,28.0,0.8806,0.024,1.35,5.5,6,10.0,582.0
WC-002220_202607,2026-07-01,Western,Southern California,E&P,Driver,10+ Years,Mid-Life (3-5yr),46.02,15.0,0.8599,0.0237,1.98,5.3,2,10.0,500.0
WC-002221_202607,2026-07-01,Western,Mountain West,Residential,Operator,10+ Years,Aging (6-8yr),46.8,290.0,0.8763,0.0251,1.97,6.2,17,387.0,23623.0
WC-002222_202607,2026-07-01,Western,Mountain West,Commercial,Operator,5-10 Years,Mid-Life (3-5yr),48.02,139.0,0.8205,0.0195,2.93,4.7,10,35.0,2216.0
WC-002223_202607,2026-07-01,Western,Mountain West,Industrial,Driver,5-10 Years,Aging (6-8yr),41.25,25.0,0.8501,0.0248,2.36,4.0,3,10.0,500.0
WC-002224_202607,2026-07-01,Western,Mountain West,E&P,Mechanic,2-5 Years,New (0-2yr),52.85,9.0,0.9068,0.0161,2.81,5.7,2,10.0,500.0
WC-002225_202607,2026-07-01,Southern,Gulf Coast,Residential,Mechanic,< 1 Year,Aging (6-8yr),54.63,240.0,0.8111,0.0246,2.21,4.9,21,221.0,15252.0
WC-002226_202607,2026-07-01,Southern,Gulf Coast,Commercial,Driver,< 1 Year,Aging (6-8yr),69.28,77.0,0.6334,0.0403,3.39,4.7,11,39.0,3444.0
WC-002227_202607,2026-07-01,Southern,Gulf Coast,Industrial,Driver,1-2 Years,Aging (6-8yr),71.81,23.0,0.7248,0.0377,3.26,3.7,2,10.0,500.0
WC-002228_202607,2026-07-01,Southern,Gulf Coast,E&P,Driver,1-2 Years,Aging (6-8yr),52.79,15.0,0.8732,0.0314,2.5,4.8,2,10.0,500.0
WC-002229_202607,2026-07-01,Southern,Southeast Texas,Residential,Helper,< 1 Year,End-of-Life (9+yr),60.05,245.0,0.7737,0.0261,2.4,4.1,23,432.0,31620.0
WC-002230_202607,2026-07-01,Southern,Southeast Texas,Commercial,Driver,< 1 Year,End-of-Life (9+yr),82.89,89.0,0.6575,0.0437,3.43,4.8,8,21.0,2296.0
WC-002231_202607,2026-07-01,Southern,Southeast Texas,Industrial,Driver,< 1 Year,Aging (6-8yr),72.72,26.0,0.7307,0.0294,2.87,3.9,2,10.0,500.0
WC-002232_202607,2026-07-01,Southern,Southeast Texas,E&P,Mechanic,5-10 Years,Aging (6-8yr),44.66,10.0,0.8746,0.0249,1.89,3.6,1,10.0,500.0
WC-002233_202607,2026-07-01,Southern,Florida Panhandle,Residential,Driver,10+ Years,Aging (6-8yr),57.88,204.0,0.7742,0.02,3.62,4.2,8,85.0,6465.0
WC-002234_202607,2026-07-01,Southern,Florida Panhandle,Commercial,Driver,< 1 Year,End-of-Life (9+yr),82.67,61.0,0.6448,0.0289,3.74,3.6,11,15.0,1491.0
WC-002235_202607,2026-07-01,Southern,Florida Panhandle,Industrial,Operator,< 1 Year,Mid-Life (3-5yr),71.94,10.0,0.7067,0.0227,2.37,3.9,6,10.0,500.0
WC-002236_202607,2026-07-01,Southern,Florida Panhandle,E&P,Driver,1-2 Years,End-of-Life (9+yr),50.89,11.0,0.8255,0.0326,1.71,6.0,3,10.0,500.0
WC-002237_202607,2026-07-01,Southern,Carolinas,Residential,Driver,< 1 Year,Mid-Life (3-5yr),56.43,229.0,0.8046,0.0247,3.28,5.3,12,212.0,13943.0
WC-002238_202607,2026-07-01,Southern,Carolinas,Commercial,Mechanic,5-10 Years,Aging (6-8yr),76.23,60.0,0.6491,0.0425,2.68,2.9,9,36.0,3617.0
WC-002239_202607,2026-07-01,Southern,Carolinas,Industrial,Driver,10+ Years,Aging (6-8yr),67.47,18.0,0.7236,0.0351,2.22,5.5,7,10.0,500.0
WC-002240_202607,2026-07-01,Southern,Carolinas,E&P,Driver,< 1 Year,End-of-Life (9+yr),46.41,11.0,0.8643,0.0198,2.03,5.7,4,10.0,500.0
WC-002241_202607,2026-07-01,Central,Great Plains,Residential,Driver,< 1 Year,New (0-2yr),57.56,288.0,0.8613,0.0267,3.48,4.6,11,73.0,4917.0
WC-002242_202607,2026-07-01,Central,Great Plains,Commercial,Driver,2-5 Years,End-of-Life (9+yr),64.87,90.0,0.6792,0.0354,2.86,5.4,6,16.0,1296.0
WC-002243_202607,2026-07-01,Central,Great Plains,Industrial,Driver,1-2 Years,End-of-Life (9+yr),65.79,32.0,0.7794,0.0339,3.89,4.8,6,10.0,500.0
WC-002244_202607,2026-07-01,Central,Great Plains,E&P,Mechanic,< 1 Year,New (0-2yr),54.72,13.0,0.8635,0.0194,2.35,5.1,4,10.0,500.0
WC-002245_202607,2026-07-01,Central,Upper Midwest,Residential,Driver,< 1 Year,New (0-2yr),53.54,278.0,0.8374,0.0258,1.72,4.1,21,171.0,11221.0
WC-002246_202607,2026-07-01,Central,Upper Midwest,Commercial,Operator,1-2 Years,New (0-2yr),65.41,58.0,0.6753,0.0342,3.44,3.9,11,51.0,4174.0
WC-002247_202607,2026-07-01,Central,Upper Midwest,Industrial,Driver,< 1 Year,Aging (6-8yr),65.79,22.0,0.7757,0.0353,3.04,4.3,2,10.0,500.0
WC-002248_202607,2026-07-01,Central,Upper Midwest,E&P,Driver,2-5 Years,Mid-Life (3-5yr),43.11,12.0,0.8897,0.0192,2.64,3.4,2,10.0,500.0
WC-002249_202607,2026-07-01,Central,Missouri Valley,Residential,Driver,2-5 Years,Aging (6-8yr),57.35,256.0,0.8311,0.0305,1.78,5.6,15,171.0,11756.0
WC-002250_202607,2026-07-01,Central,Missouri Valley,Commercial,Driver,5-10 Years,Aging (6-8yr),68.4,88.0,0.7452,0.0413,3.32,5.3,14,87.0,7965.0
WC-002251_202607,2026-07-01,Central,Missouri Valley,Industrial,Driver,< 1 Year,Aging (6-8yr),65.82,17.0,0.7652,0.0236,1.9,4.5,5,10.0,531.0
WC-002252_202607,2026-07-01,Central,Missouri Valley,E&P,Driver,1-2 Years,Mid-Life (3-5yr),54.42,11.0,0.8492,0.0172,3.19,5.4,2,10.0,500.0
WC-002253_202607,2026-07-01,Central,Ozarks,Residential,Driver,1-2 Years,End-of-Life (9+yr),52.47,290.0,0.7876,0.0314,1.9,6.2,24,495.0,31501.0
WC-002254_202607,2026-07-01,Central,Ozarks,Commercial,Operator,5-10 Years,End-of-Life (9+yr),75.84,65.0,0.712,0.0281,2.05,4.9,5,11.0,1017.0
WC-002255_202607,2026-07-01,Central,Ozarks,Industrial,Driver,5-10 Years,New (0-2yr),55.85,18.0,0.7659,0.027,3.65,3.7,3,10.0,500.0
WC-002256_202607,2026-07-01,Central,Ozarks,E&P,Driver,5-10 Years,End-of-Life (9+yr),48.74,15.0,0.8675,0.0196,2.69,5.8,3,10.0,500.0
WC-002257_202607,2026-07-01,Eastern,Mid-Atlantic,Residential,Driver,1-2 Years,New (0-2yr),48.35,271.0,0.9027,0.0271,3.2,5.2,24,267.0,14910.0
WC-002258_202607,2026-07-01,Eastern,Mid-Atlantic,Commercial,Driver,10+ Years,New (0-2yr),45.03,107.0,0.8111,0.0197,2.5,3.7,9,45.0,2555.0
WC-002259_202607,2026-07-01,Eastern,Mid-Atlantic,Industrial,Driver,5-10 Years,New (0-2yr),58.08,36.0,0.8765,0.0253,3.17,5.8,2,10.0,500.0
WC-002260_202607,2026-07-01,Eastern,Mid-Atlantic,E&P,Driver,2-5 Years,End-of-Life (9+yr),46.05,14.0,0.9358,0.0202,2.13,6.2,1,10.0,500.0
WC-002261_202607,2026-07-01,Eastern,New England,Residential,Driver,1-2 Years,Aging (6-8yr),48.83,256.0,0.8728,0.0266,1.82,3.9,19,287.0,18731.0
WC-002262_202607,2026-07-01,Eastern,New England,Commercial,Driver,< 1 Year,Aging (6-8yr),44.46,75.0,0.894,0.0244,3.7,4.4,9,23.0,1291.0
WC-002263_202607,2026-07-01,Eastern,New England,Industrial,Operator,2-5 Years,Mid-Life (3-5yr),48.22,25.0,0.8412,0.0298,2.26,3.5,7,10.0,548.0
WC-002264_202607,2026-07-01,Eastern,New England,E&P,Driver,5-10 Years,New (0-2yr),50.12,9.0,0.8691,0.0253,2.86,6.1,3,10.0,500.0
WC-002265_202607,2026-07-01,Eastern,Great Lakes,Residential,Mechanic,5-10 Years,New (0-2yr),44.56,323.0,0.8314,0.0164,2.25,6.3,8,203.0,10671.0
WC-002266_202607,2026-07-01,Eastern,Great Lakes,Commercial,Mechanic,1-2 Years,Mid-Life (3-5yr),58.28,113.0,0.877,0.0308,2.32,5.3,7,40.0,3150.0
WC-002267_202607,2026-07-01,Eastern,Great Lakes,Industrial,Operator,5-10 Years,New (0-2yr),58.81,18.0,0.8441,0.0307,2.53,6.2,5,10.0,500.0
WC-002268_202607,2026-07-01,Eastern,Great Lakes,E&P,Driver,5-10 Years,Aging (6-8yr),48.06,11.0,0.874,0.0175,1.69,5.9,2,10.0,500.0
WC-002269_202607,2026-07-01,Eastern,Ohio Valley,Residential,Driver,2-5 Years,Aging (6-8yr),51.46,312.0,0.9162,0.0242,3.14,5.2,11,236.0,15934.0
WC-002270_202607,2026-07-01,Eastern,Ohio Valley,Commercial,Driver,< 1 Year,Aging (6-8yr),49.1,126.0,0.8426,0.0324,2.13,5.8,5,31.0,1984.0
WC-002271_202607,2026-07-01,Eastern,Ohio Valley,Industrial,Driver,< 1 Year,Mid-Life (3-5yr),54.26,26.0,0.8598,0.0204,2.87,5.2,4,10.0,500.0
WC-002272_202607,2026-07-01,Eastern,Ohio Valley,E&P,Operator,5-10 Years,New (0-2yr),48.26,8.0,0.8445,0.0199,3.18,5.5,2,10.0,500.0
WC-002273_202607,2026-07-01,Canada,Ontario,Residential,Operator,1-2 Years,End-of-Life (9+yr),40.16,281.0,0.9307,0.024,2.46,4.6,14,184.0,9805.0
WC-002274_202607,2026-07-01,Canada,Ontario,Commercial,Driver,10+ Years,Aging (6-8yr),40.47,118.0,0.8793,0.0156,1.42,3.8,11,29.0,1450.0
WC-002275_202607,2026-07-01,Canada,Ontario,Industrial,Helper,2-5 Years,New (0-2yr),47.12,24.0,0.9362,0.0269,3.53,3.9,3,10.0,500.0
WC-002276_202607,2026-07-01,Canada,Ontario,E&P,Driver,5-10 Years,End-of-Life (9+yr),43.64,20.0,0.9107,0.0217,2.2,4.4,4,10.0,500.0
WC-002277_202607,2026-07-01,Canada,Alberta,Residential,Driver,< 1 Year,New (0-2yr),46.88,291.0,0.8918,0.0201,2.17,6.0,13,270.0,16806.0
WC-002278_202607,2026-07-01,Canada,Alberta,Commercial,Mechanic,10+ Years,End-of-Life (9+yr),41.49,115.0,0.9599,0.0248,1.53,3.5,7,57.0,2729.0
WC-002279_202607,2026-07-01,Canada,Alberta,Industrial,Helper,1-2 Years,Mid-Life (3-5yr),43.49,33.0,0.8775,0.024,1.61,5.8,6,10.0,500.0
WC-002280_202607,2026-07-01,Canada,Alberta,E&P,Driver,1-2 Years,New (0-2yr),43.57,10.0,0.9256,0.0199,1.89,5.5,2,10.0,500.0
WC-002281_202607,2026-07-01,Canada,British Columbia,Residential,Operator,1-2 Years,Aging (6-8yr),49.87,337.0,0.9134,0.0217,2.06,5.9,18,401.0,24336.0
WC-002282_202607,2026-07-01,Canada,British Columbia,Commercial,Driver,1-2 Years,Aging (6-8yr),45.74,94.0,0.9574,0.0268,3.5,4.8,14,39.0,2237.0
WC-002283_202607,2026-07-01,Canada,British Columbia,Industrial,Driver,5-10 Years,Aging (6-8yr),51.92,37.0,0.9621,0.0227,1.84,6.7,7,12.0,781.0
WC-002284_202607,2026-07-01,Canada,British Columbia,E&P,Driver,2-5 Years,Aging (6-8yr),38.64,20.0,0.9038,0.0219,2.98,5.1,2,10.0,500.0
WC-002285_202607,2026-07-01,Canada,Quebec,Residential,Mechanic,10+ Years,End-of-Life (9+yr),43.1,323.0,0.8353,0.0247,3.29,5.5,8,90.0,5229.0
WC-002286_202607,2026-07-01,Canada,Quebec,Commercial,Helper,2-5 Years,Mid-Life (3-5yr),41.07,149.0,0.8987,0.0198,2.6,4.3,14,88.0,4588.0
WC-002287_202607,2026-07-01,Canada,Quebec,Industrial,Helper,5-10 Years,End-of-Life (9+yr),43.44,34.0,0.9771,0.0179,1.64,5.4,6,10.0,537.0
WC-002288_202607,2026-07-01,Canada,Quebec,E&P,Driver,1-2 Years,Mid-Life (3-5yr),40.49,20.0,0.9483,0.0261,2.03,4.0,3,10.0,500.0
WC-002289_202607,2026-07-01,MidSouth,Tennessee Valley,Residential,Driver,5-10 Years,Aging (6-8yr),55.6,275.0,0.8969,0.0287,2.21,3.4,14,208.0,14847.0
WC-002290_202607,2026-07-01,MidSouth,Tennessee Valley,Commercial,Mechanic,5-10 Years,Aging (6-8yr),59.55,117.0,0.7663,0.0325,1.89,5.0,9,29.0,2073.0
WC-002291_202607,2026-07-01,MidSouth,Tennessee Valley,Industrial,Driver,5-10 Years,Aging (6-8yr),55.68,32.0,0.8416,0.0243,3.39,3.3,6,10.0,500.0
WC-002292_202607,2026-07-01,MidSouth,Tennessee Valley,E&P,Driver,2-5 Years,End-of-Life (9+yr),46.94,16.0,0.8848,0.0246,2.85,6.0,1,10.0,500.0
WC-002293_202607,2026-07-01,MidSouth,Mississippi Delta,Residential,Driver,5-10 Years,Aging (6-8yr),43.19,318.0,0.8354,0.0233,3.29,5.7,16,195.0,11269.0
WC-002294_202607,2026-07-01,MidSouth,Mississippi Delta,Commercial,Driver,10+ Years,Mid-Life (3-5yr),66.63,92.0,0.8331,0.0342,1.95,4.5,11,32.0,2749.0
WC-002295_202607,2026-07-01,MidSouth,Mississippi Delta,Industrial,Driver,5-10 Years,New (0-2yr),56.52,33.0,0.855,0.0345,1.64,4.5,6,10.0,588.0
WC-002296_202607,2026-07-01,MidSouth,Mississippi Delta,E&P,Driver,10+ Years,New (0-2yr),45.45,12.0,0.8532,0.0276,2.78,5.7,3,10.0,500.0
WC-002297_202607,2026-07-01,MidSouth,Arkansas,Residential,Driver,2-5 Years,Mid-Life (3-5yr),59.41,262.0,0.8109,0.0267,2.37,3.6,13,82.0,5749.0
WC-002298_202607,2026-07-01,MidSouth,Arkansas,Commercial,Driver,< 1 Year,Mid-Life (3-5yr),52.15,69.0,0.8161,0.0354,2.21,4.3,9,23.0,1401.0
WC-002299_202607,2026-07-01,MidSouth,Arkansas,Industrial,Operator,< 1 Year,Aging (6-8yr),63.45,19.0,0.8359,0.0282,2.23,4.7,4,10.0,500.0
WC-002300_202607,2026-07-01,MidSouth,Arkansas,E&P,Mechanic,2-5 Years,Aging (6-8yr),50.19,9.0,0.8598,0.0202,2.4,6.0,3,10.0,500.0
WC-002301_202607,2026-07-01,MidSouth,Oklahoma,Residential,Operator,< 1 Year,Mid-Life (3-5yr),43.57,242.0,0.882,0.0313,3.45,5.2,8,150.0,8057.0
WC-002302_202607,2026-07-01,MidSouth,Oklahoma,Commercial,Mechanic,1-2 Years,Aging (6-8yr),60.87,116.0,0.7907,0.0277,3.06,4.2,5,31.0,2341.0
WC-002303_202607,2026-07-01,MidSouth,Oklahoma,Industrial,Mechanic,5-10 Years,Mid-Life (3-5yr),47.27,35.0,0.8962,0.0199,2.01,5.8,4,10.0,500.0
WC-002304_202607,2026-07-01,MidSouth,Oklahoma,E&P,Mechanic,5-10 Years,End-of-Life (9+yr),51.77,12.0,0.8635,0.028,3.24,5.4,4,10.0,500.0
